ResponseId,party,open_ingroup,open_outgroup,in_middle_class,in_hardworking,in_reasonable,in_normal_ordinary,in_family_values,in_freedom,in_responsibility,in_similar_same,in_uneducated,in_selfish,in_disinformation,in_easily_influenced,in_rich_elite,in_populist,in_party_ano,in_party_spd,in_party_government,in_dont_know,in_tolerant,out_middle_class,out_hardworking,out_reasonable,out_normal_ordinary,out_family_values,out_freedom,out_responsibility,out_similar_same,out_uneducated,out_selfish,out_disinformation,out_easily_influenced,out_rich_elite,out_populist,out_party_ano,out_party_spd,out_party_government,out_dont_know,out_tolerant
R_8YWZCGjcRk3Jz3Y,ANO,Vytrvalý ke všemu. Postoj je všemu co má logiku ,Povaha a chování k lidem. Postoj k pozitivite,0,0,1,0,0,0,0,0,0,0,0,0,0,0,0,0,0,0,0,0,0,0,0,0,0,0,0,0,0,0,0,0,0,0,0,0,0,0
R_8cbkJWBM3ovdnVv,ODS,"většinou jsou to lidé se kterými mám společného více než jen politické přesvědčení. Aktivní, úspěšní, 
",Jsou to prostě jen lidi s odlišným názorem,0,0,0,0,0,0,0,1,0,0,0,0,0,0,0,0,0,0,0,0,0,0,0,0,0,0,0,0,0,0,0,0,0,0,0,0,0,0
R_2dLzeylrMxEul48,ANO,"Jsou super, dá se s nima dohodnout ",Mě tohle lidé vůbec nezajímají ,0,0,0,0,0,0,0,0,0,0,0,0,0,0,0,0,0,0,0,0,0,0,0,0,0,0,0,0,0,0,0,0,0,0,0,0,0,0
R_8qQhZrKE0tRzz1Q,ODS,Vysokoškoláci či lidé s maturitním vzděláním s průměrnými či nprůměrnými příjmy,"Nejvíce se mé názory liší od lidí důchodového věku s podprůměrnými příjmy, či lidí se základním vzděláním s podprůměrnými příjmy",1,0,0,0,0,0,0,0,0,0,0,0,0,0,0,0,0,0,0,0,0,0,0,0,0,0,0,0,0,0,0,0,0,0,0,0,0,0
R_80Bfuw18cVJOOvD,Pirati,Mají rozhled a vidí do budoucna.,"Primitivové, kteří nevidí souvislosti.",0,0,0,0,0,0,0,0,0,0,0,0,0,0,0,0,0,0,0,0,0,0,0,0,0,0,0,0,0,0,0,0,0,0,0,0,0,0
R_2BJHfQ6HoAdI98d,ANO,"S těmito lidmi vycházím velmi dobře, co se týče politiky, máme si hodně co říct, většinou se shodneme. Jsou to lidi, co také chtějí, aby na prvním místě byli oni a pak teprve migranti, válka atd. ","Záleželo by asi i na věku dotyčných osob, mladší mají jiní názory než když jsou pak starší. To že volí někoho jiného než já pro mně není problém, každý volí podle vlastního uvážení. Mám přátelé co mají stejné názory a volí ty samé co já a pak mám přátelé se kterými se sice neshodnu, ale přátelé i tak jsme protože až na jejich volbu jsou fajn. Když byli volby prezidenta České republiky, většina z nich volila Andreje Babiše, ne kvůli tomu že by ho měli v oblibě ale kvůli tomu, že nechtěli válku. Já bych taky radši pana Babiše. Pan prezident Pavel je bývalý generál, tam je jisté, že se do války hrne. Bylo to tak v historii snad pokaždé. Takže tím, že vyhrál pan Pavel, jsem si jistá, že nakonec válka bude. Koalice Spolu také slibovala hory doly a místo toho podporují válku. Takže lidí kteří volili pana Pavla a Spolu, mám sice takové přátelé ale skrze jejich volbu si také moc nerozumíme. Česká republika by měla volit takové kandidáty, co budou hledět na ČESKÉ občany a ne na občany jiných zemí. To ale bohužel tady není. ",0,0,0,0,0,0,0,0,0,0,0,0,0,0,0,0,0,0,0,0,0,0,0,0,0,0,0,0,0,0,0,0,0,1,0,1,0,0
R_2vY5qkqbwBJ4ugG,Other,Vyměnit všechny politiky ,Nevím moc mě politické názory nezajímají ,0,0,0,0,0,0,0,0,0,0,0,0,0,0,0,0,0,0,0,0,0,0,0,0,0,0,0,0,0,0,0,0,0,0,0,0,1,0
R_8PpMXzrmrypjecM,,"nevím, o politice se s nikým nebavím","nevím, o politice se s lidmi nebavím",0,0,0,0,0,0,0,0,0,0,0,0,0,0,0,0,0,1,0,0,0,0,0,0,0,0,0,0,0,0,0,0,0,0,0,0,1,0
R_2fjR1kf45rwjlne,KSCM,Mě spíš zajímá proč se USAci o nás tolik zajímají. Kam USA šlape je problém či valka,Mají svobodné právo mít jiný názor. ,0,0,0,0,0,0,0,0,0,0,0,0,0,0,0,0,0,0,0,0,0,0,0,0,1,0,0,0,0,0,0,0,0,0,0,0,0,0
R_2TYwdxfTkSAjhXR,ODS,"Jsou to lidé, kterým není lhostejná budoucnost tohoto státu a Evropy. Jsou ochotni se ""uskrovnit"" a jsou schopni se postarat o sebe a nespoléhají, že za ně všechno stát vyřeší. Nečerpají žádné sociální dávky a chtějí ""štíhlejší"" stát.","Mně nevadí lidé s jiným politickým názorem, pokud se kvůli tomu nechovají arogantně. Vadí mi směrování populistických stran, které strhávají voliče příslibem nereálných cílů a v horším případě dělají velké zbytečné dluhy, pokud jsou zvoleni (Ano)",0,0,0,0,0,0,0,0,0,0,0,0,0,0,0,0,0,0,0,0,0,0,0,0,0,0,0,0,0,0,0,0,1,1,0,0,0,0
R_8CdPw8w17DyefwD,Other,"Nejsou vyhraněni jedné straně, jedné politické ""ikoně"". Vždy volí podle aktuální situace, blízkého výhledu a programu, se kterým přijde strana či jednotlivec. Jsme ochotni dělat kompromisy. Nechceme jednorázové a dočasné řešení trvající jedno volební období . Akceptujeme nutnost vyvažování pravice a levice.","Věří slepě a bezmyšlenkovitě frázím, které hlásá jejich strana či jejich ""ikona"". Nepřemýšlí v širším záběru a nejsou ochotni připustit, že se jejich filozofie mýlí.  ",0,0,0,0,0,0,0,0,0,0,0,0,0,0,0,0,0,0,1,0,0,0,0,0,0,0,0,0,0,0,0,0,0,0,0,0,0,0
R_8HqqXNpkH0MMe5y,ANO,Jsou to lidé kteří vnímají dnešní dění a jsou nespokojení ,Každý máme svůj názor ,0,0,0,0,0,0,0,0,0,0,0,0,0,0,0,0,0,0,0,0,0,0,0,0,0,0,0,0,0,0,0,0,0,0,0,0,0,0
R_2y8FpkDzM13jWfJ,ANO,nic........................ ............. ............. ,knifbzdv...........................,0,0,0,0,0,0,0,0,0,0,0,0,0,0,0,0,0,0,0,0,0,0,0,0,0,0,0,0,0,0,0,0,0,0,0,0,0,0
R_2SasjyoTG8nUeaZ,STAN,"normání týpci, střední vrstva","extrémně chudí, extrémně bohatí",1,0,0,0,0,0,0,0,0,0,0,0,0,0,0,0,0,0,0,0,0,0,0,0,0,0,0,0,0,0,0,1,0,0,0,0,0,0
R_8nOe4pnWUL5YBla,ANO,"Nevím, netuším. Opravdu nevím, co napsat ","Nevím, netuším. Nevím, co napsat ",0,0,0,0,0,0,0,0,0,0,0,0,0,0,0,0,0,1,0,0,0,0,0,0,0,0,0,0,0,0,0,0,0,0,0,0,1,0
R_8gAzgMd4l1qktoJ,,"lidé pravicového myšlení, odmítající populismus a estremismus","jsou to sociálně slabší lidé s nižším vzděláním, snadno ovlivnitelní",0,0,0,0,0,0,0,0,0,0,0,0,0,0,0,0,0,0,0,0,0,0,0,0,0,0,0,0,0,0,1,0,0,0,0,0,0,0
R_8MbzWkXs9QJ0b7z,,Nerozlišuji lidi podle politického zaměření,Nerozlišuji lidi podle politického zaměření,0,0,0,0,0,0,0,0,0,0,0,0,0,0,0,0,0,0,0,0,0,0,0,0,0,0,0,0,0,0,0,0,0,0,0,0,0,0
R_8MQWXX7cxxLDCQH,,"Tito lidé jsou inteligentní. Nad věcmi přemýšlí, vidí ve věcech širší souvislosti.","Jsou to lidé pochybné inteligence. Věří všemu, co se jim v televizi naservíruje. O věcech moc nepřemýšlí. Nemají rozhled.",0,0,0,0,0,0,0,0,0,0,0,0,0,0,0,0,0,0,0,0,0,0,0,0,0,0,0,0,0,0,0,0,0,0,0,0,0,0
R_22CblssvEUUNhIJ,STAN,"Přátelští, nekonfliktní, zastávající názor. který nevnucují","Pokud jsou  slušní, nemám s nimi problém, že ZASTÁVAJÍ JINÝ NÁZOR",0,0,0,0,0,0,0,0,0,0,0,0,0,0,0,0,0,0,0,0,0,0,0,0,0,0,0,0,0,0,0,0,0,0,0,0,0,0
R_24kgJyRse1oUs7H,Pirati,Vzdělaní liberálně smýšlející jedinci ,Lidé nespokojeni se svým životem a rozzlobení protože neví jak dál ,0,0,0,0,0,0,0,0,0,0,0,0,0,0,0,0,0,0,0,0,0,0,0,0,0,0,0,0,0,0,0,0,0,0,0,0,0,0
R_8F2Uz2KhthwKgyJ,ANO,"Lidé, kteří se stále řídí masarykovským ""nebát se a nekrást"". Ať podnikají nebo jsou zaměstnaní, zajímavá práce je pro ně to hlavní a výraz ""řídit republiku jako firmu"" jim připadá jako vhodná forma řešení problémů - ani levice, ani pravice, ale technokratický pragmatický přístup. Jsou to lidé, kteří poctivě pracovali a starali se o své rodiny v dobách reálného socialismu a po krátkém otřesu z happeningu v r. 1989 pracují a starají se i nyní. ","Osoby, které maximalizují zisk jako nejvyšší hodnotu v životě, tedy podle převládajícího hodnocení ""velmi úspěšní lidé"". Spojení ""etika v podnikání"" je pro ně protimluv. Typicky lidé, kteří v devadesátkách zbohatli, rozdíl mezi čistými a špinavými penězi nevidí, a pokud ano, zorganizovali účinné čistírny peněz. Většinou jsou to voliči ODS nebo některých dalších stran, které prohrály poslední volby a musely se spojit, aby přehlasovaly vítězné ANO.",0,1,0,0,1,0,0,0,0,0,0,0,0,0,0,0,0,0,0,0,0,0,0,0,0,0,0,0,0,0,0,0,0,1,0,1,0,0
R_2BY62YWLxESNO45,Other,"Takový lidé nejsou lhostejní k naší republice. Záleží jim na tom, abychom byli samostatná republika, ktera ekonomicky roste a je schopna se postarat o své obyvatele. Jsou to lidé s citem pro zodpovědnost, pracovitost, upřímnost a toleranci. ","Tito lidé jsou naivní, nemají rádi změny jak politické, tak spolecenske. Řekla bych, že jsou možná ani sami nevědí, co vlastně od života očekávají. Ale i přesto, tyto lidi respektuji.",0,1,0,0,0,0,1,0,0,0,0,0,0,0,0,0,0,0,0,0,0,0,0,0,0,0,0,0,0,0,1,0,0,0,0,0,0,1
R_22WABIxzF55PI8e,STAN,"Jsou to fajn lidi, co respektuji ostatní ","Nejsou to vědomé osoby, které nemají rádi lidská práva ",0,0,0,0,0,0,0,0,0,0,0,0,0,0,0,0,0,0,1,0,0,0,0,0,0,0,0,0,0,0,0,0,0,0,0,0,0,0
R_8FLDLzx4qbtFgqo,STAN,Rada s nimi diskutuji o tomto tematu,"Zalezi na tom, jak danou osobu znam, pokud ji znam blize, jina politicka orientace mi nevadi, ale snazim se tomuto tematu vyhybat",0,0,0,0,0,0,0,0,0,0,0,0,0,0,0,0,0,0,0,0,0,0,0,0,0,0,0,0,0,0,0,0,0,0,0,0,0,0
R_2RPRq4ovrE7ahRR,STAN,Jako rozumní lidi co mají nadledl nad společností ,"Mají nesmyslné nsvrhy a cse vidí cerne. Vse špatně 
",0,0,1,0,0,0,0,1,0,0,0,0,0,0,0,0,0,0,0,0,0,0,0,0,0,0,0,0,0,0,0,0,0,0,0,0,0,0
R_29uLtddhAELcSYx,ANO,mají stejné nebo podobné názory a jsou schopni uznat názory jiných,"jsou to fanatici, kteří nepřipustí jiný názor",0,0,0,0,0,0,0,0,0,0,0,0,0,0,0,0,0,0,0,0,0,0,0,0,0,0,0,0,0,0,0,0,0,0,0,0,0,0
R_2agjlQEmNzGZgnD,ANO,"Opět musím konstatovat,mají právo na svůj názor a mohou se s mým názorem ztotožnit.budou mi sympatičtí.","Je to jejich právo,žijeme ve svobodné zemi,aspoň v to doufam",0,0,0,0,0,0,0,0,0,0,0,0,0,0,0,0,0,0,0,0,0,0,0,0,1,0,0,0,0,0,0,0,0,0,0,0,0,0
R_81T1WQiXajzzrSZ,ANO,"Důchodci, kterým tato vláda ukradla podvodně zákonné navýšení duchodu a změnila záměrně zákon ","Ti, co jsou nadšeni že zrušení ET a tím připravili státní rozpočet o hodně peněz a umožnili nepoctivým podnikatelům okrádat stát o daně ",0,0,0,0,0,0,0,0,0,0,0,0,0,0,0,0,1,0,0,0,0,0,0,0,0,0,0,0,0,0,0,0,0,0,0,0,0,0
R_2jZhtZNe5untPLD,ODS,"Jsou schopni vést dialog a naslouchat názoru diskutujícím.
Předpokládám znalost základních pojmů a chápání diskutovaného problému
Očekávám slušnost a vzájemnou úctu bez ohledu na postavení účastníků diskuse.","Arogance a neochota naslouchat každému kdo má jiný názor.
Neznalost základních pojmů jako je demokracie nebo svoboda. Většina z nich se zaštiťuje těmito pojmy (demokracie a svoboda), ale sami absolutně netuší, co tato slova znamenají! 
Naprostá neschopnost vést dialog a každým, kdo má jiný názor!",0,0,0,0,0,0,0,0,0,0,0,0,0,0,0,0,0,0,0,0,0,0,0,0,1,0,0,0,0,0,0,0,0,0,0,0,0,0
R_2tKg6ZOWz45oI2e,,Podporují rovnoprávnost manželství pro všechny. Adopci gayů. Doživotní tresty za sexuální zneužívání dětí a znásilnění. Podporuje českou korunu. Zavedl by znovu Trest smrti. K volbám nechodí protože jeden hlas nemůže ovlivnit názor většiny v této zemi plné ovcí. ,Zatvrzele ovce žijící v minulosti mající klapky na očích.,0,0,0,0,0,0,0,0,0,0,0,1,0,0,0,0,0,0,0,0,0,0,0,0,0,0,0,0,0,0,0,0,0,0,0,0,0,0
R_2JUSZ8kauGhRdgB,,nevím co mám napsat. nevím nevím,dfgsdfgdfgsdfgadfgadfgadfgadfgadfgagagadfgadf,0,0,0,0,0,0,0,0,0,0,0,0,0,0,0,0,0,1,0,0,0,0,0,0,0,0,0,0,0,0,0,0,0,0,0,0,0,0
R_2Ebwj4cLQw6d0FH,ANO,"lidé mírní, neagresivní, rádi pomáhají druhým, ochotní druhým vzdy pomoci","lidé vysoce postavení zamestnáním OSVC, vyšší příjmy, se zájmem rozsirovat svuj majetek",0,0,0,0,0,0,0,0,0,0,0,0,0,0,0,0,0,0,0,0,0,0,0,0,0,0,0,0,0,0,0,0,0,0,0,0,0,0
R_2aT3BNVdNTryLhT,ODS,"Osoby, které podporují rodiny s dětmi a nenechají je žít z almužny. Zajímají se o ekologii a životní prostředí.","Je jím společnost, lidé a příroda lhostejní.",0,0,0,0,1,0,0,0,0,0,0,0,0,0,0,0,0,0,0,0,0,0,0,0,0,0,1,0,0,0,0,0,0,0,0,0,0,0
R_81pSSiGmWyLu1lr,,"Myslí hlavou. Dívají se, hodnotí a analyzují z více pohledů situaci. Mluví pravdu a nelžou. Vychází z faktů a nelze svých přání. Nelezou někam.","Nemyslí, ale papouškují je to co jim někdo nechystá. Chtějí se zavděčit. ",0,0,0,0,0,0,0,0,0,0,0,0,0,0,0,0,0,0,0,0,0,0,0,0,0,0,0,0,0,0,0,0,0,0,0,0,0,0
R_8V1yzu8xjD7wJgJ,STAN,"Nestěžuji si, jsou pracovití a užívají si zivota","Hospodské názory, nákup plný košík, spíše nepotřebné věci a říkají, jak se mají špatně a domů si vezmou taxi",0,1,0,0,0,0,0,0,0,0,0,0,0,0,0,0,0,0,0,0,0,0,0,0,0,0,0,0,0,0,0,0,0,0,0,0,0,0
R_2QhVwiYwnYa3rmn,ANO,"Premysli, kdyz jim neco nevyhovuje ozvu se, necekaji ze se veci vyresi sami","Jsou to jednoduchy lide, nepremysli, mysli si, ze se veci zmeni i kdyz proto nic nedelaji",0,0,0,0,0,0,0,0,0,0,0,0,0,0,0,0,0,0,0,0,0,0,0,0,0,0,0,0,0,0,0,0,0,0,0,0,0,0
R_2Dtf5pWmDtwA0hd,STAN,Lidé kteří mají selský rozum. Nevidí svět černobíle. Než něco či někoho odsoudí zjistí si fakta a poté se rozhodnou.,"To jsou lidé kteří myslí jen samy na sebe a nevidí tzv za roh. Koukají se na svět černobíle, je buď dobro nebo zlo. Nedokážou pochopit podstatu věci a většinou se o ní ani nezajímají. ",0,0,1,0,0,0,0,0,0,0,0,0,0,0,0,0,1,0,0,0,0,0,0,0,0,0,0,0,0,0,0,0,0,0,0,0,0,0
R_24qaGAeUCAsRB3H,ANO,"stejně jako ty, kteří mají vnímání politiky opačné",Podle mého názoru má každý člověk nárok na svůj pohled na současné dění,0,0,0,0,0,0,0,0,0,0,0,0,0,0,0,0,0,0,0,0,0,0,0,0,0,0,0,0,0,0,0,0,0,0,0,0,0,0
R_833DmB9dYiIfKx6,ANO,"Sociální smýšlení 
Slušné jednání 
Zaopatřený
S životem spokojený 
Nebojácný ","Max. pravicový 
Max. levicový
Nespokojenci
Méně vzdělání 
Bez rozhledu",0,0,0,0,0,0,0,0,0,0,0,0,0,0,0,0,0,0,0,0,0,0,0,0,0,0,0,0,0,0,0,0,0,0,0,0,0,0
R_3fJ8t8Qkni3Enzn,TOP09,"Falešnici, pokrytci, hrabaji si pro sebe ","Cizinci, uprchlíky, Ukrajinci, cinani",0,0,0,0,0,0,0,0,0,0,0,0,0,0,0,0,0,0,0,0,0,0,0,0,0,0,0,0,0,0,0,0,0,0,0,0,0,0
R_24HzLEaogHn4WE9,ODS,"Samostatní, uvážliví, nesobečtí, pravdomluvní, zakládají si na tradičních hodnotách, snaží se být spravedliví, předvídaví, věří, že nejbližší pomocnou ruku najdou na konci svého ramene. ","ovlivnitelní, nespokojení se svým životem, čekající na zázrak, méně schopní se vypořádat s překážkami, snadno manipulovatení, méně uvažují samostatně, špatně se přizpůsobují změnám",0,0,0,0,0,0,0,0,0,0,0,0,0,0,0,0,0,0,0,0,0,0,0,0,0,0,0,0,0,0,1,0,0,0,0,0,0,0
R_8fpovGASeuw9qnA,Pirati,"férovost - co řeknu, to platí; nesnažím se obejít opozici podvody, lží; snaha dosáhnout co největšího kompromisu; slušnost; zbytečně nestrašit, ale zase být upřímný; nedávat občanům peníze, když na rozdávání není, ale spíše je motivovat k získání peněz vlastním přičiněním","od státu by jen dostávali peníze, aniž by se sami přičinili o nějaký ten zisk; osoby s nižším vzděláním nebo inteligencí; mohou být i extrémisti ve svých názorech; rádi se hádají; nelze jim věřit",0,0,0,0,0,0,0,0,0,0,0,0,0,0,0,0,0,0,0,0,0,0,0,0,0,0,0,0,0,0,0,0,0,0,0,0,0,0
R_8cFdgu3RYd2OPGF,STAN,Politika není rozhodujícím ve vztazích ,"Nelze rozeznat, politika není rozhodující ",0,0,0,0,0,0,0,0,0,0,0,0,0,0,0,0,0,0,0,0,0,0,0,0,0,0,0,0,0,0,0,0,0,0,0,0,0,0
R_2BY3u0aP8lEVBLO,KDU-CSL,"Normální lidi, kteří nevěří všemožným laciným volebním slibům a kteří vnímají potřebu jisté rozpočtové zodpovědnosti. Nevěří slibům, že důchodová reforma není potřeba, že stačí pouze změnit ""parametry"" současného systému","Nadávají na vše, kritizují jakýkoliv krok vlády, věří všemožným konspiracím, řetězovým emailům, většinou se jedná o sympatizanty Ruska, potažmo Putina.",0,0,0,1,0,0,1,0,0,0,0,0,0,0,0,0,0,0,0,0,0,0,0,0,0,0,0,0,0,0,0,0,0,0,0,0,0,0
R_2smEGJVpCSzk0La,,"Všechno je uměle vyvolané,od covidu po greendeal, světu vládne mamon.","Greendeal je užitečný,Nato jsou přátelé,unie nás chrání ",0,0,0,0,0,0,0,0,0,0,0,0,0,0,0,0,0,0,0,0,0,0,0,0,0,0,0,0,0,0,0,0,0,0,0,0,0,0
R_2VEMIJxUnped5Eu,,Nevim nechci odpovidat moc se nebavim z lidma,Nevim moc se z lidmi o tom nebavim ,0,0,0,0,0,0,0,0,0,0,0,0,0,0,0,0,0,0,0,0,0,0,0,0,0,0,0,0,0,0,0,0,0,0,0,0,0,0
R_2lS4wmaIkltVp04,KSCM," spoustu lidí už poznali pravdu, která je jiná než nám pravice vtlouká do hlav a sliby pravice se rozplývají a řada lidí ví jaká je zkušenost","takové lidi jsou neustále přesvědčováni, že bude vše dobré a tito lidé asi také nemají hluboko do kapsy",0,0,0,0,0,0,0,0,0,0,0,0,0,0,0,0,0,0,0,0,0,0,0,0,0,0,0,0,0,0,0,0,0,0,0,0,0,0
R_8WGzFBY9Dyg7sZc,ANO,"Rodina na prvním místě, chovat se slušně k ostatním lidem, národní hrdost","Agresivní, netolerantní, snadno ovladatelný ",0,0,0,0,1,0,0,0,0,0,0,0,0,0,0,0,0,0,0,0,0,0,0,0,0,0,0,0,0,0,0,0,0,0,0,0,0,0
R_8KBZidWNXB6kcHg,ANO,"Zlí, falešní lidé. Myslí jen na sebe, okrádají všechny.",Podvodníci jedním slovem.,0,0,0,0,0,0,0,0,0,0,0,0,0,0,0,0,0,0,0,0,0,0,0,0,0,0,0,0,0,0,0,0,0,0,0,0,0,0
R_2DnCBHxi4TBTxnQ,Other,"Lidé kteří jednají na základě vlastního rozhodnutí, ziskanCh informací a sami se rozjoduji","Běž vlastního vůle, ovce které udělají co se jim rekne",0,0,0,0,0,0,0,0,0,0,0,0,0,0,0,0,0,0,0,0,0,0,0,0,0,0,0,0,0,0,0,0,0,0,0,0,0,0
R_8KByGiqH0dhLVKh,ANO,"Příjemní, spolupracující, ochotní se dohodnout.","Každý má právo na svůj názor, byť může být odlišný, než můj. ",0,0,0,0,0,0,0,0,0,0,0,0,0,0,0,0,0,0,0,0,0,0,0,0,0,0,0,0,0,0,0,0,0,0,0,0,0,0
R_2CU21U5VoNXXl0Q,KSCM,"Takový člověk je zodpovědný k sobě i celé společnosti pro kterou pracuje, také tak vystupuje, nepřetvařuje se a nemyslí jen na sebe.","Mám zájem o voliče, kteří jsou odborně zdatní, za kterými je vidět práce, je mi jedno z které strany pochází. Takových je bohužel málo.",0,0,0,0,0,0,1,1,0,0,0,0,0,0,0,0,0,0,0,0,1,0,0,0,0,0,0,0,0,0,0,0,0,0,0,0,0,0
R_2h5S0k5DiaoVfI9,STAN,Tito lidé zažili socialismus a komunismus a dnes mohou porovnávat situaci,"Myslím,že jsou to mladí lidé, kteří si neumí představit,že na banány se stala Frinta před Vánoci.",0,0,0,0,0,0,0,0,0,0,0,0,0,0,0,0,0,0,0,0,0,0,0,0,0,0,0,0,0,0,0,0,0,0,0,0,0,0
R_8QqGTAzoJrmZdFn,KSCM,"Jedná se o voliče aktivně se zabývající politickou situací ve své zemi. Zároveň respektují ale i voliče jiných stran, nijak je nezesměšňují a nemají potřebu je přesvědčovat o ""své"" straně. Respektují výsledky voleb. ","Lidé, kteří se snaží přesvědčit o tom, proč je jím volená strana nejlepší. Není schopen kompromisu, ani vyslechnout argumenty druhého. Je hrubý a vulgární. ",0,0,0,0,0,0,0,0,0,0,0,0,0,0,0,0,0,0,1,0,0,0,0,0,0,0,0,0,0,0,0,0,0,0,0,0,0,0
R_2sXe9TAstWnjZAd,ANO,"tito lidi si prosly hodne tezkymi vecmi a hodne premysli koho volit.Bohuzel jsou to ti lide kteri ikdyz se ozvou ,tak je nikdo neslysi....","myslim si ,ze jsou to hlavne lide ,kteri maji hodne penez v bankach,podnikatele atd,kterym se zije velmi dobre.Jim nevadi drahota,oni nemusi otacet kazdou korunu a premyslet co diteti koupit a co ne.Navic si tajne a nefer delaji odpisy z dani a pouzivaji veci k soukromym ucelum.tito lide budou vzdy mit jiny nazor nez ti co se maji spatne,ne jen svou chybou",0,0,0,0,0,0,0,0,0,0,0,0,0,0,0,0,0,0,0,0,0,0,0,0,0,0,0,0,0,0,0,0,0,0,0,0,0,0
R_8dKahNR7P50xS8N,Pirati,"důchodci jako já, nemocní optimisté","protekcionalismus, především touha po majetku",0,0,0,0,0,0,0,0,0,0,0,0,0,0,0,0,0,0,0,0,0,0,0,0,0,0,0,0,0,0,0,0,0,0,0,0,0,0
R_8Pdeu9UsHZr3Dvb,ANO,"ví o čem mluvím, nejsou bohatí,","neutrální přístup, asi jsou z bohatší vrstvy než já",0,0,0,0,0,0,0,0,0,0,0,0,1,0,0,0,0,0,0,0,0,0,0,0,0,0,0,0,0,0,0,1,0,0,0,0,0,0
R_28H9MKBRUwxNXLv,ANO,"jsme v pohodě, chceme mír pohodu","nevím, prostě to tak cítím",0,0,0,0,0,0,0,0,0,0,0,0,0,0,0,0,0,0,0,0,0,0,0,0,0,0,0,0,0,0,0,0,0,0,0,0,1,0
R_2DooEt9eVupRnPC,ANO,"zcela obyčejný člověk, který má zdravé názory na dění v Česku i celosvětové, orientuje se v historii naší i globální, umí vycházet z vědeckých názorů a nenechává se ovlivňovat neověřenými, zkreslenými či uměle vytvořenými názory","tito lidé jsou většinou zcela imunní jakýmkoli diskusím, nechtějí naslouchat ani diskutovat, mnohdy zde hraje podstatnou roli úroveň vzdělání, mnohdy jsou to lidé, kteří z  různých důvodů, ale většinou zištných, mění názory, závist, touha po moci, někoho ovládat atd.",0,0,0,1,0,0,0,0,0,0,0,0,0,0,0,0,0,0,0,0,0,0,0,0,0,0,0,0,0,0,0,0,0,0,0,0,0,0
R_8OjHGfpd0ThvmO7,ANO,"Rodinný typ, dokáže pomoci bez toho aby za to něco chtěl.","Bohatí sobci, kteří mluví hlavně o tom kolik si kde vydělali nebo kde sehnali nejvíce peněz ",0,0,0,0,1,0,0,0,0,0,0,0,0,0,0,0,0,0,0,0,0,0,0,0,0,0,0,0,0,0,0,1,0,0,0,0,0,0
R_8Db7QhKTiywKRLb,KDU-CSL,"Mají různou škálu zájmů, rádi cestuji, .myslí na budoucnost naší země a svých dětí. Mají zájem o vzdělávání. Čtou - sleduji různé zdroje ověřených informací.","Nesamostatni jedinci, kteří ve většině pouze nadávají a nemají snahu se svým životem něco udělat. Jejich názory vycházejí z neověřenych zdrojů, často od dezinformstorů.",0,0,0,0,0,0,0,0,0,0,0,0,0,0,0,0,0,0,0,0,0,0,0,0,0,0,0,0,0,0,0,0,0,0,0,0,0,0
R_8eyRo95jZChgnBw,SPD,"jsou přesvědčeni o možnosti mírové dohody při vojenském konfliktu na Ukrajině,
vidí i jiné možnosti zlepšení ekonomiky než jen okrádat sociálně slabé skupiny,
milují svou vlast","souhlasí s vojenskou pomocí Ukrajině, sympatizují se současnou vládou",0,0,0,0,0,0,0,0,0,0,0,0,0,0,0,0,0,0,0,0,0,0,0,0,0,0,0,0,0,0,0,0,0,0,0,0,0,0
R_8a2XRsc197MoeC5,Other,"mají jiné hodnoty, nezajímají se tolik o polituku","jsou to lidé s jiným smýšlením, mají jiný názor, podporují jinou věc",0,0,0,0,0,0,0,0,0,0,0,0,0,0,0,0,0,0,0,0,0,0,0,0,0,0,0,0,0,0,0,0,0,0,0,0,0,0
R_8VxrptHyenUgcYC,ODS,0000000000000000000000000000000000000,"0jejich věc, ať si to vidí cpo svém, je to jejich názor/pohled",0,0,0,0,0,0,0,0,0,0,0,0,0,0,0,0,0,0,0,0,0,0,0,0,0,0,0,0,0,0,0,0,0,0,0,0,0,0
R_8eqXqy8kARqFd6K,ANO,Politické přesvědčení je věc každého jednotlivce!!!,"Bez komentáře, je to jejich věc!!!",0,0,0,0,0,0,0,0,0,0,0,0,0,0,0,0,0,0,0,0,0,0,0,0,0,0,0,0,0,0,0,0,0,0,0,0,0,0
R_2qL2DlZABNgXGgO,,nevim nemam tuseni z lidma se moc nebavim,nevim nemam tusen z lidma se moc nebavim,0,0,0,0,0,0,0,0,0,0,0,0,0,0,0,0,0,0,0,0,0,0,0,0,0,0,0,0,0,0,0,0,0,0,0,0,0,0
R_8qCZyP2vhCcjjBZ,ODS,Mají vyšší vzdělání jsou to podnikatelé nezávislí na dotacích cestují ,Vždy a se vším nespokojení chtějí od státu více peněz nejsou odpovědní ,0,0,0,0,0,1,0,0,0,0,0,0,0,0,0,0,0,0,0,0,0,0,0,0,0,1,0,0,0,0,0,0,0,0,0,0,0,0
R_2NEs2HYGCOVtXTK,Other,"Volic, který je věrný své straně. ",Takové lidi bych se snažil vyslechnout a pochopit.. ,0,0,0,0,0,0,0,0,0,0,0,0,0,0,0,0,0,0,0,0,0,0,0,0,0,0,0,0,0,0,0,0,0,0,0,0,0,0
R_8rZ1zb0OD0syWnN,Pirati,"Nekonfliktní, starají se o své blízké, neškodí druhym. ",Sledují jen vlastní momentální prospěch. ,0,0,0,0,0,0,0,0,0,0,0,0,0,0,0,0,0,0,0,0,0,0,0,0,0,0,0,0,0,0,0,0,0,0,0,0,0,0
R_2SUJ56ROrCabFf3,Pirati,introvert nerd nesnasi komouse,buh vi co je k tomu vede,0,0,0,0,0,0,0,0,0,0,0,0,0,0,0,0,0,0,0,0,0,0,0,0,0,0,0,0,0,0,0,0,0,0,0,0,0,0
R_2bZb4swAbuSWd04,STAN,"Ověřují si informace z různých zdrojů a nevěří všemu co politici říkají. Chtějí, aby ČR dobře fungovala, aby politici byli čestní a pracovali pro dobro národa a ne ve svůj prospěch. Overuji si informace, sleduji zprávy a mají přehled o tom co se děje, aby byli schopni fundovaný rozhodovat koho volit. Nenechají si vše líbit a když jim něco vadí, tak požadují změnu a to na základě informaci a argumentů a ne na základě emocí a davu okolo.","Prorusky volič, který chce mír za každou cenu bez ohledu na to, ze ustupuje agresorovi. Člověk který jen nadává, přejímá názory ostatních aniž by přemýšlel jestli sliby politiku, které chce volit jsou reálné. Člověk který nadává na EU, ale využívá výhody EU a volí politiky, kteří kandiduji s tím, ze chtějí EU zrušit, ale není jim trapné požívat výhod poslaneckého platu který jim platíme z našich dani.",0,0,0,0,0,0,0,0,0,0,0,0,0,0,0,0,0,0,0,0,0,0,0,0,0,0,0,0,0,0,0,0,0,0,0,0,0,0
R_8coVWVr4RsFihVE,Pirati,s ničim se neseru nic mě nerozhodí,nevim koho popsat tak nic no,0,0,0,0,0,0,0,0,0,0,0,0,0,0,0,0,0,0,0,0,0,0,0,0,0,0,0,0,0,0,0,0,0,0,0,0,0,0
R_8GDs0BY4bQG7sFl,,"Jsou to lidé, kterým se nelíbí, jak se k obyčejným lidem vláda chová. A všechno se odvíjí od peněz... Třeba uklízečka nebo pomocná síla v kuchyni mají tolik práce, že by se z toho kdejaký poslanec posral, ale z výplaty nemají možnost důstojně vyžít, musí mít i jinou práci, aby zaplatili složenky a dětem dopřáli třeba lyžařský výcvik. I v těchto domácnostech jsou velmi chytré děti, které nemůžou studovat, protože prostě nejsou bohatí, i když jejich rodiče dělají prospěšnou, dobrou a fyzicky namáhavou práci. A tito lidé se pak dívají na to, jak si poslanci navyšují už tak vysoké mzdy. To je velmi smutné! 
Dalším problémem je zdravotnictví. Čím víc jsme ´mulikulti´ tím je to horší...
","Ve svém okolí nemám lidi, kteří by měli odlišný názor.",0,1,0,1,1,0,0,0,0,0,0,0,1,0,0,0,1,0,0,0,0,0,0,0,0,0,0,0,0,0,0,0,0,0,0,0,0,0
R_2ddjaE23rtj5YVV,ANO,"Normální lidé, akorát se názorově na politiku shodneme",Normální lidé s odlišnými názory,0,0,0,1,0,0,0,0,0,0,0,0,0,0,0,0,0,0,0,0,0,0,1,0,0,0,0,0,0,0,0,0,0,0,0,0,0,0
R_8kGrIhyHxtVNo06,ODS,"Nejčastěji vzdělání lidé. Nedají se koupit, ani obalamutit. Dokáží mluvit kriticky i ke své vlastní volbě a hlavně diskutovat k tématu. Schopnost bavit se o hlubších tématech, odhalit fakenews, ochotu si přečíst relevantní zdroje k tématu, nebo minimálně kompletního volebního program strany, kterou chtějí volit.","Tohle je dost zavádějící otázka. Existuje několik druhů lidí, kteří mají jiné volební preference. Moje teta volí SPD (stranu, kterou bych nikdy nevolila). Má vysokou školu, je milá, úžasná, chytrá a skvěle vycházíme, ale když mluví o politice, nejradši bych ji přetáhla po hlavě cihlou. Volič ANO je většinou ten, který tomu absolutně nerozumí, je mu jedno cokoliv mu kdo řekne a jede si svoji. Je jim jedno, že totálně zadlužují stát, že se Babišovi nedá věřit ani pozdrav a že vše co vypustí, je lež... Hlavně když to sype:) ono totiž rozdávat peníze, které nejsou, umí každý.",0,0,0,0,0,0,0,0,0,0,1,0,0,0,0,0,0,0,0,0,0,0,0,0,0,0,0,0,0,1,0,0,0,1,1,0,0,0
R_2DM8Q3eVwU0XVs9,SPD,"Objektivně hodnotí současnou světovou, evropskou i domácí politiku a snaží se z pozice  vlastenců zachránit Českou republiku od toho hnusu co nás obklopuje ","Tito lidé , zpravidla nepoužívají vlastní ani tzv. selský rozum , vystačí si s tím co jim někdo nakuká do hlavy , jednoduše řečeno jsou to buď loutky bez rozumu či názoru nebo loutky s rozumem , které někdo penězi či jinou osobní výhodou zkorumpoval . ",0,0,0,0,0,0,0,0,0,0,0,0,0,0,0,0,0,0,0,0,0,1,0,0,0,0,0,0,0,0,0,0,0,0,0,0,0,0
R_2dGG2fIYVKyUYn3,ANO,"Sympatický, mají rozum jako já:)","VYPADAJÍ STEJNĚ, jsou to lidi",0,0,1,0,0,0,0,0,0,0,0,0,0,0,0,0,0,0,0,0,0,0,0,0,0,0,0,0,0,0,0,0,0,0,0,0,0,0
R_2FPs4OHwB3HCf57,ANO,Jsou to lidé kterým jde o to aby ve vládě a v politice byli lidé kteří chtějí zlepšovat životy našich občanů ,Mysli si ze tato vláda je nejlepší za poslednich 30 let nevidí že tato vláda dělá vše jen k horšímu ,0,0,0,0,0,0,0,0,0,0,0,0,0,0,0,0,0,0,0,0,0,0,0,0,0,0,0,0,0,0,0,0,0,0,0,1,0,0
R_8tT5BOdT3YGaZLH,ANO,"Vystudovaní ekonomové, kteří mají přehled, jaký je vývoj ekonomik v ostatních evropských státech. Ti, co by považovali přijetí EUR za vlastizradu.","Jedinci, kteří by chtěli vše zadarmo, parazitovat na dávkách, natahovat ruce a danit ty, co pracují a něco umí.",0,0,0,0,0,0,0,0,0,0,0,0,0,0,0,0,0,0,0,0,0,0,0,0,0,0,0,0,0,0,0,0,0,0,0,0,0,0
R_8CKl007lNm9iggI,,normální starší člověk se zkušenostmi,snadno zmanipulovatelní a povrchní,0,0,0,1,0,0,0,0,0,0,0,0,0,0,0,0,0,0,0,0,0,0,0,0,0,0,0,0,0,0,0,0,0,0,0,0,0,0
R_28NTP3bq7p8OudC,ODS,"Snaží se starat o sebe a nespoléhat na stát.
Od státu očekávají malé, ale efektivní služby a vůbec vynakládání prostředků např. na infrastrukturní stavby.
Přísná kontrola a omezená velikost dávkového systému.
Minimální dotační podpora ze státních peněz. Kdo chce peníze, ať si je vydělá, nebo sežene soukromého sponzora.","Dotace, dávky, velký stát",0,0,0,0,0,0,0,0,0,0,0,0,0,0,0,0,0,0,0,0,0,0,0,0,0,0,0,0,0,0,0,0,0,0,0,0,0,0
R_2C9eaym4twDKieu,ANO,rozumím si s nimi obvykle i v jiných věcech,"nevím, normání lidé s jiým názorem, v politickém smýšlení si ale nerozumíme",0,0,1,0,0,0,0,0,0,0,0,0,0,0,0,0,0,0,0,0,0,0,0,0,0,0,0,0,0,0,0,0,0,0,0,0,1,0
R_8GDEXMA0ZUbDmVj,Pirati,Normalni lide se svými probley,Nerozdeluji lidi podle toho koho voli,0,0,0,0,0,0,0,0,0,0,0,0,0,0,0,0,0,0,0,0,0,0,0,0,0,0,0,0,0,0,0,0,0,0,0,0,0,0
R_2EMRaQZmsBsVUeI,,V tomto případě jsou mi takoví lidé sympatičtí a ráda s nimi vedu konverzace na dané témata. ,Každý má právo na svůj názor. Těchto lidí si buď nevšímám nebo se snažím vyhnout s nimi konverzaci na tyto témata. ,0,0,0,0,0,0,0,0,0,0,0,0,0,0,0,0,0,0,0,0,0,0,0,0,0,0,0,0,0,0,0,0,0,0,0,0,0,0
R_871c959Q3Eaia6B,SPD,"Střední vrstva, rodina s dětmi.",Každý člověk má právo volit koho chce.,1,0,0,0,1,0,0,0,0,0,0,0,0,0,0,0,0,0,0,0,0,0,0,0,0,0,0,0,0,0,0,0,0,0,0,0,0,0
R_8o5JPCL5KGd9zYR,ANO,"nevím, úplně neřeším politiku","nevím, nemám vůči nikomu averzi nebo antipatie ",0,0,0,0,0,0,0,0,0,0,0,0,0,0,0,0,0,1,0,0,0,0,0,0,0,0,0,0,0,0,0,0,0,0,0,0,1,0
R_2qxQwe5jfO6x6dp,ANO,"Převážně se to týká důchodců, kterým bylo za současné vlády velmi ublíženo. ","Převážně se to týká mladých lidí. Neuvědomují si, že také budou jednou staří. Zatím starými lidmi jen opovrhují.",0,0,0,0,0,0,0,0,0,0,0,0,0,0,0,0,0,0,0,0,0,0,0,0,0,0,0,0,0,0,0,0,0,0,0,0,0,0
R_8mlWHCYBO9t6dY0,ANO,Normální pracujíci lidé s průměrnou i nižší mzdou,Nevyvracím jiné názory,1,0,0,1,0,0,0,0,0,0,0,0,0,0,0,0,0,0,0,0,0,0,0,0,0,0,0,0,0,0,0,0,0,0,0,0,0,0
R_8tx2C5Wlcey90ZP,STAN,"Lide jsou pracoviti, nechcou nic zadarmo. Chapou ze ma nekdo jiny nazor a nemusi se kvuli tomu navzajem mlatit.","Lidi kteri porad na neco nadavaji, ale nic nedelaji pro zlepseni. ",0,1,0,0,0,0,0,0,0,0,0,0,0,0,0,0,0,0,0,0,0,0,0,0,0,0,0,0,0,0,0,0,0,0,0,0,0,0
R_8pA94jdNEVb8Ngy,ANO,"Vetsinove politiku s temito lidmi neresim a obvykle tito lide politiku neresi verejne, nicmene znam par osob ve svem okoli, jejichz postoje jsou velmi podobne te mym a nelze je zobecnit, protoze jsou to vesmes lide velmi ruzneho spektra vzdelani, zajmu, atd. ","Vetsinove jsou to lide bez vyssiho vzdelani pracujici na nizsich pozicich bez ochoty delat neco vice pro svuj seberozvoj. Tedy lide, kteri doufaji, ze lepsi zivot jim nekdo zaridi…",0,0,0,0,0,0,0,0,0,0,0,0,0,0,0,0,0,0,0,0,0,0,0,0,0,0,0,0,0,0,0,0,0,0,0,0,0,0
R_2HUIZZoNvCFd4a7,KSCM,nezkušenost v politice doma i v evrop,rádi se hrabou v politice a neví kam to dotáhne,0,0,0,0,0,0,0,0,0,0,0,0,0,0,0,0,0,0,0,0,0,0,0,0,0,0,0,0,0,0,0,0,0,0,0,0,0,0
R_8UWnkgZIr5zKkCO,Other,"Člověk, který citlivě vnímá dění okolo sebe a je zvlášť všímavý vůči nespravedlnostem a bezpráví. Obává se rizik a snaží se zajistit dobré podmínky k životu pro čestné, slušné a pracovité lidi.","Bezohlední lidé, kteří hrabou do své vlastní kapsy zcela bez ohledu na druhé, jen s vidinou zisků a vlastního prospěchu. Dělají nerozumná rozhodnutí, která se v budoucnosti negativně podepíšou na životech těch druhých. ",0,1,0,0,0,0,0,0,0,0,0,0,0,0,0,0,0,0,0,0,0,0,0,0,0,0,0,0,0,0,0,0,0,0,0,0,0,0
R_8oFGER6g5L8JRNG,ANO,maji svuj nazor a mohou si ho uplatnovat,maji na to plne pravo,0,0,0,0,0,0,0,0,0,0,0,0,0,0,0,0,0,0,0,0,0,0,0,0,0,0,0,0,0,0,0,0,0,0,0,0,0,0
R_8n2BUNRvGF4foDJ,STAN,"Otevreni zmene, Evrope. Ne prehnane nacionalisticti","Prorusti omezeni lide, kteri si mysli, ze vi vsechno",0,0,0,0,0,0,0,0,0,0,0,0,0,0,0,0,0,0,0,0,0,0,0,0,0,0,0,0,0,0,0,0,0,0,0,0,0,0
R_8DMr0LWwKzi4khx,ANO,"Jsou tolerantní k názorům ostatních, ale ze svých zásad nesleví.","Liší se v názorech na různé otázky -, např. výdajů na zbrojení, zdravotnictví apod.",0,0,0,0,0,0,0,0,0,0,0,0,0,0,0,0,0,0,0,0,0,0,0,0,0,0,0,0,0,0,0,0,0,0,0,0,0,0
R_8I9GvQAhmvnwEkr,ANO,"obycejni lide, jako ostatni

",kazdy ma vlastni nazor,0,0,0,0,0,0,0,0,0,0,0,0,0,0,0,0,0,0,0,0,0,0,0,0,0,0,0,0,0,0,0,0,0,0,0,0,0,0
R_2HH12GdEAun8To7,STAN,Normální lidi s názorem stejným jako já . Že ODS prostě špatně řidi náš stát a čim dál víc naš národ zadlužuje. Mnělo by ODS prostě samo začit u sebe šetřit a ne si zvyšovat výplaty když na to neni,Jsou to lidé z vyši třidy. Kterým ODS vždy vychází vstříc ,0,0,0,1,0,0,0,1,0,0,0,0,0,0,0,0,1,0,0,0,0,0,0,0,0,0,0,0,0,0,0,0,0,0,0,1,0,0
R_2zTPyivYv0sLXZ6,ANO,Jsou to lidé z mého blízkého okolí žijící normálním rodinným a pracovním životem.,"Jsou to prostě lidé s jiným názorem. Ve svém okolí se s nimi nesetkávám, tudíž je mohu velice těžko popsat.",0,0,0,1,1,0,0,0,0,0,0,0,0,0,0,0,0,0,0,0,0,0,0,0,0,0,0,0,0,0,0,0,0,0,0,0,0,0
R_2QtHs90PBOZf51X,ANO,Lidé kteri nemaji moc penez za to kolik hodin pracuji,Lidé kteri maji moc penez a nevedi co s nimi,0,0,0,0,0,0,0,0,0,0,0,0,0,0,0,0,0,0,0,0,0,0,0,0,0,0,0,0,0,0,0,0,0,0,0,0,0,0
R_8n0DCq2NdzUua6z,ODS,"Nevím nic mě nenapadá, nedělám to",Nevím nic mě nenapadá,0,0,0,0,0,0,0,0,0,0,0,0,0,0,0,0,0,1,0,0,0,0,0,0,0,0,0,0,0,0,0,0,0,0,0,0,1,0
R_8mDzsl6AOCIQFwW,,Mohu s nimi otevřeně mluvit.,"Je to každého věc. Nechvalim je, radost z nich nemám,  ale nesoudim ",0,0,0,0,0,0,0,0,0,0,0,0,0,0,0,0,0,0,0,0,0,0,0,0,0,0,0,0,0,0,0,0,0,0,0,0,0,0
R_8WOgZpIcZ71iGNH,ODS,"Mladý člověk, který se nezajímá o politiku až v takovém měřítku a slýchává o politice z různých koutů interaktivního světa a ze sociálních sítí.","starší lidé, kteří rozumí politice a orientují se v ní již nějakou dobu",0,0,0,0,0,0,0,0,0,0,0,0,0,0,0,0,0,0,0,0,0,1,0,0,0,0,0,0,0,0,0,0,0,0,0,0,0,0
R_8PTWKcgfG2hBHKp,ANO,Nemám rád když politci lžou ,Naivní a hloupé . Moc se nezajímají o politiku ,0,0,0,0,0,0,0,0,0,0,0,0,0,0,0,0,0,0,0,0,0,0,0,0,0,0,0,0,0,0,1,0,0,0,0,0,0,0
R_8G3eFbd7ODtDwfn,ANO,chtějící srovnat stav v republice pro lepší životní podmínky,chamtiví egoisti stavící své zájmy nad zájmy ostatních,0,0,0,0,0,0,0,0,0,0,0,0,0,0,0,0,0,0,0,0,0,0,0,0,0,0,0,0,0,0,0,0,0,0,0,0,0,0
R_22Dae8NZIKLYbxx,Other,"Lidé, se kterými si lze popovídat o skutečných problémech a poměrech v naší zemi bez lží. ","Lidé, kteří mohou mít nedostatek informací nebo zkreslené informace.",0,0,0,0,0,0,0,0,0,0,0,0,0,0,0,0,0,0,0,0,0,0,0,0,0,0,0,0,0,0,0,0,0,0,0,0,0,0
R_8mMlQDTOu6uvR8B,,Lidé novodobě smýšlející. Bez omezeného názoru a rozhodování.,Mají svůj názor. Věří v jiné hodnoty než já.,0,0,0,0,0,0,0,0,0,0,0,0,0,0,0,0,0,0,0,0,0,0,0,0,0,0,0,0,0,0,0,0,0,0,0,0,0,0
R_21HTnlUSw15mXB3,Other,Nebavíme se spolu o politice,"Nemám okolo sebe lidi, se kterými se bavím o politice",0,0,0,0,0,0,0,0,0,0,0,0,0,0,0,0,0,0,0,0,0,0,0,0,0,0,0,0,0,0,0,0,0,0,0,0,0,0
R_2oBuk42mdh9NULD,ANO,Empatie s obyčejným lidmi ,Fiala to asi mluví za vše celou republiku vede do zahuby hlavně obyčejné občany ,0,0,0,1,0,0,0,0,0,0,0,0,0,0,0,0,0,0,0,0,0,0,0,0,0,0,0,0,0,0,0,0,0,0,0,0,0,0
R_8Rc4mL9Vz5bFJEB,STAN,"Zajímavé, jako já, poslech bych si je","Nevím, zajímavé a nudné ",0,0,0,0,0,0,0,0,0,0,0,0,0,0,0,0,0,0,0,0,0,0,0,0,0,0,0,0,0,0,0,0,0,0,0,0,1,0
R_2ZDCVxdBy0oGbKD,ODS,"Jde o lidi vzdělané,sledující politickou situaci doma i ve světě.Spoléhají se na sebe jsou uspěšní v práci a nespoléhají se na stát,že jim pomůže.Dokáží poznat populisty a lháře v politice.","Jsou to lidé obvykle s nižším vzděláním,,nechce se jim moc pracovat,rádi by přijímali podporu od státu,mají rádi rychlé a jednoduché řešení problémů a nepoznají,že takové řešení je nesmysl.",0,0,0,0,0,0,0,0,0,0,1,0,0,1,0,0,0,0,0,0,1,0,0,0,0,0,0,0,0,0,0,0,0,0,0,0,0,0
R_2ETmwNn4HU0bQgQ,TOP09,"Jsou ochotni naslouchat, nestěžují se, vnímají kladně naše členství v v EU a NATO, mají zájem se vzdělávat.","Myslí jen na sebe a na svůj prospěch, jsou neustále nespokojeni s děním okolo sebe, vše vidí černě, naříkají a na vše nadávají",0,0,0,0,0,0,0,0,0,0,0,0,0,0,0,0,0,0,0,0,0,0,0,0,0,0,0,0,0,0,0,0,0,0,0,0,0,0
R_8DedGzO8ABxYPlk,,"Příliš se o politiku nezajímají. Jsou odpůrci extremismu, násilí, šíření paniky","Jsou spíše radikální, nevidi současnou situaci vůbec dobře ",0,0,0,0,0,0,0,0,0,0,0,0,0,0,0,0,0,0,0,0,0,0,0,0,0,0,0,0,0,0,0,0,0,0,0,0,0,0
R_2rYqT5kDLGBwy8p,,"obyčejný člověk, který si na nic nehraje a nechce se nechat dál odírat rozhodnutími vlády","lidé, kteří neamjí nouzy, nemusí přemýšlet jak každý měsíc vyžít a zajistit alespoň základní potřeby rodiny",0,0,0,1,0,0,0,0,0,0,0,0,0,0,0,0,0,0,0,0,0,0,0,1,0,0,0,0,0,0,0,0,0,0,0,0,0,0
R_8S99WfW4crUR409,TOP09,"jhfzjfgfhtkrkutgfdhgkzjtliýtlud,hgf",lksjfndgwEFswecsDsefwEFwef,0,0,0,0,0,0,0,0,0,0,0,0,0,0,0,0,0,0,0,0,0,0,0,0,0,0,0,0,0,0,0,0,0,0,0,0,0,0
R_2fw3a4HPCklDpFo,KDU-CSL,"Tito lidé jsou vzdělaní, přemýšliví, ověřují si informace, snaží se svým životem přispívat ke společnému dobru.","Tito lidé nedomýšlejí důsledky jednání politiků, které volí.  ",0,0,0,0,0,0,0,1,0,0,0,0,0,0,0,0,0,0,0,0,0,0,0,0,0,0,0,0,0,0,0,0,0,0,0,0,0,0
R_8RLmUOEvePDOJ9L,STAN,"Lidi, kteří se zajímají o současné dění,. ověřují si informace, nedůvěřují populistickým vlivům, mají zkušenosti a historickou paměť, nepodléhají davové psychóze","Jsou neustále nespokojení, věří a šíří informace, které nelze ověřit, nadávají na politiky, ale na účast ve volbách rezignují, tvrdí, že za totality bylo lépe, odmítají argumenty, historická fakta",0,0,0,0,0,0,0,0,0,0,0,0,0,1,0,0,0,0,0,0,0,0,0,0,0,0,0,0,0,0,0,0,0,0,0,0,0,0
R_2HrYtRDsIin8tG1,ODS,"Snaží se v co nejvíce ohledech vydělat si samina sebe, na pomoc státu spoléhat jen v urgentních případech - vážná nemoc, nenadálá složitá životní situace. Plní si sám povinnosti vůči státu a má o nich přehled. Zároveň je solidární, nesnaží se vyhnout placení daní a odvodů. Je proevropský, schopný kompromisů, není radikální. Nevěří všem informacím, které slyší, snaží se imformace ověřit a nečerpá je z dezinformačních zdrojů. Je ochotný se přiměřeně uskrovnit, aby pomohl ostatním/ společnosti.","Nezajímají se o ostatní, řeší jen svoje blaho, vyžírají stát. Neřeší své povinnosti vůči státu a společnosti, jsou konfliktní, radikální, bezohlední. Vše za ně má zařídit stát/někdo jiný. Podléhají dezinformacím a šíří je. Jsou proruští.",0,0,0,0,0,0,0,1,0,0,0,0,0,0,0,0,0,0,0,0,0,0,0,0,0,0,1,0,0,1,0,0,0,0,0,0,0,0
R_8ixVsWpkfEPdu0Y,SPD,"Spolehliví, empatičtí, podporující, ohleduplní.. ","Sobečtí, kteří myslí jen na sebe a dobro pro ostatní tam nehraje roli. ",0,0,0,0,0,0,0,0,0,0,0,0,0,0,0,0,0,0,0,0,0,0,0,0,0,0,0,0,0,0,0,0,0,0,0,0,0,0
R_8fxKr9fooBsMbIt,ODS,Od státu nic neočekávají a umí se o sebe postarat,"Čekají, že se o ně někdo postará ",0,0,0,0,0,0,0,0,0,0,0,0,0,0,0,0,0,0,0,0,0,0,0,0,0,0,0,0,0,0,0,0,0,0,0,0,0,0
R_2EddHHKp1EQPeD0,ANO,Ze to jsou lidi vzdělaní ,Nijak. Ze mají opačný názor jako ja ,0,0,0,0,0,0,0,0,0,0,0,0,0,0,0,0,0,0,0,0,0,0,0,0,0,0,0,0,0,0,0,0,0,0,0,0,0,0
R_8DC07dzAywvwgDX,TOP09,"Lidé, kteří mají přehled o tom, co se ve světě, republice deje, lidé vzdělaní


",Nemám si většinou s nimi co říct. Jde o jinou věkovou skupinu.,0,0,0,0,0,0,0,0,0,0,0,0,0,0,0,0,0,0,0,0,0,0,0,0,0,0,0,0,0,0,0,0,0,0,0,0,0,0
R_8K2WVcM1TXna32n,ANO,"jak jsem již psala, každý má právo na svůj názor, vyznání a volbu, nesoudim.Kazdopadne je jasné že společné zájmy a názory spojují, s člověkem který volí jinou stranu se do větší debaty nepoustim aby situace neeskalovala. Se Stejnym voličem jako já si určitě vyměním ráda názory a postezujeme si :-)","Jsou to lidské bytosti jako já. Každý má právo na svůj názor a každý má svůj důvod a přesvědčení koho chce volit. Nesoudim nikoho , respektují jejich názor.",0,0,0,0,0,0,0,1,0,0,0,0,0,0,0,0,0,0,0,0,0,0,0,0,0,0,0,0,0,0,0,0,0,0,0,0,0,1
R_8SkjLwkZiccQLKL,Other,"Zastánci tradičních hodnot. Lidé toužící po svobodě, míru a spravedlnosti. Laskyplní lidé chtějící dobro pro všechny, empatičtí lidé.","Zaslepení otroci. Konzumní nenasytní lidé, kteří vyměnili svobodu za falešný pocit lepšího života, za pocit pohodlí a nenažranosti. Chamtiví, zlí lidé bez charakteru a národního cítění. Odpůrci tradičních hodnot.",0,0,0,0,0,1,0,0,0,0,0,0,0,0,0,0,0,0,0,0,0,0,0,0,1,0,0,0,0,0,0,0,0,0,0,0,0,0
R_2Nzl1xf5k5VxC3e,KDU-CSL,"laskaví, přátelští. Nerozlišuji jestli mají stejný názor nebo ne, Je mi to jedno",každý má svůj názor a do této debaty se nepouštím,0,0,0,0,0,0,0,1,0,0,0,0,0,0,0,0,0,0,0,0,0,0,0,0,0,0,0,0,0,0,0,0,0,0,0,0,0,0
R_2gpFJVCwTb0xdpd,ODS,"Mají za sebou kus aktivního života, zažili potlačování osobních zájmů, jejich předci byli perzekuováni, dokáží si vážit svobody, nechtějí tadlužovat blastní děti","Ztratili paměť , neznají historii vlastního národa, nemají žádnou sebereflexi, nepřemýšleji nad bodoucností",0,0,0,0,1,1,0,0,0,0,0,0,0,0,0,0,0,0,0,0,0,0,0,0,0,0,0,0,0,0,0,0,0,0,0,0,0,0
R_2PpXxmifoaJFuWx,Other,Vyššího věku a střední třídy.,Lidé mladšího věku proti EU volající po vládě silné ruky.,1,0,0,0,0,0,0,0,0,0,0,0,0,0,0,0,0,0,0,0,0,0,0,0,0,0,0,0,0,0,0,0,0,0,0,0,0,0
R_2bM0FDdXZXRHP1L,," vlastní názor je důležitý, ale nemusí být  správný",možnám ví víc než já,0,0,0,0,0,0,0,0,0,0,0,0,0,0,0,0,0,0,0,0,0,0,0,0,0,0,0,0,0,0,0,0,0,0,0,0,0,0
R_2fUA3gWOimUL4Uu,,se zdravým rozumem která se nenechá ovlivňovat,respektuji jejich názory nemám potřebu je ovlivňovat ,0,0,1,0,0,0,0,0,0,0,0,0,0,0,0,0,0,0,0,0,0,0,0,0,0,0,0,0,0,0,0,0,0,0,0,0,0,1
R_80Avm7clDlwKoRo,KDU-CSL,"Jsou empatičtí, jde jim o budoucnost, snaží se vidět vše v širších souvislostech.","Nečtou, zajímají se jen o to, co se jich bezprostředně týká, mají předsudky, nejsou schopní empatie, vyrůstali v prostředí, které jim k tomu nedalo vhodné podněty.",0,0,0,0,0,0,0,0,0,0,0,0,0,0,0,0,0,0,0,0,0,0,0,0,0,0,0,0,0,0,0,0,0,0,0,0,0,0
R_2pzB6q2ziLG7C9n,Other,"Anarchisté podporující volný trh. Lidé věřící tomu, že vše, co neškodí okolí by mělo být legální. Ekonomická pravice požadující nízké až žádné daně a malou až žadnou moc státu.","Etatisté - lidé co chtějí silný stát, vysoké daně a čekají, že stát vše zařídí. Obhajují státní neefektivitu, ikdyž je centrální plánování nemožné v takovém rozsahu. Socialisté všeho druhu - národní i komunisté.",0,0,0,0,0,0,0,0,0,0,0,0,0,0,0,0,0,0,0,0,0,0,0,0,0,0,0,0,0,0,0,0,0,0,0,0,0,0
R_2CDV8tA60KwiKrF,ODS,"Mám své favority i své neoblíbence ale v rámci mého života mě nijak neovlivňuje, co se nyní odehrává na politické scéně. Peníze mít budu, pracovat budu zbytek se uvidí. ","Lidé, kteří vše vyhroceně řeší. ",0,1,0,0,0,0,0,0,0,0,0,0,0,0,0,0,0,0,0,0,0,0,0,0,0,0,0,0,0,0,0,0,0,0,0,0,0,0
R_2rAIEXdER9HSkIr,ANO,"vyvstalé potíže řeší vlastním nasazením
spoléhají hlavně na sebe
plní bezezbytku své povinnosti pracovní, celospolečenské, etické, mravní","své povinnosti, tak jako i své nasazení rádi přenášejí na druhé a ty činí zodpovědnými za případný neúspěch
rádi zajišťují svou sociální úroveň na úkor druhých
nezodpovědně se chovají při řešení poltických, sociálních, ekonomických procesů",0,0,0,0,0,0,0,0,0,0,0,0,0,0,0,0,0,0,0,0,0,0,0,0,0,1,0,0,0,0,0,0,0,0,0,0,0,0
R_82QEj8FuefGRqUU,ANO,"Realističtější, objektivní, sledující dění kolem sebe. ",Neinformovaní o situaci v Česku bebi naopak ovlivněni fake news a dezinformacemi,0,0,0,0,0,0,0,0,0,0,0,0,0,0,0,0,0,0,0,0,0,0,0,0,0,0,0,0,0,1,0,0,0,0,0,0,0,0
R_2xxHsHZRakSb2PV,ANO,"Jsou pro podporu Ukrajiny, podporu podrážky nacistického Ruska. Ale vadí jim, že současná vláda na své občany úplně kašle, vše zdražuje, máme snad nejdražší energie v EU, sami si zvyšují platy. ","A) prorusky smýšlející lidé typu Fico, jsem zásadně proti Rusky, tento režim musí padnout a nechápu lidi, kteří ho podporují
B) lidé, kteří podporují tuto vládu, která sdírá lidi z kůže, doslava se směje lidem, zvyšuje daně a vše možné a sama si zvýší platy",0,0,0,0,0,0,0,0,0,0,0,0,0,0,0,0,1,0,0,0,0,0,0,0,0,0,0,0,0,0,0,0,0,0,0,0,0,0
R_8E594WNs7I4jOLG,,"lidé, kteří jsou vzdělání, nemusí úplně řešit existenční otázky. zajímají se o dění, ale nijak víc to neprožívají. jsou schopni dělat kompromisy ","myslím di, že nelze úplně popsat takový typ lidí. znám lidi, kteří mají rozdílný názor jako já, ale jsou to vzdělání lidé jako já ",0,0,0,0,0,0,0,0,0,0,0,0,0,0,0,0,0,0,0,0,0,0,0,0,0,0,0,0,0,0,0,0,0,0,0,0,0,0
R_2FV88J5tV01lwMJ,Pirati,"Lidé kolem mě, ve věku kolem 25-35 let, lidé kteří přemýšlejí nad budoucností jak svoji tak svých dětí a není jim jedno, v čem budou jejich děti vyrůstat. ","Velmi často se setkávám s tím, že takto rozlišné názory má starší generace. Bohužel mi přijde, že často nemyslí na to, že ne oni, ale my mladí tu budeme žít dalších 50 let a ovlivní náš život strana co bude zvolená např.",0,0,0,0,1,0,0,0,0,0,0,0,0,0,0,0,0,0,0,0,0,0,0,0,0,0,0,0,0,0,0,0,0,0,0,0,0,0
R_8gUT4N842o3wgYe,ANO,"To jsou lidé kteří si umějí spočítat, že nemohou utratit více peněz než si vydělají. Nebo musí mít našetřeno na horší časy.",Asi si nevidí na špičku nosu.,0,0,0,0,0,0,0,0,0,0,0,0,0,0,0,0,0,0,0,0,0,0,0,0,0,0,0,0,0,0,0,0,0,0,0,0,0,0
R_85RwViW8l5sfLDS,SPD,"Nepodporují migranty, nesouhlasí s energetickými opatřeními vůči Rusku a díky tomu zvyšování cen za elektriku a plyn, nesouhlasí s Green deal","schvalují migraci, jsou pro green deal, jsou pto vládu Petta Fialy",0,0,0,0,0,0,0,0,0,0,0,0,0,0,0,0,0,0,0,0,0,0,0,0,0,0,0,0,0,0,0,0,0,0,0,0,0,0
R_2imBmjR4MK85aBz,ODS,Lidi kteří v životě vědí co chtějí ,Absolutní neznalci politiky ,0,0,0,0,0,0,0,0,0,0,0,0,0,0,0,0,0,0,0,0,0,0,0,0,0,0,0,0,0,0,0,0,0,0,0,0,0,0
R_8nOcefrPUu4CAcS,KSCM,Jsou empatičtí a vyrovnaní,vypořítavý a demagogičtí,0,0,0,0,0,0,0,0,0,0,0,0,0,0,0,0,0,0,0,0,0,0,0,0,0,0,0,0,0,0,0,0,1,0,0,0,0,0
R_2qamghubfR1iwjz,KSCM,lidé  chápající realitu života ,Většinou se jedná o lidi bohaté s nejasností zbohatnutí,0,0,0,0,0,0,0,0,0,0,0,0,0,0,0,0,0,0,0,0,0,0,0,0,0,0,0,0,0,0,0,1,0,0,0,0,0,0
R_8DBdraa3ZSVJV6D,,starší lidé mají podobné názory,názory se prostě liší,0,0,0,0,0,0,0,0,0,0,0,0,0,0,0,0,0,0,0,0,0,0,0,0,0,0,0,0,0,0,0,0,0,0,0,0,0,0
R_8cvmoIOWhg4gR2l,ANO,umějí počítat a proto se udrží při životě,Třeba začnou počítat a pak jim ledacos dojde,0,0,0,0,0,0,0,0,0,0,0,0,0,0,0,0,0,0,0,0,0,0,0,0,0,0,0,0,0,0,0,0,0,0,0,0,0,0
R_2KJS625OoMmrRlv,ODS,"otevřeni novým výzvám, rádi cestují, poznávají nové lidi a kultury, pracují na sobě a vzdělávají se","nezajímají se o dění kolem sebe, často lpějí na svém konzervativním pohledu na svět, nepracují na sobě",0,0,0,0,0,0,0,0,0,0,0,0,0,0,0,0,0,0,0,0,0,0,0,0,0,0,0,0,0,0,0,0,0,0,0,0,0,0
R_83r63dvSepXtZEd,ANO,"Patřím ke generaci, jak se říká : starších lidí,mám s nimi přibližně stejné názory.My jsme byli
vychování: starších lidí jsme si vážili a ctili.Byli jsme vedeni ke slušnosti,ochotě a zdvořilosti.Mysleli jsme na budoucnost( na zadní kolečka).
Dnes mladí zastávají názor,že nyní žijí.Neuznávají, většina,názory jiných,nepřemýšlí
o budoucnosti a zajímají je většinou peníze a výše vzdělání.
Dospěli jsme do stádia,že máme hodně vysokošloláků a žádné řemeslníky( zedníky,malíře,
pokrývače a pod.).




","Já mám svůj názor,nikomu jej nevnucuji a respektuji jeho názor.Snažím se vyhnout lidem,kteří zastávají odlišný názor než mám já a raději se jim vyhnu nebo se nepouštím do dalšího rozhovoru.Dále se snažím věřit tomu,
co vidím na vlastní oči a také to na co si mohu sáhnout.",0,0,0,0,0,0,0,0,0,0,0,0,0,0,0,0,0,0,0,0,0,0,0,0,0,0,0,0,0,0,0,0,0,0,0,0,0,1
R_8akvvWkvnhYOTi9,Pirati,Jsou sympatičtí a empatičtí,Jsou nesympatičtí a neempatičtí,0,0,0,0,0,0,0,0,0,0,0,0,0,0,0,0,0,0,0,0,0,0,0,0,0,0,0,0,0,0,0,0,0,0,0,0,0,0
R_2ZNqe1hZ8P70PST,ANO,selský rozum vždy vítězil. ten kdo usiluje o degradaci vzdělání by měl být sám odstraněn,"politik je parazit . je třeba tak jak byl zvolen a neplní a nesnaží se pro lidi dělat, aby byl odvolán",0,0,1,0,0,0,0,0,0,0,0,0,0,0,0,0,1,0,0,0,0,0,0,0,0,0,0,0,0,0,0,0,0,0,0,0,0,0
R_8xLQHZlACM6UOTH,,"Apolitičtí, se strachem, že bude ještě hůř.","Draví, sobci, většinou myslící na svůj osobní prospěch.",0,0,0,0,0,0,0,0,0,0,0,0,0,0,0,0,0,0,0,0,0,0,0,0,0,0,0,0,0,0,0,0,0,0,0,0,0,0
R_22tCY1dpLbJXcH3,ANO,"Tito lidé sledují dění v této zemi a vidí,kam to součastná vláda směřije.",Protože jsou nekritičtí a volí součastnou vládu bez rozmyslu.,0,0,0,0,0,0,0,0,0,0,0,0,0,0,0,0,1,0,0,0,0,0,0,0,0,0,0,0,0,0,0,0,0,0,0,0,0,0
R_8ltdNL05i3p8Wvb,ANO,"Mají rozumný názor. Názory, které vláda ODS považuje za špatné, nemusí být špatné.","Lidi, kteří znovu zavádějí cenzuru a za jiné názory dokonce posílají někoho do kriminálu, nemají v politice co dělat!",0,0,1,0,0,0,0,0,0,0,0,0,0,0,0,0,1,0,0,0,0,0,0,0,0,0,0,0,0,0,0,0,0,0,0,0,0,0
R_2hsSqPQlUBCYvlV,ANO,"Politiku tolik neřeším, žiju tak, abych byla šťastná a přizpůsobím se tomu, co přijde. Nějak bylo, nějak bude, nevidím důvod proč se tím stresovat.",Nerozlišuji lidi podle toho jak vnímají politiku. Ať si každý volí koho chce. O politice se s lidmi většinou vůbec nebavím.,0,0,0,0,0,0,0,0,0,0,0,0,0,0,0,0,0,0,0,0,0,0,0,0,0,0,0,0,0,0,0,0,0,0,0,0,0,0
R_8XdLvSzH6JIOaew,STAN,"S vlastním názorem, mimo proud společnosti ","Starý, sobecký, hloupí, bez vlastního názoru

",0,0,0,0,0,0,0,1,0,0,0,0,0,0,0,0,0,0,0,0,0,0,0,0,0,0,0,0,1,0,0,0,0,0,0,0,0,0
R_82QllwzYTFGpk8o,,"Jsou to lidé, kteří třeba nemají televizi nebo ji nesledují. Nebo když už poslouchají , tak si vyslechnou všechny strany a pak si zhodnotí, co jim je nejbližší. Do politických diskuzí se moc nepouští, spíše je jenom sledují. ","Jsou to jen další lidé s jinými názory. Kdybychom měli všichni stejný názor bylo by to smutné. Jsou to třeba lidé, kteří hodně věnují pozornost médiím a politikům. A nechávají se hodně ovlivnit 1 stranou a pak už neslyší další strany a názory jiných. ",0,0,0,0,0,0,0,0,0,0,0,0,0,0,0,0,0,0,0,0,0,0,0,0,0,0,1,0,0,0,1,0,0,0,0,0,0,0
R_2pKKprRcyEaoUOp,ANO,Jsou to lidé seriózní a přemýšlející o své budoucnosti.,"Nevědí co chtějí. Nevidí budoucnost a je jim vše ukradene
",0,0,0,0,0,0,0,0,0,0,0,0,0,0,0,0,0,0,0,0,0,0,0,0,0,0,0,0,0,0,0,0,0,0,0,0,0,0
R_8ZKWYqtOnM48aGU,ANO,mají snahu pomoci a jsou rozumní ,podlehli lživým informacím,0,0,1,0,0,0,0,0,0,0,0,0,0,0,0,0,0,0,0,0,0,0,0,0,0,0,0,0,0,0,0,0,0,0,0,0,0,0
R_8PbyBTA5nXOz6LL,ODS,"Vědí, že už toho v politice moc zachránit nejde, a je důležité alespoň zkusit zabránit těm nejvíc škodlivým lidem, aby se tam dostali. Například Babiš, který dokáže v těch intelektuálně slabších lidech probudit hysterii, paniku, ovčí chování a podobné... hlavně fanatické myšlení. Je důležité chodit volit, aby se zabránilo jemu podobným, dostat se na vyšší pozice, ale vlastně nejde vybrat nikoho, kdo by dokázal něco změnit, nebo něco zlepšit. ","Myslí si, že Babiš a jemu podobní zachrání svět. Že jsou to takový jejich malí bohové a vlastně ho milují (i když politiků si máme maximálně vážit, nemáme k nim mít jakékoli silnější pocity), zároveň si myslí, že pokud ho nezvolíme, tak se stanou všechny ty konspirační teorie, jako že nám do bytu nastěhují cizince a že pokud nezvolíme ANO tak všichni umřem.",0,0,0,0,0,0,0,1,0,0,0,0,0,0,1,0,0,0,0,0,0,0,0,0,0,0,0,0,0,0,0,0,0,1,0,1,0,0
R_815Izz2bXhS4kkv,Pirati,"Tak, že se zajímají o politiku i společenská témata, sledují dění, chodí pravidelně k volbám.","Nemám nejmenší tušení, jak bych měl tyto lidi popsat. Zjevně tak, že se nezajímají o politiku ani problémy ve společnosti, pokud to mají vidět odlišně.",0,0,0,0,0,0,0,0,0,0,0,0,0,0,0,0,0,0,0,0,0,0,0,0,0,0,1,0,0,0,0,0,0,0,0,0,0,0
R_2QsBK5Iykgo2iAx,ANO,"Známe se dlouhé roky,máme stejný vkus a poškozeni únorem 1948","Lidé,kteří se nechtějí dále vzdělávat,nechtějí cestovat a záleží jim pouze na jídle.",0,0,0,0,0,0,0,1,0,0,0,0,0,0,0,0,0,0,0,0,0,0,0,0,0,0,0,0,0,0,0,0,0,0,0,0,0,0
R_8XpIXsfwEpqXS5H,ANO,"Nižšĺ a střední vzdělání, celkový přehled o politickém dění i ekonomice u nás i v dalších státech.","Patří k mladší generaci, mají vyšší vzdělání,  jisté zaměstnání, vyšší příjmy, maximálně 3 děti, kompletní rodinu. ",1,0,0,0,0,0,0,0,0,0,0,0,0,0,0,0,0,0,0,0,0,0,0,1,0,0,0,0,0,0,0,0,0,0,0,0,0,0
R_8iVyPxL6LTdTHS0,STAN,"pravicoví, slušní, nejsou v politice pro peníze","jsou v politice pro peníze, arogantní, vulgární, ostatní lidi je nezajímají",0,0,0,0,0,0,0,0,0,0,0,0,0,0,0,0,0,0,0,0,0,0,0,0,0,0,0,0,0,0,0,0,0,0,0,0,0,0
R_8tM7o66k32DbVwF,Other,"jsou pro svobodu slova, nevidí svět černobíle, jsou pro zrušení dotací (kromě sociálních - charita), jsou pro registraci neziskovek, které jsou finančně podporovány z ciziny, hájí zájmy obyvatel ČR a nikoliv jiných  zemí, jsou proti Green Dealu a diktátu Bruselu.","černobílé myšlení, vymyté mozky kampaní za elektromobily a snížení  uhlíkové stopy, sklon nenávidět zastánce opačných názorů, fanatismus, přesvědčení o své jediné pravdě.",0,0,0,0,0,1,0,0,0,0,0,0,0,0,0,0,0,0,0,0,0,0,0,0,0,0,0,0,0,0,0,0,0,0,0,0,0,0
R_8CjvDW37FCCJSbB,ODS,"Hodně lidí z této skupiny má špatné zkušenosti z doby komunismu. Velmi často jsou to lidé kteří přemýšlí o své budoucnosti a ví, že jsou odpovědni za svou budoucnost. Překvapilo mě, že nezáleží na vzdělání, ale na ochotě hledat argumenty.","Tito lidé často nevnímali ani negativní vlastnosti v době komunismu, nebo patřili mezi ty, kteří využívali pozitiva toho systému. Mám mezi těmito lidmi kamarády z mládí a už jsem zjistila že argumentovat mými politickými názory je zbytečné. Prostě mají svůj názor a nechtějí o něm diskutovat. Myslím že potřebuji někoho, kdo jim slíbí lepší život bez problémů nebo málo problémy.",0,0,0,0,0,0,1,0,0,0,0,0,0,0,0,0,0,0,0,0,0,0,0,0,0,0,0,0,0,0,0,0,0,0,0,0,0,0
R_8pSBrgv2vdMSnw2,,"Střední nebo nižší vrstva lidí, lidé narození před rokem 1989, lidé se smyslem pro spravedlnost, lidé kteří chtějí kompetentní politiky.","Lehce manipulativní, více naivní a méně zkušení.",1,0,0,0,0,0,0,0,0,0,0,0,0,0,0,0,0,0,0,0,0,0,0,0,0,0,0,0,0,0,1,0,0,0,0,0,0,0
R_8f1dmGzrrdWWeop,KSCM,"inteligentní  vzdělaní ,nejsou sociopati",povrchní a nevzdělaní,0,0,0,0,0,0,0,0,0,0,0,0,0,0,0,0,0,0,0,0,0,0,0,0,0,0,0,1,0,0,0,0,0,0,0,0,0,0
R_22FFtasqDucUane,,Jsou to lidé co uznávají hodnoty a nemají rádi extrémismus,Tento typ lidí nemám rád a oni sami mají problém s kompromisy ,0,0,0,0,0,0,0,0,0,0,0,0,0,0,0,0,0,0,0,0,0,0,0,0,0,0,0,0,0,0,0,0,0,0,0,0,0,0
R_8CvDaEf9YPJ79kJ,STAN,"nespokojení se současným systémem, racionálně uvažující, mimo hlavní názorový proud","neracionálně ,příliš tolerantně",0,0,0,0,0,0,0,0,0,0,0,0,0,0,0,0,0,0,0,0,0,0,0,0,0,0,0,0,0,0,0,0,0,0,0,0,0,0
R_8QnjVWPtkJKeLzW,,"Nevim, neumím takové lidi popsat ",Velmi podobné jako předchozí - tedy bez popisu,0,0,0,0,0,0,0,0,0,0,0,0,0,0,0,0,0,1,0,0,0,0,0,0,0,0,0,0,0,0,0,0,0,0,0,0,0,0
R_2kLI9CWRO3S3X9F,ANO,"Vzdělaní lidé pracující jako řadový zaměstnanci, s rodinou.",Arogantní podnikatel myslící převážně jen na sebe a na své zisky. ,0,1,0,0,1,0,0,0,0,0,0,0,0,0,0,0,0,0,0,0,0,0,0,0,0,0,0,0,0,0,0,0,0,0,0,0,0,0
R_8EFvSWUxHn8z7T6,SPD,znechuceni stávající politikou a očekávající změny k lepšímu pro obyčejné lidi ,nepoučitelní z minulých voleb,0,0,0,0,0,0,0,0,0,0,0,0,0,0,0,0,0,0,0,0,0,0,0,0,0,0,0,0,0,0,0,0,0,0,0,0,0,0
R_2qF67PcTWRqkNG4,Other,"Tito lidé vědí, že takhle už to dál nejde, že je potřebná změna v přístupu k lidem.","Jsou to lidé, kteří slepě věří SPOLU, i když za tři roky vládnutí tento spolek nic nedokázal.",0,0,0,0,0,0,0,0,0,0,0,0,0,0,0,0,0,0,0,0,0,0,0,0,0,0,0,0,0,0,0,0,0,0,0,0,0,0
R_8HbDsHqutk6cz1t,ANO,"Jde o lidi, kteří jsou ochotni o různých problémech diskutovat, případně se i vyjádřit jak by to mělo vypadat, jak by se měla věc řešit. Nechtějí problémy řešit násilím, zbytečně nenálepkují.","Popsat tyto lidi je dosti složitý úkol, ale v zásadě se dá říci, že se politice např. nijak nevěnují , nerozumí systému, nejsou  tzv. v obraze, další roli hraje např. i nízký věk nebo naopak velmi vysoký věk, nedostatek životních zkušeností, špatný vnější vliv na myšlení vzhledem k tomu v jakém žijí prostředí apod.",0,0,0,0,0,0,0,0,0,0,0,0,0,0,0,0,0,0,0,0,0,0,0,0,0,0,0,0,0,0,0,0,0,0,0,0,0,0
R_8mf61IlcoZnFvd9,Other,"Musí to být lidé, kteří podporují opravdovou demokracii, to jest otevřeně diskutují, ale v době kdy je uzavřena diskuse se podporují názor většiny. V současné době u nás není demokracie protože si většina obyvatel, hlavně ti mladí myslí, že demokracie je to, že si mohou za všech okolností dělat co oni chtějí. Nerespektují většinový názor. Společnost je nenaučila co je demokracie, kterou zúžila jen na možnost cestování, nakupování a spotřebě a možnosti dělat si co chci JÁ. ","Většinou jsou to lidé, kteří si myslí, že za peníze je možno si koupit vše. I právě názory ostatních lidí. Z toho plyne, že pro peníze udělají vše.",0,0,0,0,0,0,0,1,0,0,0,0,0,0,0,0,0,0,0,0,0,0,0,0,0,0,0,0,0,0,0,0,0,0,0,0,0,0
R_8BR6Vxe17ITGjF9,KSCM,Normální a inteligentní ne idioti co volili 5ti demolici,"idioti, čuráci, zloději, kundy, feťáci",0,0,0,1,0,0,0,0,0,0,0,0,0,0,0,0,0,0,0,0,0,0,0,0,0,0,0,0,0,0,0,0,0,0,0,0,0,0
R_2AZjet1y0LRIAQJ,,"Moc se s lidma o politice nebavím, nezajímá mně to.","nevím, až tak se o politiku nezajímám",0,0,0,0,0,0,0,0,0,0,0,0,0,0,0,0,0,0,0,0,0,0,0,0,0,0,0,0,0,0,0,0,0,0,0,0,1,0
R_2Kj0wTHz14wiiMn,ANO,"Začal bych podporou rodin s dětmi, podpora rozvoje bydlení, zrušil bych podpory flákačům a co nejrychleji se zbavil krimigrantů",typický volič pirátů a vítač krimigrantů,0,0,0,0,1,0,0,0,0,0,0,0,0,0,0,0,0,0,0,0,0,0,0,0,0,0,0,0,0,0,0,0,0,0,0,0,0,0
R_2fJpsoU0ywcba6Q,,Nejsou do těchto problémů extra zainteresováni,Každý má právo na jiný názor ,0,0,0,0,0,0,0,0,0,0,0,0,0,0,0,0,0,0,0,0,0,0,0,0,0,0,0,0,0,0,0,0,0,0,0,0,0,0
R_8qeRCFoewkO4XHj,STAN,"Tyto lidi bych popsalatak, že se  o politiku a spol.problémy zajímají proto,aby věděli,co se na politické scéně děje. .Co jednotlivé strany provádějí a jak si vede ta jejich. Nezabývají se úplně do hloubky o politiku, ale mají rádi přehled  o dění.","Lidé, kteří vnímají politiku a spol.problémy zcela odlišně než já, beru úplě normálně, nejsem proti nim vysazená a mám je  i mezi svými přáteli. Ale  s těmito přáteli politiku moc neprobíráme, protože bychom se mohli dostat do sporů a to nechceme.Každý člověk si musí srovnat,jak dalece se chce těmito problémy zabývat.",0,0,0,0,0,0,0,0,0,0,0,0,0,0,0,0,0,0,0,0,0,0,0,0,0,0,0,0,0,0,0,0,0,0,0,0,0,0
R_2h3Kyf3pVBDp13b,Other,"Zásadový , rovní, upřímní, rozumní ","Fanatici, zbohatlíci",0,0,1,0,0,0,0,0,0,0,0,0,0,0,0,0,0,0,0,0,0,0,0,0,0,0,0,0,0,0,0,0,0,0,0,0,0,0
R_2mLhrefri4w8aOi,,"Platí to stejné, jako u popisu opačné strany.","Záleží, z jakého důvodu vnímají politiku a co od ní očekávají a také, jakým způsobem prezentují své pojetí. Nemůžu je tedy popsat. Každý jsme individuum a vnímání politiky je jen jedno z mnoha hledisek, které nás ovlivňují. ",0,0,0,0,0,0,0,0,0,0,0,0,0,0,0,0,0,0,0,0,0,0,0,0,0,0,0,0,0,0,0,0,0,0,0,0,0,0
R_8dY9H34G53F8Ghc,ODS,Jsou to lidé kteří mají skvělé realistické myšlení a jsou schopni myslet do budoucna ,Jsou to především lide důchodoveho věku a lidé kteří nechají sami se sebou manipulovat ,0,0,0,0,0,0,0,0,0,0,0,0,0,0,0,0,0,0,0,0,0,0,0,0,0,0,0,0,0,0,1,0,0,0,0,0,0,0
R_2aBqVwRIcZjmdah,ANO,Znají konkrétní problémy i jsou ochotni diskutovat ,"Jsou neochotní přijmout jinou verzi, než jejich.moc mluví, bez argumentů",0,0,0,0,0,0,0,0,0,0,0,0,0,0,0,0,0,0,0,0,0,0,0,0,0,0,0,0,0,0,0,0,0,0,0,0,0,0
R_2VwhGhV1YZk2V5P,ANO,"Lidi s ekonomickým rozhledem, alespoň středně vzdělaní, respektující názor druhých, schopný komunikovat s kýmkoli","neschopní dělat kompromisy, prosazují pouze vlastní zájmy",0,0,0,0,0,0,0,0,0,0,0,0,0,0,0,0,0,0,1,0,0,0,0,0,0,0,0,0,0,0,0,0,0,0,0,0,0,0
R_2rZ78IDDF1vmXDL,,"nezajímají se o politiku , pro nás tady dole se nic nezmění","Stresoví lidé , nemají chvíli klid",0,0,0,0,0,0,0,0,0,0,0,0,0,0,0,0,0,0,0,0,0,0,0,0,0,0,0,0,0,0,0,0,0,0,0,0,0,0
R_8M9aYLytAlMhidY,ANO,"Jsou to lidé poctiví srdeční, žádní tlučhubové, pracovití","falešní, nemakačenka, snažící se každého odrbat, nemají svůj vlastní názor, jen papouškují",0,1,0,0,0,0,0,0,0,0,0,0,0,0,0,0,0,0,0,0,0,0,0,0,0,0,0,0,0,0,0,0,0,0,0,0,0,0
R_8agRmrgElzYP1mN,Pirati,"Nesnáší nespravedlnost, korupci, má sociální cítění.","Nejčastěji to jsou voliči ODS, prospěcháři, rozkrádači, šmejdi.",0,0,0,0,0,0,0,0,0,0,0,0,0,0,0,0,0,0,0,0,0,0,0,0,0,0,0,0,0,0,0,0,0,0,0,1,0,0
R_8aFWRAp44oWqWiv,Other,"Jsou to lidičky, kterým jde především o naši Českou republiku, které hodně štve, jak naše vláda zadlužuje tuto zemičku, lidičky, kteří nesnáší nespravedlnost a kteřým není lhostejné, co se tady děje a není jim lhostejná cenzura, která tady probíhá. Rovněž sdělovací prostředky, především Česká televize nejsou vůbec objektivní a to by si chtěli zvednout koncesionářské poplatky a za co? za to jak nám tady lžou a do televize dávají jen to, co se jim hodí a to, co po nich požaduje naše vláda a EU.","Myslím si, že to jsou lidé zazobaní, kterým jde jen o majetek a vůbec na blaho obyčejných lidí, pracujících a někdy hodně těžko pracujících, vůbec nemyslí. Za svým jednáním vidí jenom své zisky a také se tak chovají a vůbec jim nejde o Českou republiku, viz Fialova nyní již čtyřkolka.Zadlužují naši zemi, přednost mají Ukrajinci před našimi občany a přitom jsou to daně našich lidí. ",0,0,0,0,0,0,0,0,0,0,0,0,0,0,0,0,1,0,0,0,1,0,1,0,0,0,0,0,0,0,0,0,0,0,0,0,0,0
R_2uiPoRofZYt5GRH,KDU-CSL,"finanční situace, nedostupnost bydlení",nejsou dost informovaní,0,0,0,0,0,0,0,0,0,0,0,0,0,0,0,0,0,0,0,0,0,0,0,0,0,0,0,0,0,0,0,0,0,0,0,0,0,0
R_8SGNdHQO5t4L4fy,SPD,lze s nimi komunikovat bez problémů,mohu komunikovat s každým,0,0,0,0,0,0,0,0,0,0,0,0,0,0,0,0,0,0,0,0,0,0,0,0,0,0,0,0,0,0,0,0,0,0,0,0,0,0
R_8QDj1ogJCOlrn1n,STAN,Pracujci s mnoha zajmi min stredoskolak,Socialne slabsi nevzdelani,0,0,0,0,0,0,0,0,0,0,0,0,0,0,0,0,0,0,0,0,0,0,0,0,0,0,0,0,0,0,0,0,0,0,0,0,0,0
R_81vMC4DA1UscHg7,,"Normální, přemýšlející..s vlastním názorem ","jsou mimo realitu, nekritičtí, sebestřední, chtějí vše zadarmo, nemyslí na další generace ",0,0,0,1,0,0,0,0,0,0,0,0,0,0,0,0,0,0,0,0,0,0,0,0,0,0,0,0,0,0,0,0,0,0,0,0,0,0
R_2NbvuCvSXexdcvY,ANO,"Snaží se přijímat jiné názory. Nerozhodují se jen podle aktuálních emocí a jsou schopni uvažovat racionálně a hledět do budoucna. Dokáží si sami udělat názor na věc a nenechají si jen tak něco vnutit. Jsou skeptičtí k dobře znějícím slibům.
","Člověk volící stranu, která zastává extremistické názory a její propagace není příliš vhodná a zachází až do krajností. Nepřemýšlí nad tím, jak daná strana působí na lidi. Často kritizuje odlišný názor.",0,0,0,0,0,0,0,0,0,0,0,0,0,0,0,0,0,0,0,0,0,0,0,0,0,0,0,0,0,0,0,0,0,0,0,0,0,0
R_8dgS2X8FBySKK5P,SPD,"Informováni lidé kteří se zajimají o budoucnost.
Vlasti zradce z pětikolky budou souzeni",Nezajímají se o nic je jim to jedno nebo poslouchají lži v televizi,0,0,0,0,0,0,0,0,0,0,0,0,0,0,0,0,0,0,0,0,0,0,0,0,0,0,0,0,0,0,0,0,0,0,0,0,0,0
R_2QmGS1RpdKsE2Pw,ANO,Voliči převážně ANO apod.,"ODS,Piráti,tyto voliče nemusím ",0,0,0,0,0,0,0,0,0,0,0,0,0,0,1,0,0,0,0,0,0,0,0,0,0,0,0,0,0,0,0,0,0,0,0,1,0,0
R_2mf0CH5hI3ZCDQm,,"to opravdu nwtusim, nic konkretniho me v tuto chvili nenapada","nevim jak bych to popsala, nelze to generalizovat",0,0,0,0,0,0,0,0,0,0,0,0,0,0,0,0,0,0,0,0,0,0,0,0,0,0,0,0,0,0,0,0,0,0,0,0,0,0
R_8KJxNjtlWEOwUDc,ANO,"Mají zdravý rozum a vidí, co se tady děje ","Nemyslím si, že by tito lidé měli zdravý úsudek. ",0,0,1,0,0,0,0,0,0,0,0,0,0,0,0,0,0,0,0,0,0,0,0,0,0,0,0,0,0,0,0,0,0,0,0,0,0,0
R_2u0O7PNJb021OTv,ANO,Ziji zivot jako ja a pri dnesni vlade sme se my kteri vydelavaji rukama pomalu propadli az na dno nemluve o tom kdyt mate rodinu to posledni 3 roky vydelavate jen na to aby st3 uzivili rodinu a nemate cas ani na to byt sam sebou,Nevim neznam nechci znat,0,0,0,0,1,0,0,0,0,0,0,0,0,0,0,0,0,0,0,0,0,0,0,0,0,0,0,0,0,0,0,0,0,0,0,0,0,0
R_20GYGhrT1TE5bZy,ANO,"Tyhle věci já neřeším, jak jsem psal, každý má svůj názor.","každý má svůj názor, takže vymlouvat někomu to, co si myslí, že je správné je hloupost.",0,0,0,0,0,0,0,0,0,0,0,0,0,0,0,0,0,0,0,0,0,0,0,0,0,0,0,0,0,0,0,0,0,0,0,0,0,0
R_8NniSMFSWPRzyrD,ANO,nevím co odpovědět..politika mě zase tak moc neber..spíš pozoruji koho lidi volí..ppřijde mit o praš´t jako uhoď,moc všechno prožívají,0,0,0,0,0,0,0,0,0,0,0,0,0,0,0,0,0,1,0,0,0,0,0,0,0,0,0,0,0,0,0,0,0,0,0,0,0,0
R_24AA7D9XpNTgjdg,ODS,"Považují svobodu myšlení a vyjadřování a volnost cestování za podstatnou část života. Asi prožili socialistickou minulost a vládu KSČ. Nevadí jim stále se učit něco nového a když jim něco nevyjde, tak zkusí pracovat v jiném oboru nebo u jiné firmy. Získávají informace z různých zdrojů a dokáží se v nich orientovat. Znají dějiny naší země a dokážou se poučit z chyb a nezdarů našich předků. Vědí, že politika appeasementu nevede k míru, ale k válce. Jsou ochotni něco pro vlast udělat. Už asi ne tolik, jako Sokolové za Rakouska-Uherska, za první republiky a za Protektorátu. Mám trochu pochybnosti, zdali bychom byli tak ochotni hájit naši svobodu jako naši předkové za mobilizace v roce 1938. Podle egyptologa Bárty civilizace dojedou na to, co je vyneslo na vrchol. Obávám se, že naše civilizace dojede na lidská práva, která jsou podle mne hypertrofovaná, jsou absolutní a nejsou podmíněna plněním lidských povinností.  Myslím si, že jsme vylili s vaničkou i dítě, když jsme nade vše postavili individuum, proti předešlému kolektivismu. Tento kritický dodatek dodávám proto, že ani tato moje srdcová skupina není bez vad.","Jsou uzavřeni do své komunikační bubliny. Věří jen svým soukmenovcům/soudruhům. Nevěří objektivním faktům a informacím. Panuje u nich nostalgie po starých dobrých časech, kdy bylo vše levnější. Hodnota svobodného vyjadřování myšlenek, volného cestování není pro ně přitažlivá. Považují za podstatné mít se dobře a moc nepracovat. Asi závidí úspěšným lidem. Považují všechny bohaté za buržuje, kteří k majetku došli podvodem. Nerozlišují např. mezi (+)Kelnerem a podvodníky z Mostecké uhelné. U mladých voličů této strany panuje idyla o komunistických ideálech, protože neprožili socialistickou a komunistickou realitu. Platí o nich Gottwaldovo heslo : Kdo nejde s námi, jde proti nám. Ale podobná sebranka je také u voličů SPD. Ty považuji za potenciální kolaboranty s případnými ruskými zachvatčiky. Škoda, že jsem nemohl uvést SPD jako druhou nevolitelnou stranu a zdůvodnit to. ",0,1,0,0,0,1,0,0,0,0,0,0,0,0,0,0,0,0,0,0,0,0,0,0,1,0,0,0,0,0,0,1,0,0,1,0,0,0
R_2lfSbJ35iMc7MwY,,vůbec nevím co s tím dělat,vůbec nevím co bych k tomu napsala,0,0,0,0,0,0,0,0,0,0,0,0,0,0,0,0,0,1,0,0,0,0,0,0,0,0,0,0,0,0,0,0,0,0,0,0,1,0
R_8PoeL2yOtKocGqr,ANO,Normalni lide s normalnimi nazory,"Jemi to jedno, kazdy ma pravona svuj nazor",0,0,0,0,0,0,0,0,0,0,0,0,0,0,0,0,0,0,0,0,0,0,0,0,0,0,0,0,0,0,0,0,0,0,0,0,0,0
R_8AEb7EQBtZj3YLt,STAN,"lidé, kteří se o politiku více zajímají, zjišťují si informace, nevěří pouze tomu, co se vykládá v TV nebo píše na internetu, ale ověřují si daná fakta, myslí na budoucnost jak sebe tak svých dětí","lidé, kteří si neúplně a nedostatečně ověřují informace, které jsou jim prezentovány či sdělovány v televizi nebo na internetu, často přebírají pouze názory od ostatních - neumí si utvořit svůj názor, mají předsudky vůči jiným stranám bez toho, aniž by si něco o nich ověřili..byli v takových názorech možná od mala vychováváni, pracují v sektoru, kde se jim zrovna hodí výhody těchto stran nebo jsou to důchodci",0,0,0,0,0,0,0,0,0,0,0,0,0,0,0,0,0,0,0,0,0,0,0,0,0,0,0,0,0,0,0,0,0,0,0,0,0,0
R_2RHXDf772k928il,ODS,"normální pracující lidi, kteří si chtějí užívat života","jsou to chytrolíni, kteří mají peněz nyzbyt a je jim úplně jedno, kdo bude vládnout",0,1,0,1,0,0,0,0,0,0,0,0,0,0,0,0,0,0,0,0,0,0,0,0,0,0,0,0,0,0,0,0,0,0,0,0,0,0
R_2msc7aKGSj3gHEo,Other,Lidi s kraje kde lidi přicházejí o svobody peníze a hlavně bezpečí,Lidi s Prahy a podobných míst kteří žijí v bubline ,0,0,0,0,0,1,0,0,0,0,0,0,0,0,0,0,0,0,0,0,0,0,0,0,0,0,1,0,0,0,0,0,0,0,0,0,0,0
R_8rVCPVdxOINhHjD,,"bezproblémový, klidný, tichý, uzavřený","ukřičený, lživý, velmi extrovertní",0,0,0,0,0,0,0,0,0,0,0,0,0,0,0,0,0,0,0,0,0,0,0,0,0,0,0,0,0,0,0,0,0,0,0,0,0,0
R_8JE67M1aQIQrbvO,KSCM,Mají zájem o zlepšení života v ČR ,To jsou lidi co používají pouze monolog ,0,0,0,0,0,0,0,0,0,0,0,0,0,0,0,0,0,0,0,0,0,0,0,0,0,0,0,0,0,0,0,0,0,0,0,0,0,0
R_8x0sd2BrlXMvOdX,,"Přátelští, zdravý rozum, ","Arogantní, sobecký, neupřimní",0,0,1,0,0,0,0,0,0,0,0,0,0,0,0,0,0,0,0,0,0,0,0,0,0,0,0,0,1,0,0,0,0,0,0,0,0,0
R_2bTLSUX9BC4C7yd,ANO,"snaží se dívat na politiku jako na něco, co většinou nespnuje naše pohledy na věc",za každou cenu si prosazují svoje a nepslochají názor druhých,0,0,0,0,0,0,0,0,0,0,0,0,0,0,0,0,0,0,0,0,0,0,0,0,0,0,0,0,0,0,0,0,0,0,0,0,0,0
R_8gHm6KRfn8MHt2p,,pohodáři s kladným přístupem k životu,"nevím, nedokážu posoudit",0,0,0,0,0,0,0,0,0,0,0,0,0,0,0,0,0,0,0,0,0,0,0,0,0,0,0,0,0,0,0,0,0,0,0,0,1,0
R_2LpzAoUbfaFXxlj,ANO,"Já politiku neprožívám a je mi jedno jak ostatní k politice přistupují, jsem k jejich názorům tolerantní, proto ani neřeším kdo a jak je mi nejvíce podobný v politických otázkách....","Odpověď viz, předchozí otázka...",0,0,0,0,0,0,0,1,0,0,0,0,0,0,0,0,0,0,0,0,0,0,0,0,0,0,0,0,0,0,0,0,0,0,0,0,0,0
R_25IsznDTmMIEljz,,"Lidé s nižším příjmem, rodinou, zijici na vesnici, pracující ve fabrice.","Nevím, nemám tušení ",0,1,0,0,1,0,0,0,0,0,0,0,0,0,0,0,0,0,0,0,0,0,0,0,0,0,0,0,0,0,0,0,0,0,0,0,1,0
R_8R50lWnSNGmHoaK,Pirati,Podporují slušné lidi. Mají průměrný příjem. Jsou rozumní.,"Podporují ODS, mají rádi Petra Fialu a Babiše",1,0,1,0,0,0,0,0,0,0,0,0,0,0,0,0,0,0,0,0,0,0,0,0,0,0,0,0,0,0,0,0,0,1,0,1,0,0
R_2pukDJnIa9ua28y,ANO,"Myslí do budoucna, demokraticky, neodsuzují hned","Natvrdlý, zastaralý, nevidí do budoucna, homofobni ",0,0,0,0,0,0,0,0,0,0,0,0,0,0,0,0,0,0,0,0,0,0,0,0,0,0,0,0,0,0,0,0,0,0,0,0,0,0
R_2YmP0m0BrcSBDje,ODS,Nevím jak bych tyto lidi popsal,Proti takovým lidem nic nemám,0,0,0,0,0,0,0,0,0,0,0,0,0,0,0,0,0,1,0,0,0,0,0,0,0,0,0,0,0,0,0,0,0,0,0,0,0,0
R_2DRSZzwMCOJT76P,KSCM,Tito občané stim nic nenadelaji ale snaží se pochopit situaci v naší zemi. ,Nemám slov vnečem mají pravdu a vnečem ne tot vše. ,0,0,0,0,0,0,0,0,0,0,0,0,0,0,0,0,0,0,0,0,0,0,0,0,0,0,0,0,0,0,0,0,0,0,0,0,0,0
R_2LngcmsIforU1Zk,ANO,"Skromný, slušný, pravdivý,normální ","Lháři,podplaceni, nesympatičti, neduverohodní ",0,0,0,1,0,0,0,0,0,0,0,0,0,0,0,0,0,0,0,0,0,0,0,0,0,0,0,0,0,1,0,0,0,0,0,0,0,0
R_22P6xveG2GQCKu0,ANO,"Jsou to konzervativní lidé s tradičními postoji, tradičním smýšlením o důležitosti rodiny, ochrany naší země a naší kultury. V Anglii by nás nazvali ,,far right"", ve skutečnosti málokdo z nich je skutečně radikální. Jsou to lidé, kteří souhlasí s LEGÁLNÍ migrací, kdy jsou přistěhovalci PŘÍNOSEM pro zemi - najdou si práci, respektují zdejší pravidla a kulturu.","Liberálové a levičáci - lidé, kteří jsou za všech okolností ,,obětí"". Obětí systému, obětí rasismu, obětí netolerance, obětí patriarchátu. Jsou to lidé, kteří očekávají pouze výhody a benefity, ale nechtějí si přisvojit povinnosti. Jsou to lidé, kteří rádi ostentativně ukazují, že jsou lepší než ostatní - např. ustupují jakýmkoliv požadavkům LGBT+ komunity, vítají NELEGÁLNÍ migranty (i když by sami nedali ani desetikorunu bezdomovci nebo útulku pro zvířata). Nevím, jak se nejlépe dá přeložit ,,virtue signaling"", ale to přesně popisuje jejich přístup. Naoko vypadat morálně povýšeně - hlavně když se o tom jen mluví. Ale v činech jsou to líní lidé, kteří si nezjistí žádné informace a data a provolávají slávu lidem, kteří rozvrací společnost.",0,0,0,0,1,0,0,0,0,0,0,0,0,0,0,0,0,0,1,0,0,0,0,0,0,0,1,0,0,0,0,0,0,0,0,0,1,0
R_8cb3Hkmw8xlAtt7,ANO,"Politiku příliš neřeší, snaží se ji nikomu nevnucovat ",Snaží se o politice hodně hovořit a dávat všem své myšlenky ,0,0,0,0,0,0,0,0,0,0,0,0,0,0,0,0,0,0,0,0,0,0,0,0,0,0,0,0,0,0,0,0,0,0,0,0,0,0
R_8Q5ya9eKc5FtoSq,,Lidi kteří mají podobné smýšlení jako já. Ale i tak se nějak zásadně neliší od ostatních ,Někteří takový lidé jsou mí přátelé. Popsal bych je stejně jako ostatní své kamarády. ,0,0,0,0,0,0,0,0,0,0,0,0,0,0,0,0,0,0,0,0,0,0,0,0,0,0,0,0,0,0,0,0,0,0,0,0,0,0
R_8q4i4Zkla5ElXrP,ANO,"Odpůrci současné vlády, odpůrci migrace a Green Dealu.",Podporovatelé současné vlády Petra Fialy.,0,0,0,0,0,0,0,0,0,0,0,0,0,0,0,0,0,0,0,0,0,0,0,0,0,0,0,0,0,0,0,0,0,0,0,0,0,0
R_2eJ9rvduDqBDbQR,,Každý má nějaký politický názor,Každý může mít svůj politický názor ,0,0,0,0,0,0,0,0,0,0,0,0,0,0,0,0,0,0,0,0,0,0,0,0,0,0,0,0,0,0,0,0,0,0,0,0,0,0
R_2IiDvaphRSFcWXL,STAN,"Liberální volič strany, která plnì svůj volební program",Typicky volič populistické strany s černobílým viděním světa,0,0,0,0,0,0,0,0,0,0,0,0,0,0,0,0,0,0,0,0,0,0,0,0,0,0,0,0,0,0,0,0,1,0,0,0,0,0
R_20GAFcNlGzIbnZy,Other,"Lidé, kteří nejsou fanatickými sympatizanty žádného politického uskupení. Lidé, kteří si dokážou vyhodnotit, když politici napravo či nalevo mluví rozumně a překládají relevantní argumenty pro svá tvrzení.","Nechci se snižovat k nějaké povýšenosti či paušalizaci, protože mě to osobně nesmírně vadí v obou stranách současného politického spektra, takže prostě řeknu, že to jsou lidé, kteří z různých důvodů (více či méně relevantních) prostě vidí věci jinak. ",0,0,1,0,0,0,0,0,0,0,0,0,0,0,0,0,0,0,0,0,0,0,0,0,0,0,0,0,0,0,0,0,0,0,0,0,0,0
R_2n2CJey683gvkzc,ANO,nijak je to jejich volba jsou to lidi jako já,"nijak je to jejich volba
",0,0,0,0,0,0,0,0,0,0,0,0,0,0,0,0,0,0,0,0,0,0,0,0,0,0,0,0,0,0,0,0,0,0,0,0,0,0
R_8cu64gIB5exMabL,SPD,Chcou zlepšit  život lidí v Čr.,Mají jen svůj názor ostatní názory nechtějí slyšet nalepkují. Nadávají lidem do chcimírů.,0,0,0,0,0,0,0,0,0,0,0,0,0,0,0,0,0,0,0,0,0,0,0,0,0,0,0,0,0,0,0,0,0,0,0,0,0,0
R_2JIWng2fkeNahqY,,"žádné neznám, politiku nenávidím a nebavím se o ní","žádné neznám, o politice se nebavím s nikým",0,0,0,0,0,0,0,0,0,0,0,0,0,0,0,0,0,0,0,0,0,0,0,0,0,0,0,0,0,0,0,0,0,0,0,0,0,0
R_2mghdXPidtuEfQ7,,"Dokáží se bavit o každém tématu,naslouchají a dokážou se bavit i o negativních názorech.","Ještě  stále  jsou optimističtí ohledně toho,že mohou něco změnit.Nepřipouští negativní postoje k vládě,myslí si,že  je negativními názory uráží.",0,0,0,0,0,0,0,0,0,0,0,0,0,0,0,0,0,0,0,0,0,0,0,0,0,0,0,0,0,0,0,0,0,0,0,0,0,0
R_8C68kgl7gkbK8pz,ANO,"Lidé kteří mají stejné politické smýšlení mi mohou být nesympatičtí z jiného důvodu.Neznamená, že když si rozumíme politicky, že si rozumíme i v jiných oblastech.","když má někdo jiný politický názor, neznamená to,že se s ním nebudu bavit. Vyhnu se politickému tématu.Jeho názory prostě nekomentuji. Lidi s jiným politickým názorem mi mohou být sympatičtí z jiného důvodu než je politiky.",0,0,1,0,0,0,0,0,0,0,0,0,0,0,0,0,0,0,0,0,0,0,0,0,0,0,0,0,0,0,0,0,0,0,0,0,0,0
R_82TcJEN49obAUg1,TOP09,"řeší problemy s výší důchodu a co si za to dovolit,aby to nebolelo",odlišní jsou hlavně komunisté,0,0,0,0,0,0,0,0,0,0,0,0,0,0,0,0,0,0,0,0,0,0,0,0,0,0,0,0,0,0,0,0,0,0,0,0,0,0
R_8ZgnKbHmKN68PCh,Other,"Většina mladých lidí, kteří tuší, co by naľ studentům a mladým lidem mohlo so budoucna nejlépe pomoci","Vytáčí mě. Postarší lidé, kteří mají pouze svůj názor a jiný neni správný obzvlášť od takové “mladé dívky”, jako jsem já",0,0,0,0,0,0,0,0,0,0,0,0,0,0,0,0,0,0,0,0,0,0,0,0,0,0,0,0,0,0,0,0,0,0,0,0,0,0
R_8SSbb1oDJKjMq1X,Other,"Líbí se jim zásadoví lidé, kteří nelžou",Nevím jak bych je popsal,0,0,0,0,0,0,0,0,0,0,0,0,0,0,0,0,0,0,0,0,0,0,0,0,0,0,0,0,0,0,0,0,0,0,0,0,1,0
R_2pEjvT9gZDTMZu9,ANO,"Zavádějící otázka 

Můžu si vzít něco od člověka se kterýn souhlasím, tak i od toho, co má jiný názor jako já.","Mám rád komunikativní lidi a rád si s nimi i vyměním názory.
NESNÁŠÍM NEKOMUNIKATIVNÍ DEMAGOGY a politiky bez vize ""co dál""",0,0,0,0,0,0,0,0,0,0,0,0,0,0,0,0,0,0,0,0,0,0,0,0,0,0,0,0,0,0,0,0,1,0,0,0,0,0
R_80rspD67UrqUCx0,ODS,Lidé stejné skupiny jako já,Lidé mimo moji skupinu,0,0,0,0,0,0,0,0,0,0,0,0,0,0,0,0,0,0,0,0,0,0,0,0,0,0,0,0,0,0,0,0,0,0,0,0,0,0
R_2AZK5xF5vVvfeAU,Other,"Mají zkušenosti ,nejsou jednostranně orientovaní ",Mají jiný názor a zkušenosti ,0,0,0,0,0,0,0,0,0,0,0,0,0,0,0,0,0,0,0,0,0,0,0,0,0,0,0,0,0,0,0,0,0,0,0,0,0,0
R_8dtYZqcTPBMRNeI,ANO,"Střední vrstva s demokratickými názory. Pravidelně chodí k volbám. Žasne, kam spěje vláda v ČR - vysoká inflace, neuvěřitelné množství úředníků všeho druhu.",Většinou se stotožnuji s okolím.,1,0,0,0,0,0,0,0,0,0,0,0,0,0,0,0,1,0,0,0,0,0,0,0,0,0,0,0,0,0,0,0,0,0,0,0,0,0
R_2imkVwa3vh0X1WV,ANO,nedivím se lidé jsou již znechuceni,většinou lidé s velkým platem a velkého města,0,0,0,0,0,0,0,0,0,0,0,0,0,0,0,0,0,0,0,0,0,0,0,0,0,0,0,0,0,0,0,0,0,0,0,0,0,0
R_8jNfGJuaSRIt24x,,........................---------------,.......................................................,0,0,0,0,0,0,0,0,0,0,0,0,0,0,0,0,0,0,0,0,0,0,0,0,0,0,0,0,0,0,0,0,0,0,0,0,0,0
R_2PpbgJuEZtXTihk,SPD,"LIDÉ S NÍZKÝMI PŘÍJMY,NE VOLIČI ODS A TOP09","VOLIČI ODS A TOP 09,LIDÉ S VYSOKÝMI PŘÍJMY ",0,0,0,0,0,0,0,0,0,0,0,0,0,0,0,0,1,0,0,0,0,0,0,0,0,0,0,0,0,0,0,0,0,0,0,1,0,0
R_8DYHuH0V7KGXmAC,Pirati,"Mají rádi pravici i levici, ne však jako střed, ale že dokážou vnímat výhody obou směrů.",Netespektující názor druhého a řazení politiky nad člověka jako takového. Dále extrémistické a fanatické názory ,0,0,0,0,0,0,0,0,0,0,0,0,0,0,0,0,0,0,0,0,0,0,0,0,0,0,0,0,0,0,0,0,0,0,0,0,0,0
R_8KvzlkwRzwdowiV,ANO,káždý jedná podle sebe a dívá se na svět podobně ,každý to hodnotí podle sebe,0,0,0,0,0,0,0,0,0,0,0,0,0,0,0,0,0,0,0,0,0,0,0,0,0,0,0,0,0,0,0,0,0,0,0,0,0,0
R_8BQOniilV55L7ix,SPD,Jsou to společenští lidé kteří si dokáží svůj názor obhájit i když jsou v menšině.Nemeni každou chvíli své politické strany podle jejich momentálních slibů a zůstávají věrni straně kterou si vybrali.,"Jsou to vysokoškolské typy lidí kteří řeší většinou lídra dané politické strany a ne názor a stranu jako celek.Jsou to lidé kteří píší své názory na sociální síte ale na demonstrace nepřijdou,nemají čas podepsat petice ",0,0,0,0,0,0,0,0,0,0,0,0,0,0,0,0,0,0,0,0,0,0,0,0,0,0,0,0,0,0,0,0,0,0,0,0,0,0
R_2PYS57cyCoYfgw0,ANO,lidi bez bydleni delnici lidi ktere trapi vysoke naklady,lidi co majis ve ybdleniz iji jinak nez ja ja ziju jako cikan po najmech :),0,0,0,0,0,0,0,0,0,0,0,0,0,0,0,0,0,0,0,0,0,0,0,0,0,0,0,0,0,0,0,0,0,0,0,0,0,0
R_2IbozIbkS39HpCi,ANO,"Jsou to lidi ktery už neco zažili s timyto stranamy ,vědi kto sliby a splni a kto nesplni jenom oblbuje lidi.","Myslim že tyhle lidi moc nerozmyšleji nad lidmy kolem sebe mysli jenom na sve dobro jiny je nezajimaji.
",0,0,0,0,0,0,0,0,0,0,0,0,0,0,0,0,0,0,0,0,0,0,0,0,0,0,0,0,0,0,0,0,0,0,0,0,0,0
R_2VKIOrsbn1IGL2x,SPD,Zdravý selský rozum nejsou to ovce ale lvi nenechají se ovládat nesmysli,Jsou to ovce souhlasí s výroky a nerozumí jim,0,0,1,0,0,0,0,0,0,0,0,0,0,0,0,0,0,0,0,0,0,0,0,0,0,0,0,0,0,0,0,0,0,0,0,0,0,0
R_8inwqFtBWmbm5Uu,ANO,"Protože patřím k věkově starší generaci (70 let), mohu hodnotit společenské problémy z vlastní zkušenosti, to je reálně prožité. Vadí mně obrovský pokles morálních hodnot ve společnosti, to, že negativní věci se stávají jakousi společností uznávanou ""normou"" a nikdo se nad nimi nepozastavuje. Přestože nejsem věřící v klasickém slova smyslu (církev, kostel apod.), velmi souhlasím s výrokem papeže Pavla VI., že ""největším hříchem dnešním lidí je to, že ztratili pojem hříchu"". Na druhé straně velice oceňuji ochotu a semknutost českého národa např. při sbírkách pro nemocné děti apod. Snažím se vidět svět a lidi pozitivně, i když mám mnoho výhrad k současné vládě a k tomu, v jakém ekonomickém stavu se nachází dnešní společnost. Věřím ale v ""selský rozum"" a v síly, které dokážou tento stav zvrátit.","Možná to jsou lidé, kteří ulpívají v minulosti a v dnešním světě se jim zdá vše špatné, vykolejené, nejsou žádné sociální jistoty, ""svět se zbláznil"". Tito lidé zřejmě nedokážou vidět svět z lepší stránky, ze zásady vše kritizují, a většinou je to tak, že bohužel patří ke starší generaci. Slýchávám od nich - vše je špatně, podívejte se, kam to vláda dovedla apod. I když také patřím k věkově starší generaci, snažím se vidět v realitě kolem nás především pozitiva.",0,0,1,0,1,0,0,1,0,0,0,0,0,0,0,0,0,0,0,0,0,0,0,0,0,0,0,0,0,0,0,0,0,0,0,1,0,0
R_2florS5CTGyvlrb,ANO,Jsou nespokojeni s touto vládou,"Nekompromisní voliči ODS, resp. SPOLU, žije se jim relativně dobře, nesnáší Babiše, SPD, KSČM",0,0,0,0,0,0,0,0,0,0,0,0,0,0,0,0,0,0,0,0,0,0,0,0,0,0,0,0,0,0,0,0,0,1,1,1,0,0
R_89hPWymtMhylk8Q,ANO,"Přemýšliví, pracovití, lidé kompromisu.","Můžou mít odlišné názory, je ale důležité, aby v demokracii se všichni lidé shodli na nejlepším řešení pro všechny.",0,1,0,0,0,0,0,0,0,0,0,0,0,0,0,0,0,0,0,0,0,0,0,0,0,0,0,0,0,0,0,0,0,0,0,0,0,0
R_8P5MOOVJnavi7RY,SPD,"Že berou život jinak než většina politiků - berou ho se selským rozumem a v první řadě se zajímají o to, jak se budou lidé mít a ne o to, kde kdo kolik nahrabe ","Nejsem schopen je vnímat jakkoliv pozitivně(ikdyž každý má jiný pohled na svět, tak jejich názor respektuju), každopádně se svým chápáním a rozumem nedokážu tyto lidi vůbec poslouchat, protože to co se snaží prosazovat popírá snad veškerý zdravý rozum ",0,0,1,0,0,0,0,0,0,0,0,0,0,0,0,0,0,0,0,0,0,1,0,0,0,0,0,0,0,0,0,0,0,0,0,0,0,1
R_8rBdGBMm6Go4KT5,," Lidé kteří se o politiku nezajímají , protože nemají šanci nic změnit a s politikou  žádné strany nesouhlasí",Lidé kteří věří v politiku určité strany a drží se jejich hesel ikdyž je politické strana neplní,0,0,0,0,0,0,0,0,0,0,0,0,0,0,0,0,0,0,0,0,0,0,0,0,0,0,0,0,0,0,0,0,0,0,0,0,0,0
R_2PXYhjgmiFxoS3z,,Nevím je mi to jedno a fuk,Nevím je mí to jedno,0,0,0,0,0,0,0,0,0,0,0,0,0,0,0,0,0,1,0,0,0,0,0,0,0,0,0,0,0,0,0,0,0,0,0,0,1,0
R_8sWJYo99ujl8mcX,ANO,"názorově stejní, máme si o čem povídat","jino názorový volič, který na to má právo a já mu jej neberu ani se nehádám",0,0,0,0,0,0,0,0,0,0,0,0,0,0,0,0,0,0,0,0,0,0,0,0,0,0,0,0,0,0,0,0,0,0,0,0,0,0
R_2pFPYXUQoaCxcsr,ANO,Jsou zklamani dnešni vladou a vše okolo ni,"Jsou to lide,kteři se maji za tehle vlady velice dobře",0,0,0,0,0,0,0,0,0,0,0,0,0,0,0,0,0,0,0,0,0,0,0,0,0,0,0,0,0,0,0,0,0,0,0,0,0,0
R_8DpRx57uOwRM98h,,"Prozápadní, podporující vstup do EU, souhlas s podporou Ukrajiny, odmítající KSČM, SPD a ANO ","Proruští, myslí jen na sebe, odmítají podporu Ukrajiny ",0,0,0,0,0,0,0,0,0,0,0,0,0,0,1,1,0,0,0,0,0,0,0,0,0,0,0,0,0,0,0,0,0,0,0,0,0,0
R_2BaFprmBkWm4z8L,,"O politiku se nezajímá,politika je celá zkorumpovana",Politika mě nezajímá a politici si jen hrabou do kapes,0,0,0,0,0,0,0,0,0,0,0,0,0,0,0,0,0,0,0,0,0,0,0,0,0,0,0,0,0,0,0,0,0,0,0,0,0,0
R_8I9Fkj7IRbCb4Lr,,"opět lidé z různých skupin, jen je jednodušší se s nimi bavit bez rizika konfliktu názorů","Pokud mají zcela odlišné názory, snažím se jakékoliv diskuzi s nimi na daná témata vyhnout, každý má nárok na vlastní náhled na situaci. Jinak to mohou být lidé napříč všemi skupinami a nemusí být nijak odlišní",0,0,0,0,0,0,0,0,0,0,0,0,0,0,0,0,0,0,0,0,0,0,0,0,0,0,0,0,0,0,0,0,0,0,0,0,0,0
R_8H8q5v6NjcTT1nd,Other,Takoví lidé musí jednat přímo bez jakéhokoliv sklonu k zvýhodnění jakékoli skupiny lidí.,"Jsou to lidé zmanipulovatelní, egoističtí se sklonem ke korupci a vlastní výhodě.",0,0,0,0,0,0,0,0,0,0,0,0,0,0,0,0,0,0,0,0,0,0,0,0,0,0,0,0,0,0,0,0,0,0,0,0,0,0
R_2A0lgjHUDY3MZjj,Pirati,0000000000000000000000000000000000000000000000000000000000000000000000000000000000000000000000000000000000000000000000000000000000000000000000000000000000000000000000000000000000,00000000000000000000000000000000000000000000000000000000000000000000000000000000000000000000000000000000000000000000000000000000000000000,0,0,0,0,0,0,0,0,0,0,0,0,0,0,0,0,0,0,0,0,0,0,0,0,0,0,0,0,0,0,0,0,0,0,0,0,0,0
R_2zsqTznYfBJ9sqJ,,Nevím jakože fakt nevím co víc psát ,Nevím opravdu co sem psát ,0,0,0,0,0,0,0,0,0,0,0,0,0,0,0,0,0,1,0,0,0,0,0,0,0,0,0,0,0,0,0,0,0,0,0,0,1,0
R_2opuIgWMbfrTBRH,TOP09,Chytří lidé kteří se zeptat jestli neví kdo vyhrál,Bohatý blb který neví co s penězi,0,0,0,0,0,0,0,0,0,0,0,0,0,0,0,0,0,0,0,0,0,0,0,0,0,0,0,0,0,0,0,1,0,0,0,0,0,0
R_8KVirbdtloQB3nF,ANO,"Sledují podobné zdroje, dávají důraz na podobné události.","Jsou to lidé, kteří mají jiné informace. Případně si nedokážou dát informace z různých zdrojů dohromady, a proto mají názory, jaké mají. Souvisí to i s tím, jaké zdroje sledují a čemu dávají pozornost.",0,0,0,0,0,0,0,0,0,0,0,0,0,0,0,0,0,0,0,0,0,0,0,0,0,0,0,0,0,0,0,0,0,0,0,0,0,0
R_8iqKQiXciYehdV3,ANO,"Lidé, kteří chtějí rovná práva a povinnosti pro všechny. Lidé, kteří odmítají tolerovat šedou ekonomiku a lidé, kteří chtějí bezpečné prostředí.","Lidé, kteří si chtějí pro sebe urvat co nejvice a ti, kteří se pohybují v šedé zóně ekonomiky.",0,0,0,0,0,0,0,0,0,0,0,0,0,0,0,0,0,0,0,0,0,0,0,0,0,0,0,0,0,0,0,0,0,0,0,0,0,0
R_8wuFgBLpT1opChx,,"Ať už jsou to voliči vládnoucí strany nebo opozice, vyjma KSČM a SPD, respaktuji jejich názor.","Respektuji každého volbu, snažím se porozumět včem, ale voliči KSČM jaou zaslepení, nebo příliš mladí, voliči SPD jsou hloupí.",0,0,0,0,0,0,0,0,0,0,0,0,0,0,0,1,0,0,0,0,0,0,0,0,0,0,0,0,0,0,0,0,0,0,1,0,0,1
R_2hAsVCBxyDTqYMB,ANO,"neresi kraviny, nevymysli konspirace","s takovyma lidma bezne nekonverzuji, protoze jsou to vetsinou naprosti magori",0,0,0,0,0,0,0,0,0,0,0,0,0,0,0,0,0,0,0,0,0,0,0,0,0,0,0,0,0,0,0,0,0,0,0,0,0,0
R_8LGPm8QQSFlH9NT,,"spolecensky prehled, vzdelani, premysli proc se veci deji","bez spolecenskeho rozhledu, bez schopnosti overit si informace",0,0,0,0,0,0,0,0,0,0,0,0,0,0,0,0,0,0,0,0,0,0,0,0,0,0,0,0,0,0,0,0,0,0,0,0,0,0
R_8Qiq2x5vDS6pAlz,SPD,tito lidé mají  mou plnou důvěru ,každý občan Čr má právo volit jakoukoliv stranu ,0,0,0,0,0,0,0,0,0,0,0,0,0,0,0,0,0,0,0,0,0,0,0,0,0,0,0,0,0,0,0,0,0,0,0,0,0,0
R_8ATDIKtEF7D8QBX,Other,Nevím co na to říct protože zas tak moc tomu nevěřím ,Nevím co na to říct ,0,0,0,0,0,0,0,0,0,0,0,0,0,0,0,0,0,1,0,0,0,0,0,0,0,0,0,0,0,0,0,0,0,0,0,0,1,0
R_2J9kpkiVwSywFmW,ODS,Dlouho doba ochrana země ,Problém řeší hned na místě ,0,0,0,0,0,0,0,0,0,0,0,0,0,0,0,0,0,0,0,0,0,0,0,0,0,0,0,0,0,0,0,0,0,0,0,0,0,0
R_2DtUYAxsyMHy1qx,ODS,V       cxxd               ,V                          ,0,0,0,0,0,0,0,0,0,0,0,0,0,0,0,0,0,0,0,0,0,0,0,0,0,0,0,0,0,0,0,0,0,0,0,0,0,0
R_8FCVE2gcMynaIaL,TOP09,"Optimisté, bavící se životem. Nečekají, že se o ně bude někdo starat, ale jsou aktivní a rádi pomůžou jiním ","naštvaní, věčně nespokojení. Očekávají, že se o ně bude starat stát",0,0,0,0,0,0,0,0,0,0,0,0,0,0,0,0,0,0,0,0,0,0,0,0,0,0,0,0,0,0,0,0,0,0,0,0,0,0
R_2iUzY4fUKXdeS9b,SPD,"Jsou to osoby, ktere maji prehled a vedi jak svet funguje",Naivkove a neznalci. ,0,0,0,0,0,0,0,0,0,0,0,0,0,0,0,0,0,0,0,0,0,0,0,0,0,0,0,0,0,0,0,0,0,0,0,0,0,0
R_2sO9s0wCll8TpMB,TOP09,"Jsou politicky zralí, snaží se odstraňovat překážky mezi lidmy, dovedou naslouchat a snaží se přesvědčovat oponenty.","Jsou to lidé věčně nespokojení a to za každého zřízení, převážně naletí na sliby nových tváří a jsou jimi vedeni, rozšiřující dezinformace a většina z nich k volbách nechodí!",0,0,0,0,0,0,0,0,0,0,0,0,0,0,0,0,1,0,0,0,0,0,0,0,0,0,0,0,0,1,0,0,0,0,0,0,0,0
R_23aCjFimdGbF8YY,ANO,Chápou současnou politickou situaci.,Jsou to kovaní komunisté,0,0,0,0,0,0,0,0,0,0,0,0,0,0,0,0,0,0,0,0,0,0,0,0,0,0,0,0,0,0,0,0,0,0,0,0,0,0
R_8jVfIroZ1P30HCu,,Nevím co bych tady napsal tak ,Nevim jic co bych tady napsal fakt ,0,0,0,0,0,0,0,0,0,0,0,0,0,0,0,0,0,1,0,0,0,0,0,0,0,0,0,0,0,0,0,0,0,0,0,0,0,0
R_8FsR3kTFhKRLZvU,KSCM,neumím to protože nedokáži popsat,nedokážu to popsat nemám představu,0,0,0,0,0,0,0,0,0,0,0,0,0,0,0,0,0,1,0,0,0,0,0,0,0,0,0,0,0,0,0,0,0,0,0,0,0,0
R_2keXbMUYEkPNi8N,STAN,"Politika není vůbec pro střední a nižší vrstvu ,ať je tam Petr nebo Pavel nikomu nezáleží na lidech.Sami hrabou a zvyšují si platy .Důchodcům se přidá celoplošně podle procent.Mělo by se přidat jen potřebným a kdo má málo.Žádná strana se nezajímá o to co chtějí lidé .","Záleží jim jen na jejich dobru moc toho naslibují a nic nesplní.Ano již dříve zvedlavěkovou hranici odchodu do důchodu ale potichounku nikde se o tom nemluvilo,ale každy si to může dohledat a teď odsuzují Fialu a hlási to všude .Podvody z dotacemi a nikdo s tím nic neudělá Všechno je špatně",1,0,0,0,0,0,0,0,0,0,0,0,0,0,0,0,0,0,0,0,0,0,0,0,0,0,0,0,0,0,0,0,0,1,0,1,0,0
R_82KsCwZ8VckMUH6,KDU-CSL,"Zdravý rozum,zvazuji plusy i minusy",Sluničkáři nebo jsou to dezinformace,0,0,1,0,0,0,0,0,0,0,0,0,0,0,0,0,0,0,0,0,0,0,0,0,0,0,0,0,0,1,0,0,0,0,0,0,0,0
R_2RUErQZnhjKCgKt,ODS,"Pracující lidé, kteří nepotřebují, aby se o ně stát staral a nenatahují při každé příležitosti ruku k nějakým dávkám. ","Lidé s nízkým vzděláním, často na dávkách. Za svoje problémy viní společnost. Poslouchají laciné sliby populistické. Nesnaží se o žádný kompromis. Všelijaké dávky berou jako zdroj příjmu na který mají od státu nárok. Na oplátku nedávají nic.",0,1,0,0,0,0,0,0,0,0,0,0,0,0,0,0,0,0,0,0,0,0,0,0,0,0,1,0,0,0,0,0,1,0,0,0,0,0
R_23ef6dDsRDuWWGd,SPD,"Nikdy jsem nic po statu nechtela, jen to, aby ho ti, ktere jsem nevolila nezadluzovali. Coz je dano i ustavou. podle me by to mel byt trestny cin a strany a politici za ty silene schodky, by meli byt trestne stihani. 
Jinak pracujici.","Jsou to lide, bud hloupi, snadno manipulovatelni medii, nebo jsou stejni jako soucasni vladnouci strany. Tedy vlez dopr... chamtivci, zavistivci, lude zlucoviti, a zrejme nez skurpuli udelaji vse pro penize. Mozna jsou to psychopati.",0,0,0,0,0,0,0,0,0,0,0,0,0,0,0,0,0,0,0,0,0,0,0,0,0,0,0,0,0,0,1,0,0,0,0,0,0,0
R_8J2aYtNlZDobUjf,ANO,Rozumní a odpovědní. Mají moje sympatie,Jsou to lidé kteří nepřemýšlejí.,0,0,1,0,0,0,1,0,0,0,0,0,0,0,0,0,0,0,0,0,0,0,0,0,0,0,0,0,0,0,0,0,0,0,0,0,0,0
R_2XsGJq2kU1e4suZ,,Nezájem o politiku celkove,Neznámé lidi a osoby v jednom,0,0,0,0,0,0,0,0,0,0,0,0,0,0,0,0,0,0,0,0,0,0,0,0,0,0,0,0,0,0,0,0,0,0,0,0,0,0
R_87TOpgDHG57tMdI,SPD,Jsou z mého pohledu dobří lidé ,Nesourodé nemají význam se s nimi bavit,0,0,0,0,0,0,0,0,0,0,0,0,0,0,0,0,0,0,0,0,0,0,0,0,0,0,0,0,0,0,0,0,0,0,0,0,0,0
R_269fbykqenL5tl8,ANO,neumim posouditvvwewewvevew,chteji volit blizke lidi,0,0,0,0,0,0,0,0,0,0,0,0,0,0,0,0,0,0,0,0,0,0,0,0,0,0,0,0,0,0,0,0,0,0,0,0,0,0
R_27EzOuuVwtXh6Pn,SPD,"Nedají se manipulovat podplacenými médii, umí si najít skutečně pravdivé informace, uvědomují si, na jak špatné cestě naše země je.","Lidé, kteří mají buď dost peněz a díky tomu zkreslený pohled na stav naší společnosti nebo jsou to lidé, kteří jsou celý den v práci a nemají kdy hledat ""pravdu"".",0,0,0,0,0,0,0,0,0,0,0,1,0,0,0,0,0,0,0,0,0,0,0,0,0,0,1,0,0,0,0,0,0,0,0,0,0,0
R_2FWjYN9vY0U0rnR,STAN,"Zajímají se o dění v ČR.
Není jim jedno, co bude dál....","Nezajímají se o politiku.
Jsou přízemní.",0,0,0,0,0,0,0,0,0,0,0,0,0,0,0,0,0,0,0,0,0,0,0,0,0,0,0,0,0,0,0,0,0,0,0,0,0,0
R_2H5op6wVeIJfaKV,ANO,"rozumní,realisti;kreativní",neznalí ekonomie a politologie,0,0,1,0,0,0,0,0,0,0,0,0,0,0,0,0,0,0,0,0,0,0,0,0,0,0,0,0,0,0,0,0,0,0,0,0,0,0
R_8FOHOjjNLiV3lfE,ODS,"Pracovití
Nezávislí 
Morální ","Na to není odpověď, takovým lidem se vyhýbám ",0,1,0,0,0,1,0,0,0,0,0,0,0,0,0,0,0,0,0,0,0,0,0,0,0,0,0,0,0,0,0,0,0,0,0,0,0,0
R_2nflwY5P3g3dyZE,,"Střední třída, nyní důchodci, kteří si velmi dobře pamatují minulé časy a hlavně zlodějny ODS","nadutí zbohatlíci, šmejdi a vychcánci, co chtějí ze všeho a ze všech vytřískat peníze",1,0,0,0,0,0,0,0,0,0,0,0,0,0,0,0,1,0,0,0,0,0,0,0,0,0,0,0,0,0,0,0,0,0,0,0,0,0
R_2MMyICem05joIv0,ANO,"Věnovat se pouze občanům a naší vlasti, nepřipustit ani sebemenší zahraniční vliv",Vlastizrádci a vlezdoprdelkové západu,0,0,0,0,0,0,0,0,0,0,0,0,0,0,0,0,0,0,0,0,0,0,0,0,0,0,0,0,0,0,0,0,0,0,0,0,0,0
R_8tbyvjeAtRszq3s,ANO,"Rodiny s dětmi, lidé, kteří pracují a snaží se za každou cenu uživit svou rodinu. ","Lidé, kteří neznají cenu peněz a mají dobré zázemí rodičů nebo známých.",0,0,0,0,1,0,0,0,0,0,0,0,0,0,0,0,0,0,0,0,0,0,0,0,0,0,0,0,0,0,0,0,0,0,0,0,0,0
R_8NQc7PtlNqPwSWr,Other,Jedinci nepodléhající oficiálním zprávám a řídící se vlastním rozumem.,"Vesměs zloději  a kariéristi, kterým záleží jen na sobě.",0,0,1,0,0,0,0,0,0,0,0,0,0,0,0,0,0,0,0,0,0,0,0,0,0,0,0,0,0,0,0,0,0,0,0,0,0,0
R_24el7V7ABnYj1eq,,Dghfhjhgffg fgh ddkfkk Fidorka. ,Difgigigigi Cidovi didi,0,0,0,0,0,0,0,0,0,0,0,0,0,0,0,0,0,0,0,0,0,0,0,0,0,0,0,0,0,0,0,0,0,0,0,0,0,0
R_82F66WsOB2JZisX,STAN,"Normální, slušní lidé, nepodléhající lžím a manipulaci. Uvědomující si dnešní problémy a jsou schopni o nich přemýšlet a kriticky je hodnotit ",Nekriticky přijímají a opakují jim řečené názory a nejsou schopni se sami zamyslet zda a kde je pravda,0,0,0,1,0,0,0,0,0,0,0,0,0,0,0,0,0,0,0,0,0,0,0,0,0,0,0,0,0,0,0,0,0,0,0,0,0,0
R_80YY5jE8L3jBZlA,,Prachy Prachy Prachy Prachy Prachy Prachy ,Prachy Prachy Prachy Prachy Prachy Prachy Prachy Prachy ,0,0,0,0,0,0,0,0,0,0,0,0,0,0,0,0,0,0,0,0,0,0,0,0,0,0,0,0,0,0,0,0,0,0,0,0,0,0
R_2q06iJKGdiZAXoB,ANO,Jsou přátelé a mají moje sympatie.,Jsou nesympatičtí a nemám je rád.,0,0,0,0,0,0,0,0,0,0,0,0,0,0,0,0,0,0,0,0,0,0,0,0,0,0,0,0,0,0,0,0,0,0,0,0,0,0
R_82wpmKpqhjm9kOJ,ODS,"Rozumní lidé
lidé kteří chápou aspoň základní problematiku politiky
Zdravý a správný pohled na svět
Žádní extrémisti
","každý má nárok na svůj názor
záleží co konkrétně je odlišné
krom mého přesvědčení jsou i jiné správné cesty nebo cesty které nejsou zas až tak zlé
To žě někdo uznává jiný politický směr neznamená že to musí být špatný člověk
extrémisty nemá nikdo rád",0,0,1,0,0,0,0,0,0,0,0,0,0,0,0,0,0,0,0,0,0,0,0,0,0,0,0,0,0,0,0,0,0,0,0,0,0,0
R_8RcMfRNsOwRiRz3,ANO,Jsou to lidé v mém věku se stejnými starostmi a v podobné ekonomické situaci. ,"Záleží na jejich vzdělání a ekonomické situaci. Lidem
kteří vnímají politickou a ekonomickou situaci mají svůj názor který jim neberu. ",0,0,0,0,0,0,0,1,0,0,0,0,0,0,0,0,0,0,0,0,0,0,0,0,0,0,0,0,0,0,0,0,0,0,0,0,0,0
R_8tGyjLyOTHF40ls,ANO,Nevím co si pod tím mám představit a jak někoho popsat. Je mě tato problematika docela jedno. ,Nezajímá mě to. Nevím co a jak popisovat. ,0,0,0,0,0,0,0,0,0,0,0,0,0,0,0,0,0,1,0,0,0,0,0,0,0,0,0,0,0,0,0,0,0,0,0,0,1,0
R_8TuqUUfGS3R3hNn,ODS,Lidi kteří se zajímají o dění okolo ,Blázni to jsou .......,0,0,0,0,0,0,0,0,0,0,0,0,0,0,0,0,0,0,0,0,0,0,0,0,0,0,0,0,0,0,0,0,0,0,0,0,0,0
R_2nVBR59I5Qp0E2B,,"Nehledají utopii. Vědí že většina techto rozhodnutí je méně podstatných i přestože účast ve volbách by všeobecně měla být větší, ale většinou to s výsledkem zas tolik nepohne.","Lidi se snaží najít ideologii, hromadná myslenka utopie. Nebo hledají menší zlo. Ve výsledku většina lidí chce nějkým způsobem žít, tudíž většina stran udělá to samé. Nehledě na to že nemohou udělat vše co řeknou a ani neudělají...",0,0,0,0,0,0,0,0,0,0,0,0,0,0,0,0,0,0,0,0,0,0,0,0,0,0,0,0,0,0,0,0,0,0,0,0,0,0
R_8KZ6jpIqST9TwpS,SPD,Nevěřící vnucované propagandě státu,Hltači zpráv z televize ,0,0,0,0,0,0,0,0,0,0,0,0,0,0,0,0,0,0,0,0,0,0,0,0,0,0,0,0,0,0,0,0,0,0,0,0,0,0
R_29drR0BHQ0fwbRv,ANO,Můžeme se spolu bavit o politice a společenských problémech. ,Jsou to lidé s odlišným názorem. Já to plně respektuji.,0,0,0,0,0,0,0,0,0,0,0,0,0,0,0,0,0,0,0,0,0,0,0,0,0,0,0,0,0,0,0,0,0,0,0,0,0,1
R_2PbyTR0E23ahoRz,ODS,Běžný člověk který je tolerantní k ostatním názorům. Člověk co se prostě chce mít dobře a je pro to.i ochoten něco udělat a ne jen čekat co dostane.,"Lidé, kteří jen na všechno nadávají v očekávání, že všechno bude levné a nic pro to není potřeba udělat. Líní lidé, co očekávají že se pořád budou mít jen jako prasata v žitě, ale nic pro to nejsou schopni ani ochotni udělat. ",0,0,0,1,0,0,0,0,0,0,0,0,0,0,0,0,0,0,0,0,0,0,0,0,0,0,0,0,0,0,0,0,0,0,0,0,0,0
R_8Lb8MfHZ5MZAL7b,,nevím nevím nevím nevím nevím nevím nevím nevím,nevim nevim nevim nevim nevim nevim nevim nevim,0,0,0,0,0,0,0,0,0,0,0,0,0,0,0,0,0,1,0,0,0,0,0,0,0,0,0,0,0,0,0,0,0,0,0,0,0,0
R_8mygrAo6r1mx2rt,SPD,Budeme si víc rozumět v názorech na politickou situaci. ,Každý má právo na svůj názor. ,0,0,1,0,0,0,0,0,0,0,0,0,0,0,0,0,0,0,0,0,0,0,0,0,0,0,0,0,0,0,0,0,0,0,0,0,0,0
R_8H6F9tNtB5ioyHv,Other,"Pracovití lidé kteří si nestěžují ale jdou po příležitostech a snaží se zajistit dobrý život pro svou rodinu, politcky spíše pravicové zaměření.",Lidé kteří si myslí že mají na vše nárok a nemusí pro to nic udělat a stát se o ně postará,0,1,0,0,1,0,0,0,0,0,0,0,0,0,0,0,0,0,0,0,0,0,0,0,0,0,0,0,0,0,0,0,0,0,0,0,0,0
R_2n2yfyiTOq6vXJV,ODS,"Rozumíme si , sympatický, vyrovnaný, klidný, pracovitý ","Je to jejich názor , a jejich věc , neodsuzují je",0,1,1,0,0,0,0,0,0,0,0,0,0,0,0,0,0,0,0,0,0,0,0,0,0,0,0,0,0,0,0,0,0,0,0,0,0,0
R_8lzLn4AynIEaQq5,ANO,nijak bych je nevystihnul,nemám představu co tím myslíte,0,0,0,0,0,0,0,0,0,0,0,0,0,0,0,0,0,0,0,0,0,0,0,0,0,0,0,0,0,0,0,0,0,0,0,0,0,0
R_2g5YL78jX1LnooD,,Nemají rádi extremismus a populismus.,Populisté a extremisté ,0,0,0,0,0,0,0,0,0,0,0,0,0,0,0,0,0,0,0,0,0,0,0,0,0,0,0,0,0,0,0,0,1,0,0,0,0,0
R_80VfFqO1Vyq1GSl,Other,Lidé kteří nedávají na plane slibi politiků a raději vidí činy než slova. Jen tak se pozná dobrá strana a dobří politici. Myslím že naše země od roku 89' si toho zažila své a furt se vše jen opakuje a korektnost politiků rozděluje národ. Potřebujeme tu lidi kteří se nebudou bát ozvat a politiky kteří budou konat pro dobro vlasti a lidu aby naše priority nebyli pošlapávány.,"Jsou to lidé kterým je fuk co se v naší zemi děje a jde jim jen o jejich peněženky aby byli plné. Je jím fuk i to že se zaprodavaji a že tím pošlapávaji hodnoty,kulturu a vše co tahle země má.",0,0,0,0,0,0,0,0,0,0,0,0,0,0,0,0,0,0,0,0,0,0,0,0,0,0,0,0,0,0,0,0,0,0,0,0,0,0
R_8JBvwgcGCPAxCnf,Other,"Můj postoj k politice a společenskému dění je komplexní, takže v mém okolí nenajdeme nikoho takového, s kým bych mohl sdílet identické názory a přesvědčení. Logicky bude pro takové lidi ale platit opak toho, co jsem napsal v předchozí odpovědi – nahlížení na věci s nadhledem, nedělání úsudku dle jednoho vyjádření, snaha o hlubší porozumění problémům a cílům jejich aktérů.","Nelze takové lidi konkrétně popsat, když je neznám osobně. Osoby s razantně odlišnými postoji pozoruji v TV, na soc. sítích, tedy obecně v médiích, ale nemám s nimi zkušenost v osobním životě. Obecně se dá říct, že jde o osoby, které hltají každé slovo současné vlády ČR, fandí Kamale Harrisové (protože je prezentována jako hodná paní a Donald jako zloduch), sami se nedokážou zamyslet nad tím, že ne vše, co je jim prezentováno v médiích, je divadlo pro ně a ve skutečnosti mají politici jiné postoje, svá slova nemyslí tak, jak je ve skutečnosti říkají, a všechno to dělají za účelem získání voličů v nejbližších volbách. K tomu všemu jim samozřejmě dopomáhají média, určitá zcela okatě, jiná již méně.",0,0,0,0,0,0,0,0,0,0,0,0,0,0,0,0,0,0,0,0,0,0,0,0,0,0,0,0,0,0,0,0,0,0,0,0,0,0
R_8w5J1ePG4nFYx4F,ANO,"Lidé kolem věku 40 let, menší děti, pracující","Starší občané, důchodci, věčně nespokojení",0,1,0,0,1,0,0,0,0,0,0,0,0,0,0,0,0,0,0,0,0,0,0,0,0,0,0,0,0,0,0,0,0,0,0,0,0,0
R_8qWFk9uHBATIxEr,ODS,"Jsou to fajn lidé, které mám rád","Jsou to lidé, které se snažím respektovat.",0,0,0,0,0,0,0,0,0,0,0,0,0,0,0,0,0,0,0,0,0,0,0,0,0,0,0,0,0,0,0,0,0,0,0,0,0,1
R_83o5owaWw5QoX7j,ANO,"Řeší až těsně před volbami komu dát hlas, jinak se o politiku nezajímají","Komunista, někdo, kdo je Proruský a pro válku na Ukrajině, jinak asi nic",0,0,0,0,0,0,0,0,0,0,0,0,0,0,0,0,0,0,0,0,0,0,0,0,0,0,0,0,0,0,0,0,0,0,0,0,0,0
R_27NM3G56r00GJFh,ANO,"MOc se o politiku nezajímám, ale strana ANO je mi sympatická na rozdíl od některých jiných stran.",každý má právo na svůj názor. Nemusím s ním souhlasit.,0,0,0,0,0,0,0,0,0,0,0,0,0,0,1,0,0,0,0,0,0,0,0,0,0,0,0,0,0,0,0,0,0,0,0,0,0,0
R_8pGXXZbLYjM3496,ANO,máme porozumění na požadavky  i s malými odchylkamy,každý má svůj pohled a zkušenosti se systémy nebo s některou osobou,0,0,0,0,0,0,0,0,0,0,0,0,0,0,0,0,0,0,0,0,0,0,0,0,0,0,0,0,0,0,0,0,0,0,0,0,0,0
R_5KNG8XmE87ZFnXM,STAN,Člověk s rozhledem a ekonomickým vzděláním ,Člověk bez rozhledu a ekonomického vzdělání ,0,0,0,0,0,0,0,0,0,0,0,0,0,0,0,0,0,0,0,0,0,0,0,0,0,0,0,0,0,0,0,0,0,0,0,0,0,0
R_4asjOOPEuyTazQi,,"Nevěří politickým stranám, že by chtěly něco dobrého pro lidi udělat. Jsou to mafie, které chtějí co největší moc.
","Nemají vůbec přehled o tom, co se děje a skáčou na špek různým pól. Stranám.",0,0,0,0,0,0,0,0,0,0,0,0,0,0,0,0,0,0,0,0,0,0,0,0,0,0,0,0,0,0,0,0,0,0,0,0,0,0
R_2f151WCdELFq8Tv,ANO,"
zhruba polovina rodiny a větší polovina mých přátel a známých všichni +50 let","část rodiny a známých, zejména mladší generace",0,0,0,0,1,0,0,0,0,0,0,0,0,0,0,0,0,0,0,0,0,0,0,1,0,0,0,0,0,0,0,0,0,0,0,0,0,0
R_2OuxC3nDTuiLNz7,TOP09,Jsou v pohodě protože se vezou na stejné vlně,"Netuším co napsat, takže co názor to člověk ",0,0,0,0,0,0,0,0,0,0,0,0,0,0,0,0,0,0,0,0,0,0,0,0,0,0,0,0,0,0,0,0,0,0,0,0,1,0
R_8frFcMMcBl3LVSB,TOP09,"lide, kteri jsou slusni, nenadavaji, umi pocitat, umi racionalne premyslet","lide, kteri se nad problematikou nezamysli, neudelaji si zadny fact-checking, jen opakuji jako papousci, idealne jeste sproste a dokazi si protirecit",0,0,0,0,0,0,0,0,0,0,0,0,0,0,0,0,0,0,0,0,0,0,0,0,0,0,0,0,0,0,0,0,0,0,0,0,0,0
R_2GajpaLjWpOT9xD,,Neumim popsat takoveho cloveka,Nedokazu popsat takove lidi,0,0,0,0,0,0,0,0,0,0,0,0,0,0,0,0,0,0,0,0,0,0,0,0,0,0,0,0,0,0,0,0,0,0,0,0,0,0
R_2IlpT1uFUUnV6dH,ANO,"Maji radi svoji republiku a chteji lepsi budoucnost, aby byli tase cesko samostatne a plaily české zakony a ne zakony EU ","Neprijimaji kompro.isy,neuznavsji české zakony, prosazuji evropske zakony ktere skody ceskym lidem a nadi ekonomice",0,0,0,0,0,0,0,0,0,0,0,0,0,0,0,0,0,0,0,0,0,0,0,0,0,0,0,0,0,0,0,0,0,0,0,0,0,0
R_8Rq5G2CVoRrsarL,ANO,"Dobří lidé,chápající, lidští ",Lidé mající svůj názor ,0,0,0,0,0,0,0,0,0,0,0,0,0,0,0,0,0,0,0,0,0,0,0,0,0,0,0,0,0,0,0,0,0,0,0,0,0,0
R_2svsdafgNB7D9Rf,,Nezabývám se rozdíly mezi lidmi. ,Politiku a rozdíly mezi lidmi neřeším. ,0,0,0,0,0,0,0,0,0,0,0,0,0,0,0,0,0,0,0,0,0,0,0,0,0,0,0,0,0,0,0,0,0,0,0,0,0,0
R_2ZJ1Rilh6PdRmpL,ANO,"Jsou to lidé, kteří se o politiku nezajímají,  vnímají jí pouze z informačních kanálu  nebo poslouchají debatu druhých lidí a udělají si na to svůj názor. ",Každý má svůj názor na danou politickou situaci. Každý to vnímá že svého pohledu a hledá tam to co mu vyhovuje.,0,0,0,0,0,0,0,0,0,0,0,0,0,0,0,0,0,0,0,0,0,0,0,0,0,0,0,0,0,0,0,0,0,0,0,0,0,0
R_2M6ZrySbQAxN0QQ,ANO,Sympataci kamarádi mám je rád jsou to soukmenovci,Cizí lidé nemám je rád nenávidím je jsou mi nesympatický,0,0,0,0,0,0,0,0,0,0,0,0,0,0,0,0,0,0,0,0,0,0,0,0,0,0,0,0,0,0,0,0,0,0,0,0,0,0
R_2vTDf5Njo4Qcztv,KSCM,"Většinou stejná věková kategorie, případně lidi ze stejného pracoviště, společenského kolektivu. ","Jedná se o převážně mladé lidi, kteří se pohybují pouze ve velmi omezeném společenství lidí se stejným názorem. U starších lidí se jedná spíš o ty, kteří se cítí být dotčeni nějakým problémem, přestože tomu ve skutečnosti tak není.",0,0,0,0,0,0,0,0,0,0,0,0,0,0,0,0,0,0,0,0,0,0,0,0,0,0,1,0,0,0,0,0,0,0,0,0,0,0
R_84H3iCJU1CwGoSb,ANO,STEJNÝ NAZOR MOHOUMÍT ALE NEMUSÍ TO BÝT DOBŘÍ LIDÉ.,KAŽDÝ MÁ SVUJ NAZOR A TAKOVÉ LIDI URČITĚ NEBUDU ODSUZOVAT.,0,0,0,0,0,0,0,1,0,0,0,0,0,0,0,0,0,0,0,0,0,0,0,0,0,0,0,0,0,0,0,0,0,0,0,1,0,0
R_28MNTrI73kaZywg,ANO,každou věc si řádně uváží a ověří z více stran,"jak mohu vědět, čím se tyto lidé liší, když je neznám?",0,0,0,0,0,0,0,0,0,0,0,0,0,0,0,0,0,0,0,0,0,0,0,0,0,0,0,0,0,0,0,0,0,0,0,0,0,0
R_8eRueEt1Jaq5X5y,ANO,Jsou to lidé jako já a mají již něco za sebou.,Neodsuzuji je je to jejich věc koho volí.,0,0,0,0,0,0,0,0,0,0,0,0,0,0,0,0,0,0,0,0,0,0,0,0,0,0,0,0,0,0,0,0,0,0,0,0,0,0
R_2QavDoRjcaYX0y9,STAN,"Lidé žijící přítomností,s moderním pohledem na situaci,mající ve svém okolí někoho blízkého kdo byl za komunismu nespravedlivě zbaven majetku,svobody nebo i lidského života.","Konzervativní lidé,nejdou s dobou,je v nich zakořeněná určitá tradice a neposouvají se v životě dál nebo moderním směrem,nevybočují z řady,jdou s davem",0,0,0,0,0,1,0,0,0,0,0,0,0,0,0,0,0,0,0,0,0,0,0,0,0,0,0,0,0,0,0,0,0,0,0,0,0,0
R_8JUcCtvFsLzFRSx,ODS,"Nevim, je mi to jedno. Kazdy ma svuj nazor","Je mi to jedno, kazdy ma pravo a svuj nazor",0,0,0,0,0,0,0,0,0,0,0,0,0,0,0,0,0,0,0,0,0,0,0,0,0,0,0,0,0,0,0,0,0,0,0,0,0,0
R_80vnufan81Mx4PD,KDU-CSL,Lidi co se zajímají o lidi a politiku ,Lidi co se vůbec o politiku nezajímají. Ví jen to co jim řekne a ukáže televize ,0,0,0,0,0,0,0,0,0,0,0,0,0,0,0,0,0,0,0,0,0,0,0,0,0,0,0,0,0,0,0,0,0,0,0,0,0,0
R_8O64YwfPgRkbuiI,SPD,"Normální pracovití lidé, kteří mají rádi Česko a dávají mu přednost před ostatními státy. Rádi pomáhají potřebným a k ostatním se chovají slušně, bez jakékoliv diskriminace.","Bezskrupulózní lháři a sobci, kteří myslí pouze na sebe a svá korýtka. Jsou: kam vítr, tam plášť.",0,1,0,1,0,0,0,0,0,0,0,0,0,0,0,0,0,0,0,0,0,0,0,0,0,0,0,0,0,1,0,0,0,0,0,0,0,0
R_2Qhi4ueLiYUCdot,ANO,Jsem rád když přijde na politiku a jsou kolem stejně smýšlející lidé  ,Proti těmto lidem nemám v podstatě nic každý má právo na svůj názor a politické přesvědčení,0,0,0,0,0,0,0,0,0,0,0,0,0,0,0,0,0,0,0,0,0,0,0,0,0,0,0,0,0,0,0,0,0,0,0,0,0,0
R_84iVu0RutR2dQGW,ANO,"Jsou to lidé, kteří myslí rozumně. Chápou,že je tato vláda nejhorší za poslední roky.. Nezajímají ji problémy obyčejných lidí a seniorů.",Jsou  to voliči koalice Spolu.,0,0,1,1,0,0,0,0,0,0,0,0,0,0,0,0,1,0,0,0,0,0,0,0,0,0,0,0,0,0,0,0,0,0,0,1,0,0
R_2AZjemdu9eGqULK,ANO,Lidé kteří pracovali po celý život a teď nemají možnost prožít důstojné stáří.,Lidé ve vysokých funkcích jako je ODS kteří nemají zdání o tom jak se žije normálním lidem a ničí naši republiku.,0,0,0,0,0,0,0,0,0,0,0,0,0,0,0,0,0,0,0,0,0,0,1,0,0,0,0,0,0,0,0,0,0,0,0,1,0,0
R_2mmKaY8D8iQy8fq,ANO,politika jako taková je v současné době velmi nepřínosná.,jsou pro mě velmi nesympatičtí,0,0,0,0,0,0,0,0,0,0,0,0,0,0,0,0,0,0,0,0,0,0,0,0,0,0,0,0,0,0,0,0,0,0,0,0,0,0
R_8DUMvAKIs1vZ9yJ,ODS,"Je třeba ve všem hledat racionální řešení, řešit skutečné problémy. Politici by měli dělat to, co lidé skutečně chtějí.","Myslí si, že za jejich nezdar může hlavně stát a všichni ostatní, nepřipouští žádný jiný názor, důležitý jej hlavně jejich prospěch, přiklání se více k východu.",0,0,1,0,0,0,0,0,0,0,0,0,0,0,0,0,0,0,0,0,0,0,0,0,0,0,0,0,0,0,0,0,0,0,0,0,0,0
R_2a5pHaRbr3VViUh,ODS,Pravicově smýšlející snažící se zajistit sebe i rodinu vlastními silami. Vyznávající tradiční rodinu.,"Jsou to lidi, kteří se nechtějí o sebe starat, spoléhají ve všem na stát.",0,0,0,0,1,0,0,0,0,0,0,0,0,0,0,0,0,0,0,0,0,0,0,0,0,0,0,0,0,0,0,0,0,0,0,0,0,0
R_2P1z5DfX7wi67qM,,politika je mě lhostejná její voliči taky,"nevím neznám, nestarám se",0,0,0,0,0,0,0,0,0,0,0,0,0,0,0,0,0,0,0,0,0,0,0,0,0,0,0,0,0,0,0,0,0,0,0,0,1,0
R_2kBrGuZT9okafyb,,"O politiku se téměř nezajímám, mám důležitější starosti.","Nevím, o blbostech nepřemýšlím.",0,0,0,0,0,0,0,0,0,0,0,0,0,0,0,0,0,0,0,0,0,0,0,0,0,0,0,0,0,0,0,0,0,0,0,0,1,0
R_2xfiA8DcTQUVtFT,ANO,"Lidi jsou naštvaní, vše je drahé ",To jsou lidé co mají hodně peněz a tak je drahota netrápí ,0,0,0,0,0,0,0,0,0,0,0,0,0,0,0,0,0,0,0,0,0,0,0,0,0,0,0,0,0,0,0,0,0,0,0,0,0,0
R_2sHk9CfFntB4PoB,ANO,Rozumni inteligentni lide smyslejici s dalsimi nasledky,Jak mam popisovat nekoho koho neznam ? ,0,0,1,0,0,0,0,0,0,0,0,0,0,0,0,0,0,0,0,0,0,0,0,0,0,0,0,0,0,0,0,0,0,0,0,0,0,0
R_29aBc33GsNkXAN2,,"Vidí v politice korupci, sobeckost, nezájem, zároveň cítí bezmoc",V názoru týkající se mezinárodních vztahů - extrémy (totální prozapad vs totální provychod) ,0,0,0,0,0,0,0,0,0,1,0,0,0,0,0,0,0,0,0,0,0,0,0,0,0,0,0,0,0,0,0,0,0,0,0,0,0,0
R_8pbxuQIGNVkD51k,ANO,O politiku se starají pouze příležitostně. Především v situacích kdy se to dotkne jejich osobního života nebo uvidí budoucí změny v mediich. ,Jsou to lidé kteří sledují politiku ve svém volném čase. Své názory a názory politiku řeší s rodinou nebo s kolegy v práci. Dalo by se říct že si nedovedou představit život bez sledování nových zpráv v politice.,0,0,0,0,0,0,0,0,0,0,0,0,0,0,0,0,0,0,0,0,0,0,0,1,0,0,0,0,0,0,0,0,0,0,0,0,0,0
R_8AKdWHGQfX2Bhdv,ANO,"Střední třída,Dělnická třída,rozumný lidi","Liberálně smýšlející lidí,bohatší sorta lidí kteří mají prospěch z týhle vlády např herci neziskovky a pod",1,0,1,0,0,0,0,0,0,0,0,0,0,0,0,0,0,0,0,0,0,0,0,0,0,0,0,0,0,0,0,1,0,0,0,0,0,0
R_2ybzLmVWV2LM38B,ANO,"nevím co na říci, jsou sympatičtí","prostě se mi nelíbí, nejsou sympatičtí",0,0,0,0,0,0,0,0,0,0,0,0,0,0,0,0,0,1,0,0,0,0,0,0,0,0,0,0,0,0,0,0,0,0,0,0,0,0
R_8aPpF73dcrDnmaZ,ANO,Jsou to chudí lide mají málo penez,Nevim nemozu posuzovat,0,0,0,0,0,0,0,0,0,0,0,0,0,0,0,0,0,0,0,0,0,0,0,0,0,0,0,0,0,0,0,0,0,0,0,0,0,0
R_8ZJHAO1b15w2r9T,ANO,Na na na na na na na na na na na na na ,Na na na na na na na na ,0,0,0,0,0,0,0,0,0,0,0,0,0,0,0,0,0,0,0,0,0,0,0,0,0,0,0,0,0,0,0,0,0,0,0,0,0,0
R_2L6yIxtgobzh2Ky,,"Tito lidé se zaměřují hlavně na sebe a na svůj přínos společnosti. Mluví za ně jejich činy a ne slova. Jsou otevření novým věcem, jsou kritičtí k sobě i svému okolí. Ke všem se chovají s úctou.","Netuším, jak to mají jiní lidé. Já se zaměřuji na sebe a své okolí. Politika je široký pojem a tomu já nerozumím. ",0,0,0,0,0,0,0,1,0,0,0,0,0,0,0,0,0,0,0,0,0,0,0,0,0,0,0,0,0,0,0,0,0,0,0,0,1,0
R_8qDxj5wVg1LiW8E,ODS,"Ekonomický liberál, konzervativec, euroskeptik, thatcherista, antibolševik ","Levicoví marxisté, kteří zneužívají šikovnost druhých. Absolutně nemorální a všeho schopní lidé.
",0,0,0,0,0,0,0,0,0,0,0,0,0,0,0,0,0,0,0,0,0,0,0,0,0,0,0,0,0,0,0,0,0,0,0,0,0,0
R_2dke8RhlcQcmRMd,,"Lidem jako ja jsou volby fuk.nikdy nechodi volit, protoze vsichni politici jsou lhari a kdyz nejsou, tak stejne nic nezmuzou",Politicti fanatici. Cely den jen koukaji na zpravy a neziji snad nicim jinym nez pllitikou,0,0,0,0,0,0,0,0,0,0,0,0,0,0,0,0,0,0,0,0,0,0,0,0,0,0,0,0,0,0,0,0,0,0,0,0,0,0
R_2YSsDfHF8YqXL4l,Pirati,"Převážně to budou mladí lidé (pod 40 let). Mají celkový přehled o světě. Jsou liberální, uvažují moderně, směrem dopředu. Jsou zodpovědní sami za sebe.","Zapskli senioři nebo lidi bez přehledu o světě, netolerantní. Nenávidí všechny a všechno, vše je podle nich špatné. Za vše může vláda/ostatní, oni sami jsou oběti.",0,0,0,0,0,0,1,0,0,0,0,0,0,0,0,0,0,0,0,0,0,0,0,0,0,0,0,0,0,0,0,0,0,0,0,1,0,0
R_8ZWBQy8zpOMpzEe,SPD,jsou stejní jako já a vřechny likamarádi,lidé nevšdí co chcou,0,0,0,0,0,0,0,0,0,0,0,0,0,0,0,0,0,0,0,0,0,0,0,0,0,0,0,0,0,0,0,0,0,0,0,0,0,0
R_2s7akUHmlllq7Fy,KDU-CSL,"Chytří lidé, kteří si řečmi o politice neubírají volný čas.","Hlupáci, kteří neustále něco prohlašují bez zjevného smyslu.",0,0,0,0,0,0,0,0,0,0,0,0,0,0,0,0,0,0,0,0,0,0,0,0,0,0,0,0,0,0,0,0,0,0,0,0,0,0
R_20ZE82ezxWr4zgi,ODS,"Demokratický člověk, který chápe, že volit je důležité. Volí demokratické strany typu ODS, STAN, Piráti, TOP09. Rozumní lidé, kteří ví, jak fungují finance, státní rozpočet, chápou inflaci. Je přirozené, že se státní schodek rok co rokem zvyšuje, protože si na jeho financování půjčujeme. Měly by se omezit dávky, jsme moc solidární, proto je i dluh velký. Podporují práva žen a lgbtq skupin, jsou proti násilí. Lidi co ví, že v budoucnu přijmeme euro (a souhlasí s tím)","Populisti, nechtějí euro, nerozumí, jak funguje ekonomika (pravděpodobně proto mají populistické sklony). Lidi, kteří přecházejí znásilnění (asi si myslí, že to je výmysl). Lidé, kteří jsou proruští, nevadí jim totalita, nacisti. ",0,0,1,0,0,0,0,0,0,0,0,0,0,0,0,0,1,0,0,0,0,0,0,0,0,0,0,0,0,0,0,0,1,0,0,0,0,0
R_2rdBAzgRw3B2Nja,,"Politiku moc neřeší, občas je jim z politiků špatně - na zvracení.","Mají svůj názor, je to jejich volba, pokud ho nevnucují, jsou mi jedno.",0,0,0,0,0,0,0,0,0,0,0,0,0,0,0,0,0,0,0,0,0,0,0,0,0,0,0,0,0,0,0,0,0,0,0,0,0,0
R_8juZp8YdNfgiTX8,ODS,"jako středopravicové, neurčující lidem jak se mají chovat, ale dbát na dodržování zákonů a pravidel , zničit korupci","korupčnící , neziskovky",0,0,0,0,0,0,0,0,0,0,0,0,0,0,0,0,0,0,0,0,0,0,0,0,0,0,0,0,0,0,0,0,0,0,0,0,0,0
R_8Mgdg7kPacCtLbP,ODS,"Je to člověk jakéhokoliv vzdělání.
Dokáže obětovat aktuální vlastní pohodlí ve jménu vyšších hodnot a v zájmu dlouhodobé prosperity. Nepřijímá totalitu ani v náznaku věří v demokratické zřízení státu ukotveny v křesťanský hodnotách ",Je to člověk jakéhokoliv vzdělání A sociálního statusu většinou neinformovany. Věří v jednoduchá řešení slozitich problémů věří populistickym heslum a politikům. Doufá ve stát který se o něj bude starat a nechápe základní ekonomické principy. Je mentality kdo není s námi je proti nám ,0,0,0,0,0,0,0,0,0,0,0,0,0,0,0,0,0,0,0,0,0,0,0,0,0,0,0,0,0,0,0,0,1,0,0,0,0,0
R_8jUHXPMpuUC9wjX,STAN,"Pravicově zaměření, spoléhající hlavně sami na sebe, s odporem k jakémukoli diktátu.","Líní levičáci, podporovatelé Ruska a jiných diktatur, většinou s totální neznalostí mateřštiny, náchylní k dezinformacím.",0,0,0,0,0,0,0,0,0,0,0,0,0,0,0,0,0,0,0,0,0,0,0,0,0,0,0,0,0,1,0,0,0,0,0,0,0,0
R_2Hjn7B2DB79otWc,Pirati,Jsou mi sympatičtí a mohu s nimi sympatizovat,Je to jejich názor a respektuji jej,0,0,0,0,0,0,0,0,0,0,0,0,0,0,0,0,0,0,0,0,0,0,0,0,0,0,0,0,0,0,0,0,0,0,0,0,0,1
R_2fdtb4O6oj3Hjln,KSCM,"Rozumný člověk, sympatický, muž nebo žena ","Nesympatický podnikáte, boháči, verbeš",0,0,1,0,0,0,0,0,0,0,0,0,0,0,0,0,0,0,0,0,0,0,0,0,0,0,0,0,0,0,0,0,0,0,0,0,0,0
R_81piY4wVuq3cJuU,,"Nemám vyhraněný názor na lidi s podobným vnímáním na společenské problémy, či politiku.","Na tuto otázku nelze jednoznačně odpovědět, neboť každý má na danou problematiku jiný názor. Tedy nelze odsuzovat, ani vyzdvihovat lidi s odlišnými názory, než je názor můj.",0,0,0,0,0,0,0,1,0,0,0,0,0,0,0,0,0,0,0,0,0,0,0,0,0,0,0,0,0,0,0,0,0,0,0,1,0,0
R_8HoVw7GngK9gwLL,Other,Viz předchozí odpověď - nehodnotím nikoho na základě jeho politických názorů ,"Mrzí mě, že tento dotazník předpokládá, že lidé se vzájemně mají nebo nemají rádi dle svých politických názorů. Ano, chápu, na různých diskuzních fórech se to nenávistí založenou na tomto jen hemží, ale obávám se, že to není případ inteligentních lidí. Mám pocit, že jen proto, že tito hlasitě řvou své nenávistné řeči, myslíte si, že to tak snad máme všichni. Já například mám jasno v tom, že např. SPD, ANO nebo KSČM bych nikdy nevolila, to ale neznamená, že jsem nějak vyhraněná vůči jejich voličům. Každý ať si volí, koho chce, je to jeho osobní věc.",0,0,0,0,0,0,0,0,0,0,0,0,0,0,0,0,0,0,0,0,0,0,0,0,0,0,0,0,0,0,0,0,0,1,1,0,0,0
R_8rGofR6H9kAPizT,KDU-CSL,"Pragmatičtí, nesnáší populisty. ","Velmi snadno podléhají dezinformacím, nevěří ničemu z ""mainstreamu"". Vychvalují Rusko a jeho režim. Nesnáší změny a cizince. ",0,0,0,0,0,0,0,0,0,0,0,0,0,1,0,0,0,0,0,0,0,0,0,0,0,0,0,0,0,1,0,0,0,0,0,0,0,0
R_2Pby3MvMvtsacpz,Other,"liberálové, ekonomicky interesovaní, starající se o své blaho a díky tomu i o blaho společnosti ","netolerantní, extrémističtí, autoritativní, socialističtí ",0,0,0,0,0,0,0,1,0,0,0,0,0,0,0,0,0,0,0,0,0,0,0,0,0,0,0,0,0,0,0,0,0,0,0,0,0,0
R_2H0kkjyuMNvjvZs,ANO,střední vrstva - normální lidé,"populisté a kariera, úplatní",1,0,0,1,0,0,0,0,0,0,0,0,0,0,0,0,0,0,0,0,0,0,0,0,0,0,0,0,0,0,0,0,1,0,0,0,0,0
R_2Bb0eyyDJzHSCJs,ODS,"Lidé přemýšliví, mající rádi svobodu a demokracii
",Někdo se o ně postará,0,0,0,0,0,1,0,0,0,0,0,0,0,0,0,0,0,0,0,0,0,0,0,0,0,0,0,0,0,0,0,0,0,0,0,0,0,0
R_8g5yzM87ePKoWP0,ANO,ja raději nebudu hodnotit ,Politika je jen zlodějna jak okrádat lidi žijící v této zemi ,0,0,0,0,0,0,0,0,0,0,0,0,0,0,0,0,0,0,0,0,0,0,0,0,0,0,0,0,0,0,0,0,0,0,0,0,0,0
R_8lXOq67mXVq65me,ANO,"Jsou otevření, nenálepkují ostatní ","Nevzdělaní, hlopí, neumí se chovat",0,0,0,0,0,0,0,0,0,0,0,0,0,0,0,0,0,0,0,0,0,0,0,0,0,0,0,1,0,0,0,0,0,0,0,0,0,0
R_2091LAL87XC109b,STAN,Nesnáší extremistické a populistické strany. Fandí liberálnímu realizmu.,"Radikálové, euroskeptici, ekonomičtí idealisté, populisté.",0,0,0,0,0,0,0,0,0,0,0,0,0,1,0,0,0,0,0,0,0,0,0,0,0,0,0,0,0,0,0,0,1,0,0,0,0,0
R_23daVQghiMaGcBV,SPD,Chtěl bych změnu k lepšímu ,Nevím jak bych tyhle lidi popsal ,0,0,0,0,0,0,0,0,0,0,0,0,0,0,0,0,0,0,0,0,0,0,0,0,0,0,0,0,0,0,0,0,0,0,0,0,1,0
R_8l6JDRLYbBdqhxZ,,"Nijak,politiku už nesleduji je to špína",Nechci se vyjádrit………………,0,0,0,0,0,0,0,0,0,0,0,0,0,0,0,0,0,0,0,0,0,0,0,0,0,0,0,0,0,0,0,0,0,0,0,0,0,0
R_8FVQKS0sPwlOLmn,ANO,"Vůbec nevím, jak bych takové lidi popsal.","Opravdu nevím, jak bych takové lidi popsal.",0,0,0,0,0,0,0,0,0,0,0,0,0,0,0,0,0,1,0,0,0,0,0,0,0,0,0,0,0,0,0,0,0,0,0,0,1,0
R_8zsmLJan0e51Trz,ANO,"Chybí důvěra, jelikož všichni jen slibují, ale po volbách jen lžou a dělají chyby, které nejsou nijak trestané.","Tzv. ""sluničkaři"" a staré generace, kteří jsou snadno ovlivnitelní sliby a falešnou naději na lepší zítřky od různých stran.",0,0,0,0,0,0,0,0,0,0,0,0,0,0,0,0,0,0,0,0,0,0,0,0,0,0,0,0,0,0,1,0,0,0,0,0,0,0
R_2QxRd1fQh3jUTSR,,Maji predstavu jak by to melo vypadat a nehoni se za chimerami,"Maji ruzove bryle, nevedi si spocitat pet a pet",0,0,0,0,0,0,0,0,0,0,0,0,0,0,0,0,0,0,0,0,0,0,0,0,0,0,0,0,0,0,0,0,0,0,0,0,0,0
R_2HUnnNwlVMXLfUS,KDU-CSL,"Inteligentní, vždy najít stejný smysl.","Sociopatecký,Despoticke chování, A vždy mít pravdu i když druhého urazí. ",0,0,0,0,0,0,0,1,0,0,0,0,0,0,0,0,0,0,0,0,0,0,0,0,0,0,0,0,0,0,0,0,0,0,0,0,0,0
R_8MpUGp5gs9nL02Z,ANO,Neumím na tuto otázku odpovědět.,"Jsou to prostě jen lidé s odlišnými názory, nic více, nic méně.",0,0,0,0,0,0,0,0,0,0,0,0,0,0,0,0,0,1,0,0,0,0,0,0,0,0,0,0,0,0,0,0,0,0,0,0,0,0
R_2EhVjVOX5Sk4SoW,STAN,liberali gejoviq lezby divnolidi,zakomplexovani malomyselni kokoti ,0,0,0,0,0,0,0,0,0,0,0,0,0,0,0,0,0,0,0,0,0,0,0,0,0,0,0,0,0,0,0,0,0,0,0,0,0,0
R_27QKJJr3LyqJCUN,STAN,"člověk, který nechce mít ve vládě STBáka, který se neštítí ničeho a je schopen pro peníze jít přes mrtvoly","člověk, který se nechá opít rohlíkem a nezajímá se o hloubku ",0,0,0,0,0,0,0,0,0,0,0,0,0,0,0,0,0,0,0,0,0,0,0,0,0,0,0,0,0,0,0,0,0,0,0,0,0,0
R_8iQMZlP1fvGvsUa,KSCM,"Lidi, kteří toho mají už plné zuby, bohatí bohatnou a chudí chudnou. EU blbne s greendealem, ožebračuje tím lidi na úkor byznisu.","Zazobanci, kteří si uměli vybrat profesi nebo měli zkrátka štěstí, nemusí nic řešit a hlavně nechápou, proč ta chudina pořád nadává",0,0,0,0,0,0,0,0,0,0,0,0,1,0,0,0,0,0,0,0,0,0,0,0,0,0,0,0,0,0,0,0,0,0,0,0,0,0
R_87wAwxyuRkdtsU7,ANO,Lidé co prošli podobnou životní situací mající stejný nebo podobný pohled na dění kolem sebe a představu o budoucnosti,Lidé s jinými životními zkušenostmi a představě o budoucnosti,0,0,0,0,0,0,0,1,0,0,0,0,0,0,0,0,0,0,0,0,0,0,0,0,0,0,0,0,0,0,0,0,0,0,0,0,0,0
R_2s07X1ZsFhN78zC,ANO,"Chci aby vláda měla stejný metr pro sebe a pro ostatní lidi,hlavně co se týká příjmů.","Chtějí jen peníze,a jdou přes mrtvoly",0,0,0,0,0,0,0,1,0,0,0,0,0,0,0,0,1,0,0,0,0,0,0,0,0,0,0,0,0,0,0,0,0,0,0,0,0,0
R_8Ofdp65te4CcydC,ODS,"středopravicový volič, nesmí volit KSČ","lidi kteří volí populistické strany KSČ, SPD",0,0,0,0,0,0,0,0,0,0,0,0,0,0,0,0,0,0,0,0,0,0,0,0,0,0,0,0,0,0,0,0,1,0,1,0,0,0
R_2KcZ2os9jrE3JzV,ANO,"Jsou v pohodě, jako já. Moc ji neprožíváme a bereme to s přehledem.","Jsou závislí na dezinformačních webech a jsou ochotni se hádat, že mají pravdu. Byť je nepotvrzená.",0,0,0,0,0,0,0,0,0,0,0,0,0,0,0,0,0,0,0,0,0,0,0,0,0,0,0,0,0,0,0,0,0,0,0,0,0,0
R_8QXSwcTNE4zrzfx,ANO,Nemají zájem o politiku a společenské problémy,Extrovertní jedinci.,0,0,0,0,0,0,0,0,0,0,0,0,0,0,0,0,0,0,0,0,0,0,0,0,0,0,0,0,0,0,0,0,0,0,0,0,0,0
R_22Y9Ihh9dNL79xn,ODS,Na stejném bodě a trpěj za tuhle vládu ,Těžko říct  co uvést,0,0,0,0,0,0,0,0,0,0,0,0,0,0,0,0,0,0,0,0,0,0,0,0,0,0,0,0,0,0,0,0,0,0,0,0,0,0
R_27ehST1CJPFcqS5,,Netusim nevim neznam asi nechapu,Nevim neznam takove lidi,0,0,0,0,0,0,0,0,0,0,0,0,0,0,0,0,0,0,0,0,0,0,0,0,0,0,0,0,0,0,0,0,0,0,0,0,0,0
R_8K0VJ7LnHGAFk9w,ANO,Jako uvědomělé lidi kteří chápou dnešní dobu,Lidí kteří si myslí že se o ně stát musí postarat.,0,0,0,0,0,0,0,0,0,0,0,0,0,0,0,0,0,0,0,0,0,0,0,0,0,0,0,0,0,0,0,0,0,0,0,0,0,0
R_8fk537JEkdbc32k,,takove neznam ale myslim ze maji stejny nazor,nevim o politiku se nezajimam,0,0,0,0,0,0,0,0,0,0,0,0,0,0,0,0,0,0,0,0,0,0,0,0,0,0,0,0,0,0,0,0,0,0,0,0,0,0
R_2sHywyps6WdaWNb,ANO,"Pracující poctivý lidé, kteří nic nedostali zadarmo. Jsou zvyklí pracovat a nemají možnost ovlivnit tok dění, prostě na to není čas. Nejvíce takoví lidé postrádají pomoc od státu a nespravedlnost ve financování např. UA a podpory války.","Jsou to lidé, kteří žijí v jiné části naši země, zejména ve Středočeském kraji a v Praze. Tito lidé nevidí dopad vlády na chudší kraje jako je Ústecký a Moravskoslezský. Tito lidé vidí svůj blahobyt a rostoucí platy a nevidí naše otroctví a minimální mzdu. Pracuji od 13 let a můj základní plat je 20700,-Kč a to pracuji jako pedagog, je to smutné. Už více než 8 let mám 3 zaměstnání, abych vůbec mohla žít a splácet hypotéku. Nikdy jsem nebyla u moře, ani moje rodina. Pak je vedle mne ukrajinský občan a ten má práci, dávky, a žije naprosto v pohodě. Válka ho nijak nezasáhla, jen přijel, podle jejich vlastních slov - brát, když se dává. A to naše vláda umožňuje, s plnou podporou voličů Středočeského kraje, protože má průměrný plat, Ukrajinec mu pomáhá - bere zaměstnání co nikdo nechce a za málo peněz.Ale tady na Moravě, jsme se opravdu mnohdy měli lépe před 1989 co se týče práce a vyspělého průmyslu. Vláda na naše území kašle. Takový je základní rozdíl.",0,1,0,0,0,0,0,0,0,0,0,1,0,0,0,0,0,0,0,1,1,0,0,1,0,0,0,0,0,0,0,0,0,0,0,1,0,0
R_20yva03mXodSc6d,Pirati,"Jsou pro ně důležité problémy týkající se menšin, ačkoliv do nich sami nepatří. Jsou tolerantní vůči jiným názorům, ale ne vůči nenávisti. Mají morální zásady a neupřeli by někomu práva výměnou za pětistovku k důchodu.","Jsou neustále negativní a nespokojení a myslí si, že za to může vláda. Svojí frustraci si vybíjí na slabších, vadí jim jakákoliv odlišnost, protože cítí, že jejich konzervativní svět je v ohrožení. ",0,0,0,0,0,0,0,0,0,0,0,0,0,0,0,0,0,0,0,0,0,0,0,0,0,0,0,0,0,0,0,0,0,0,0,1,0,0
R_8mmicQ9SihwyPSc,STAN,"Miléniálové s cynickým až nihilistickým pohledem na svět, jejichž ideologické představy byly již dávno zprzněny krutou realitou života, politiky a společnosti. Stále si zachovávají jistou míru ideálů, ale už dávno je přestaly veřejně a aktivně prosazovat, jelikož přestali mít pocit, že to má nějaký smysl. Stále by rádi volili srdcem, ideálně v konsensu s myslí, ale společenských diskurz a neexistence umírněné debaty o řešení problémů je zjevně méně důležité, než získávání levných politických bodů vymezováním se proti jiným skupinám ať už tak nebo onak.
Upřímně nejsem zrovna ideální modelový příklad, ale možná taky jo.
Nás můžů bez smyslu života je prej v posledních letech čím dál tím víc a možná kdybych nebyl cynik a nevěřil v populistické kecy a jednoduchá rychlá řešení, tak bych volil to, co mě teď tak odpuzuje, žel, není tomu tak.","Dlouhoodbě frustrovaní stavem české politiky, ale i státních institucí bez sebemenší důvěry v elity (vyjma těch co podporují jejich názory), nebo tradiční média. Prahnoucí po jasných a jednoduchch odpovědích a řešeních i tam kde žádná nejsou. Preferující okamžitá krátkodobá řešení bez dlouhodobého výhledu.",0,0,0,0,0,0,0,1,0,0,0,0,0,1,0,0,0,0,0,0,0,0,0,0,0,0,0,0,0,0,0,1,0,0,0,0,0,0
R_2rAzQvdu2iOX2hP,ANO,lidé sou férové na nic si nehraje ,nevím je to těžké ale je to jedno ,0,0,0,0,0,0,0,0,0,0,0,0,0,0,0,0,0,0,0,0,0,0,0,0,0,0,0,0,0,0,0,0,0,0,0,0,1,0
R_8vY8fIbMzf0RCrQ,KSCM,"Normální lidi, kteří přemýšlejí o životě a nedají na současnou propagandu a honbu na minulý režim, démonizování komunistů atd. ","Většinou jsou to lidí, kteří slepě věří ne jenom politikům, ale hlavně přebírají názory ze sociálních sítí.",0,0,0,1,0,0,0,0,0,0,0,0,0,0,0,0,0,0,0,0,0,0,0,0,0,0,0,0,0,0,0,0,0,0,0,0,0,0
R_80TQrYN7XSn1ISs,ANO,Jejich polický názor nic neříká o tom jací jsou.,"Politický názor jiných lidí neurčuje zda jsou dobří,  nebo špatní.",0,0,0,0,0,0,0,0,0,0,0,0,0,0,0,0,0,0,0,0,0,0,0,0,0,0,0,0,0,0,0,0,0,0,0,0,0,0
R_8JR95q3VbjrItIF,ANO,"Vědí co chtějí, dá se s nimi diskutovat na úrovni, nevěnují druhým svůj názor ","Nevím, takový lidi jsou mi úplně jedno",0,0,0,0,0,0,0,0,0,0,0,0,0,0,0,0,0,0,0,0,0,0,0,0,0,0,0,0,0,0,0,0,0,0,0,0,1,0
R_2mWpGf9w05omvoi,,"Většinou jde o řadové zaměstnance. Lidi, kteří si dovedou vážit práce druhých. Mají smysl pro rodinu, přátelství atd. ..",Zbohatlíci s ne moc velkým IQ,0,1,0,0,1,0,0,0,0,0,0,0,0,0,0,0,0,0,0,0,0,0,0,0,0,0,0,0,0,0,0,0,0,0,0,0,0,0
R_23ZWkPMrmiTEbyK,ODS,"Vyšší vzdělání, vyšší příjem, dobré zaměstnání, vlastní bydlení ","Nezaměstnaný, věčně si stěžující, pořádají samé protesty, nižší IQ ",0,0,0,0,0,0,0,0,0,0,0,0,0,0,0,0,0,0,0,0,0,0,0,0,0,0,0,0,0,0,0,0,0,0,0,0,0,0
R_8g6MFJpFQgW0HPu,KDU-CSL,"Zaměření na vzdělání, rodinu a kvalitu života. Řeší bydlení.","Neschopní kompromisu, autoritativní",0,0,0,0,1,0,0,0,0,0,0,0,0,0,0,0,0,0,0,0,0,0,0,0,0,0,0,0,0,0,0,0,0,0,0,0,0,0
R_2D8oI4ib1sHFnAc,,"Každý má svůj názor. Jsem ráda, že je víc lidí v tomto směru jako já ",Nemám si s nima co říct.. radši s nimi politiku neřešit ,0,0,0,0,0,0,0,0,0,0,0,0,0,0,0,0,0,0,0,0,0,0,0,0,0,0,0,0,0,0,0,0,0,0,0,0,0,0
R_8fNaZgWJaKCabSM,ODS,jsou to normální lidi s průměrným příjmem,velká část těchto lidí je pro mě hloupá,1,0,0,1,0,0,0,0,0,0,0,0,0,0,0,0,0,0,0,0,0,0,0,0,0,0,0,0,0,0,0,0,0,0,0,0,0,0
R_8aPHk5sODM5Vywv,Pirati,"jsou to lidi více asertivní, kteří se nedají jen tak zmanipulovat a ví co je správně pro tento stát, hlavně ekonomiku a demokracii.","Hlupáky, kteří se dají lehce zmanipulovat.",0,0,0,0,0,0,0,0,0,0,0,0,0,0,0,0,0,0,0,0,0,0,0,0,0,0,0,0,0,0,0,0,0,0,0,0,0,0
R_2oXuHsWLlz7gM6Q,ANO,"Zcela normální lidé, kteří mají na politiku stejný názor jako já.","Pokud se nejedná o fanatiky, tak to jsou normální lidé, akorát s opačným názorem, než mám já",0,0,0,1,0,0,0,1,0,0,0,0,0,0,0,0,0,0,0,0,0,0,1,0,0,0,0,0,0,0,0,0,0,0,0,0,0,0
R_21z4eFgXatfbNV7,TOP09,Tito lidé jsou mi blízcí.,Nemám nic proti těmto lidem. Každý má právo na vlastní názor.,0,0,0,0,0,0,0,0,0,0,0,0,0,0,0,0,0,0,0,0,0,0,0,0,0,0,0,0,0,0,0,0,0,0,0,0,0,0
R_8dM3bzyMmm4n8Kj,ODS,"Pro tyto lidi neni politika nejdulezitejsi prioritou - soucasny system neumoznuje, aby to, co politici slibi pred volbami, mohli opravdu splnit. Vadi jim obcas naprosto zbytecne a urazlive politicke debaty. Jsou to pomerne konzervativni lide s presne danym rezimem, ze ktereho obcas vystoupi. Byli vychovani pomerne zkratka a vedi, ze si nemuzou vsechno dovolit. Snazi se pomahat ostatnim.","Budou to lide s jinymi zalibami, nez mam ja, a zpusobem, jakym byli vychovani. Rekla bych, ze behem dospivani meli vice prostoru, ale na druhou stranu vyrostli v horsim/slozitejsim prostredi. Cilem jejich zivota rozhodne nebude touha se vzdelava, ucit se nove veci a prekonavat sami sebe.",0,0,0,0,0,0,0,0,0,0,0,0,0,0,0,0,0,0,0,0,0,0,0,0,0,0,0,0,0,0,0,0,0,0,0,0,0,0
R_8oC9cALnepWjQhr,Other,"Jsou normální, reálně vnímají dění kolem sebe a jsou schopni na to adekvátně reagovat","Nejsou schopni, nebo ochotni vnímat realitu a žijí podle emocí a jsou snadno ovlivnitelní",0,0,0,1,0,0,0,0,0,0,0,0,0,0,0,0,0,0,0,0,0,0,0,0,0,0,0,0,0,0,1,0,0,0,0,0,0,0
R_26jcCqt28WFRumt,Pirati,Jsou to lidé progresivní a otevření. Uznávají právo LGBT komunity na manželství a plnohodnotný rodinný život.,"Jsou to lidé konzervativní a někdy až bigotní, kteří neuznávají práva LGBT komunity na manželství a plnohodnotný rodinný život.",0,0,0,0,1,0,0,0,0,0,0,0,0,0,0,0,0,0,0,0,0,0,0,1,0,0,0,0,0,0,0,0,0,0,0,0,0,0
R_22sP5iRf0CLJEap,ANO,"Pragmaticky smýšlející člověk, jde dál a myslí dopředu","Fráternické myšlení, zastaralé, jedou ve stejných kolejích, myslí především na sebe",0,0,0,0,0,0,0,0,0,0,0,0,0,0,0,0,0,0,0,0,0,0,0,0,0,0,1,0,0,0,0,0,0,0,0,0,0,0
R_88zKfVqqMLLfy2I,SPD,Super nápad. Super lidi do politiky.,Super politické strany. ,0,0,0,0,0,0,0,0,0,0,0,0,0,0,0,0,0,0,0,0,0,0,0,0,0,0,0,0,0,0,0,0,0,0,0,0,0,0
R_8KuU78dD6iAwHYF,,"Otevření, milý, vnímavý a neodsuzuji","Rasistické, odsuzuji hned od pohledu, nedokáží ustoupit či diskutovat",0,0,0,0,0,0,0,0,0,0,0,0,0,0,0,0,0,0,0,0,0,0,0,0,0,0,0,0,0,0,0,0,0,0,0,1,0,0
R_8PTVXIWVooFFBOm,,Nasraný člověk na celou vladu,Jsou spokojeni s těma kokotama ve vládě a vyhovuje jim ten bordel co je v naší republice,0,0,0,0,0,0,0,0,0,0,0,0,0,0,0,0,0,0,0,0,0,0,0,0,0,0,0,0,0,0,0,0,0,0,0,0,0,0
R_2gLgQ51eQIiJqVz,STAN,Většinou inteligentní lidí dobre zaopatření ,"Jednodušeji smýšlející lidí, většinou s dluhami ",0,0,0,0,0,0,0,0,0,0,0,0,0,0,0,0,0,0,0,0,0,0,0,0,0,0,0,0,0,0,0,0,0,0,0,0,0,0
R_25L0Rv2M3e9iSeF,KSCM,Dokáží přemýšlet nad politickými věcmi a nenechají se nachytat a nalákat lžím které říkají v televizí nebo politické strany ,"Zbohatlíci, kteří neví co to je pracovat za normální peníze ",0,0,0,0,0,0,0,0,0,0,0,0,0,0,0,0,0,0,0,0,1,0,1,0,0,0,0,0,0,0,0,0,0,0,0,0,0,0
R_2DAlfKEQCZmgnPr,STAN,"Vzdělaní, méně dětí, ekonomicky zdatní ","Každý může mít jiný pohled na vládu a její problémy. Kdo ale volí komunisty, je zaostalé stvoření.",0,0,0,0,0,0,0,0,0,0,0,0,0,0,0,0,0,0,0,0,0,0,0,0,0,0,0,0,0,0,0,0,0,0,0,0,0,0
R_8J5aY1dY2HpQeqY,,"nezajímám se o politiku, ","nezajímám se o politiku, je to tabu v tématech ",0,0,0,0,0,0,0,0,0,0,0,0,0,0,0,0,0,0,0,0,0,0,0,0,0,0,0,0,0,0,0,0,0,0,0,0,0,0
R_2MaSEBf4omOTScF,ANO,"Především starší lidé, kteří předrevoluční dobu zažili na vlastní kůži a ví o ní své. Neovlivnění tendenčními názory jedinců, kteří stále mluví o prohřešcích 50. let, tehdejší nesvobodě, plotech na hranicích /mimochodem nyní se staví znovu a v daleko vyšší míře/, zlatém kapitalizmu atd.","Lidé pravicových postojů, z vyšších vrstev nebo mladšího věku, ovlivnění stávajícím postojem a informacemi medií, disidenti, kterým bylo tehdá možná neprávem ublíženo. ",0,0,0,0,0,0,0,0,0,0,0,0,0,0,0,0,0,0,0,0,0,0,0,0,0,0,0,0,0,0,0,0,0,0,0,0,0,0
R_8iaPKv5Jd13bnQi,,"Absolutně je nezajímá, kteří idioti nám budou vládnout","Chtějí něco změnit, ale stejně jim to nepomůže",0,0,0,0,0,0,0,0,0,0,0,0,0,0,0,0,0,0,0,0,0,0,0,0,0,0,0,0,0,0,0,0,0,0,0,0,0,0
R_2jjDyVXi4P1JZkv,KSCM,"Solidární, nezkorumpovaní, znalí, agilní, vstřícní, ochotni diskutovat, pravdivě argumentovat.","nekompetentnost, lobismus, korupce, trafiky",0,0,0,0,0,0,0,0,0,0,0,0,0,0,0,0,0,0,0,0,0,0,0,0,0,0,0,0,0,0,0,0,0,0,0,0,0,0
R_2q9CR4OSzdjwmsm,ANO,maji radi svuj život a politiku,je to jejich nazor na problematiku,0,0,0,0,0,0,0,0,0,0,0,0,0,0,0,0,0,0,0,0,0,0,0,0,0,0,0,0,0,0,0,0,0,0,0,0,0,0
R_2htfVVpcpnchIWZ,ODS,vzdělaní a znalí lídé. mmmm,nevzdělaní lídé. neznalí,0,0,0,0,0,0,0,0,0,0,0,0,0,0,0,0,0,0,0,0,0,0,0,0,0,0,0,1,0,0,0,0,0,0,0,0,0,0
R_2rN7zO8vTM2DQix,Other,normálně uvažující jedinci které nelze opít předvolebními sliby,"snílkové, pohadkáři , lidé mimo realitu",0,0,0,0,0,0,0,0,0,0,0,0,0,0,0,0,0,0,0,0,0,0,0,0,0,0,0,0,0,0,0,0,0,0,0,0,0,0
R_2YfWfZk0Bd9r3K9,,"Zlatý střed, který smýšlí jako střední třída a která chce normální život.","Totální fanatici, kteří neumí myslet realisticky",1,0,0,1,0,0,0,0,0,0,0,0,0,0,0,0,0,0,0,0,0,0,0,0,0,0,0,0,0,0,0,0,0,0,0,0,0,0
R_2w5C1bvTBvFn7HT,ANO,"Z politických stran si není možné vybrat, hlásají, co chtějí lidé slyšet, ale jakmile jsou zvoleni, na vše zapomenou a jdou cestu k získání prospěchu pro sebe. Volím cestu, menšího zla a volila bych ANO.",Každý má právo na svůj názor a nijak jim v tom nebráním. Bohužel se vždy snaží mě přesvědčit o své pravdě a proto s nimi o politice odmítám komunikovat. Minimalizuji konfliktní situaci. ,0,0,0,0,0,0,0,0,0,0,0,0,0,0,1,0,0,0,0,0,0,0,0,0,0,0,0,0,0,0,0,0,0,0,0,0,0,0
R_2an5nE2u8Yb3Whu,Pirati,"Podobne vnimani situace, podobna minulost, zajimave, narodnodst",Osoby s jinou minulosti ,0,0,0,0,0,0,0,0,0,0,0,0,0,0,0,0,0,0,0,0,0,0,0,0,0,0,0,0,0,0,0,0,0,0,0,0,0,0
R_8KHGkeiagtSwLyx,ANO,Lidé ze stejné sociální bubliny...,Každý člověk má právo volit a rozhodovat se jak chce...,0,0,0,0,0,0,0,0,0,0,0,0,0,0,0,0,0,0,0,0,0,0,0,0,0,0,0,0,0,0,0,0,0,0,0,0,0,0
R_2M3DkQlFBIMk157,ANO,"Důchodci ,lidé,kteří pracují a mají podprůměrný plat",Jsou finančně za vodou a pak mlàdež,0,0,0,0,0,0,0,0,0,0,0,0,0,0,0,0,0,0,0,0,0,0,0,0,0,0,0,0,0,0,0,0,0,0,0,0,0,0
R_2laDfqg5xhiUcbw,KSCM,"levicově zaměření, mají sociální cítění.","pravicově zaměření, často napojeni na zločinecké skupiny, hledí jen na svůj prospěch, rozdělují společnost.
",0,0,0,0,0,0,0,0,0,0,0,0,0,0,0,0,0,0,0,0,0,0,0,0,0,0,1,0,0,0,0,0,0,0,0,0,0,0
R_2Dx6DtrSpiBfsks,,"nevím 
myslí si, že piluticibjsou jedna verbež","voliči Babiše, co věří pohádkám ",0,0,0,0,0,0,0,0,0,0,0,0,0,0,0,0,0,1,0,0,0,0,0,0,0,0,0,0,0,0,0,0,0,1,0,0,0,0
R_2c1nesm9DdNyfo3,KSCM,stejná krevní skupina se stejnými názory,takoví lidé nestojí za nějaké popiování,0,0,0,0,0,0,0,1,0,0,0,0,0,0,0,0,0,0,0,0,0,0,0,0,0,0,0,0,0,0,0,0,0,0,0,0,0,0
R_2eOFYw1KIENbQdX,ANO,"Pozitivně myslící lidé,kteří jdou za za svými myšlenky a činy. Stojí si pevně za svými představami a řídí se jimi. ","Bohužel těmto lidem nevěřím. Jsou to lidé, kteří předem myslí jen na sebe a svoje blaho. Bohužel se Fialová vláda je tím příkladem. ",0,0,0,0,0,0,0,0,0,0,0,0,0,0,0,0,0,0,0,0,0,0,0,0,0,0,0,0,0,0,0,0,0,0,0,1,0,0
R_2pWTIE8GUBsVEUe,,"Neutrální, nezajímají se o politiku ani o problémy jiných lidí ","Každý si může vybrat, je na nich koho a co řeší ",0,0,0,0,0,0,0,0,0,0,0,0,0,0,0,0,0,0,0,0,0,0,0,0,0,0,0,0,0,0,0,0,0,0,0,0,0,0
R_2ey47jkuKQnaSdq,,Nevim kdo je nejvice pdodbny ,"Edita Kotlanova,Leona,Frantisek Mikulecky ",0,0,0,0,0,0,0,0,0,0,0,0,0,0,0,0,0,0,0,0,0,0,0,0,0,0,0,0,0,0,0,0,0,0,0,0,0,0
R_2R4D7kIkkAtbGvC,ODS,Je to moje krevní skupina a rozumíme si,Jsou to lidé kteří se obohacují na druhych,0,0,1,0,0,0,0,0,0,0,0,0,0,0,0,0,0,0,0,0,0,0,0,0,0,0,0,0,0,0,0,0,0,0,0,0,0,0
R_2QMBMfawkF14iFF,ODS,"Je to stejné,jako u předchozí otázky,nelze říci na první dobrou ten je takový a ten makový.","Představy se různí od skutečnosti.
Leckdy je to na první pohled sympatický člověk,ale poté otevře ústa a je to snůška fekálií,takže nelze jednoznačně říci,ten je takový a ten makový.",0,0,0,0,0,0,0,0,0,0,0,0,0,0,0,0,0,0,0,0,0,0,0,0,0,0,0,0,0,0,0,0,0,0,0,0,0,0
R_8cIX2RKDa3LKRnb,SPD,S takovimi lidmi si více rozumím ,Já zastávám že každý člověk má mít svůj vlastní názor ,0,0,1,0,0,0,0,0,0,0,0,0,0,0,0,0,0,0,0,0,0,0,0,0,0,0,0,0,0,0,0,0,0,0,0,0,0,0
R_2Cy3wtvQ4lSzqFo,Pirati,Městské vzdělané obyvatelstvo jež se aspoň trochu orientuje v základních politických bodech a otázkách ,"Jedná se o voliče kteří z mého úhlů pohledu jsou obecně méně inteligentní, snadno zmanipulovatelní, program daných stran fakticky neexistuje, nemají jej, jejímu voličům je to jedno šíří nenávistný narativ a toť vše ",0,0,0,0,0,0,0,0,0,0,0,0,0,0,0,0,0,0,0,0,0,0,0,0,0,0,0,0,0,0,0,0,0,0,0,0,0,0
R_8KR2DYFwj01L34R,ANO,Snaží se řešit problémy a vnímají vse co se děje okolo nich ,Mysli jen na sebe a na svůj blahobyt ostatní je nezajima,0,0,0,0,0,0,0,0,0,0,0,0,0,0,0,0,0,0,0,0,0,0,0,0,0,0,0,0,0,0,0,0,0,0,0,0,0,0
R_2NrZHrhePyCgbCk,ANO,Nevim  sto lidí sto nazoru,Každý má právo vyjádřit svůj názor ,0,0,0,0,0,0,0,0,0,0,0,0,0,0,0,0,0,0,0,0,0,0,0,0,0,0,0,0,0,0,0,0,0,0,0,0,0,0
R_2ek5ukI05VHXuXX,ANO,Sympatický lidi mají rádi kdys jse snimy rovná na rovinu a nemají rádi jenom sliby,Nemají rádi rovnost je jim vse jedno jak jse co a jak stane,0,0,0,0,0,0,0,0,0,0,0,0,0,0,0,0,0,0,0,0,0,0,0,0,0,0,0,0,0,0,0,0,0,0,0,1,0,0
R_2rxjTaRvzgkifGG,ANO,"Jsou to lidé kteří se živí poctivou prací, nemají lehký život ","Jsou to lidé kteří v životě nepoznali nedostatek financí, lidé na dobře placených místech.",0,0,0,0,0,0,0,0,0,0,0,0,0,0,0,0,0,0,0,0,0,0,0,0,0,0,0,0,0,0,0,0,0,0,0,0,0,0
R_8daUe8fSF7HTBzH,ANO,"Neřeším ostatní lidi,ale jsem ráda,že mají stejný názor ","Každý má mít svůj názor,neřeším to",0,0,0,0,0,0,0,1,0,0,0,0,0,0,0,0,0,0,0,0,0,0,0,0,0,0,0,0,0,0,0,0,0,0,0,0,0,0
R_21ZaPt4iF0u5mMe,ANO,"Lidé,co věří,že bude líp a že se na to najdou peníze.Lidé co věří,že začnou vládnout odborníci.","Někteří lidé mají někoho v rodině a slepě věří tomu,co jim řeknou,nedělají si vlastní názor.Nechají si namluvit,že existuje hodný komunista,co bude hezky vypadat na známkách.Tito lidé asi nemusí počítat každou korunu.",0,0,0,0,0,0,0,0,0,0,0,0,0,0,0,0,0,0,0,0,0,0,0,1,0,0,0,0,0,0,1,0,0,0,0,0,0,0
R_2e1VMuEMzdPr83n,KSCM,"asi neexistuje jedna šablona stanovující ""tyto lidi""","pravicově smýšlející, neempatičtí, jdoucí si tvrdě za svým, nebo ""neinformovaní"" co volí spíše ze zvyku než z rozmyslu. Stalo se mi také i v rodině, že ani neznali cíle své strany a ani jejich představitele. ",0,0,0,0,0,0,0,0,0,0,0,0,0,0,0,0,1,0,0,0,0,0,0,1,0,0,0,0,0,0,0,0,0,0,0,0,0,0
R_2oSZvoxvV3ICCC8,KSCM,nevim nemuzu posoudit kazdy je jiiny,nevim nemuzu posoudit,0,0,0,0,0,0,0,0,0,0,0,0,0,0,0,0,0,0,0,0,0,0,0,0,0,0,0,0,0,0,0,0,0,0,0,0,0,0
R_8m4AjuIDB5Gv3sM,ANO,Neni jim jedno co se deje s nasi spolecnosti nejsou mi jedno duchodci a to jak je ted ozebracuji po tom vsem co pro nas vsechny delaly a udelaly,Jednaji jen ve svuj vlastni prospech je jim jedno jak ziji ostatni,0,0,0,0,0,0,0,0,0,0,0,0,0,0,0,0,0,0,0,0,0,0,0,0,0,0,0,0,0,0,0,0,0,0,0,0,0,0
R_8i5AFSQwXWR6yPf,SPD,"Vlastenci,lidé kteří nechtějí zaprodat svou zem a být ve vlastní zemi otroky.","Lezprdelkové EU,zaprodanci české republiky,kteří chtějí českou zemi zničit.",0,0,0,0,0,0,0,0,0,0,0,0,0,0,0,0,0,0,0,0,0,0,0,0,0,0,0,0,0,0,0,0,0,0,0,0,0,0
R_8m2XjG677lls80N,ANO,lidoví vše pro naše normální občany,zarytí konzervativci,0,0,0,1,0,0,0,0,0,0,0,0,0,0,0,0,0,0,0,0,0,0,0,0,0,0,0,0,0,0,0,0,0,0,0,0,0,0
R_2B9ehd3ZDhU5AOk,ANO,"To jsou lidé, kteří chtějí spravedlivé zacházení ve všech oblastech.",Pak jsou to prospěcháři,0,0,0,0,0,0,0,0,0,0,0,0,0,0,0,0,0,0,0,0,0,0,0,0,0,0,0,0,0,0,0,0,0,0,0,0,0,0
R_8EPPMjVbb2uKiIN,ANO,"Lidé střední třídy,kteří se bojí budoucnosti","netolerantní,kteří uznávají jen to svoje",1,0,0,0,0,0,0,0,0,0,0,0,0,0,0,0,0,0,0,0,0,0,0,0,0,0,0,0,0,0,0,0,0,0,0,0,0,0
R_8Iauzai3bJ6DpEG,,Dnešní politika je úplně mimo nezáleží ji na nás a hrabou jen pro sebe a řeší Ukrajinu ,Nevím jak bych je popdala,0,0,0,0,0,0,0,0,0,0,0,0,0,0,0,0,0,0,0,0,0,0,0,0,0,0,0,0,0,0,0,0,0,0,0,0,1,0
R_8Q5zFD19R5gUPkQ,SPD,Umí rozlišovat mezi dobrými úvahy a skutky a negativními.,Jsou ovlivněni jedním názorem.,0,0,0,0,0,0,0,0,0,0,0,0,0,0,0,0,0,0,0,0,0,0,0,0,0,0,0,0,0,0,0,0,0,0,0,0,0,0
R_2hHbo073qhWc4RW,,"Jsou to lidé, kteří mají reálnou představu o životě.","Jsou to lidé, kteří mají právo na svůj názor.",0,0,0,0,0,0,0,0,0,0,0,0,0,0,0,0,0,0,0,0,0,0,0,0,0,0,0,0,0,0,0,0,0,0,0,0,0,0
R_2YyrgPResxwY9y1,KSCM,lide kteri vnimaji politickou situaci stejne jako ja jsou lide kteri jsou mi sice blize nez opacna strana lidi ale ani druhou stranu neberu kriticky kazdy ma pravo na svuj nazor,podle me kazdy ma pravo na svuj nazor a na sve politicke nazory ale nemam rada lidi kteri se vehementne snazi nekoho presvedcit ze prave jejich strana je ta nejlepsi.,0,0,0,0,0,0,0,0,0,0,0,0,0,0,0,0,0,0,0,0,0,0,0,0,0,0,0,0,0,0,0,0,0,0,0,0,0,0
R_2fPK6RzOs55ZZvH,KSCM,pracuji pro lidi a stat!!!!!!!!!!!!!!!!!!!!!!,jsou to podrazaci a zlodeji!!!!!!!!!!!!!!!!!!!!!,0,0,0,0,0,0,0,0,0,0,0,0,0,0,0,0,0,0,0,0,0,0,0,0,0,0,0,0,0,0,0,0,0,0,0,0,0,0
R_8FxkVOcjMjCq3cE,KSCM,"Ti lidé, kteří umí vyslechnout názor voličů jiné politické strany. Kteří umí opačný názor vysvětlit, proč je důležitá změna a z jakého důvodu, ","Záleží na komunikaci a hlavně na tom uznat, že opačný názor není vždy špatný. Když voliči jiné politické strany dokáží uznat, že po volbách jejich strana nesplnila to. co před volbami slibovala. S těmito lidmi dokážu dobře vycházet, protože i já umím uznat, že jsem se v některých názorech spletla. ",0,0,0,0,0,0,0,0,0,0,0,0,0,0,0,0,0,0,0,0,0,0,0,0,0,0,0,0,0,0,0,0,0,0,0,0,0,0
R_8h9JLgqM7jgUfcN,SPD,"hodně pamatují, prožily zlé i dobré","vědí málo o životě, jsou věrni každému režimu",0,0,0,0,0,0,0,0,0,0,0,0,0,0,0,0,0,0,0,0,0,0,0,0,0,0,0,0,0,0,0,0,0,0,0,0,0,0
R_2xPuuupskZdCQjD,STAN,"Nevím, o politiku se moc nezajímají, ale ví, že vláda komunistů bylo to nejhorší, co nás potkalo.",Takoví lidé mě neskutečně vytáčí. Nedokážu absolutně pochopit jak může v dnešní době někdo volit komunisty nebo SPD,0,0,0,0,0,0,0,0,0,0,0,0,0,0,0,0,1,1,0,0,0,0,0,0,0,0,0,0,0,0,0,0,0,0,1,0,0,0
R_2jKf5RV3sZQ8dz3,ANO,"jsou starší něco zažili narodii se o něco dříve než 1989 a pamatují si že v ČR bylo zdravotnictví,léky, školy zdarma, stát pomáhal a staral se o vše - chudým,nemocným,starým,invalidním, všichni museli pracovat jinak šli do basy, dáky se nerozdávali jako dnes , uprchlíci tu nebyli,nebylo tolik kriminality, lidi více tahli k sobě ,byli vstřícní,ohleduplní,laskavý,milý,ochotný,pomáhali nezištně- dnes je vše pravý opak ","narodili se nedávno , vidí věci a minulost jiného režimu jinak, vydělavají si dost peněz ,mohou cestovat, mají i na základní potřeby pro život - jídlo,léky atd..., nejvíce křičí že důchodci berou dost peněz, dala bych jim všem základ co mám třeba já i politikům prostě všem, bydli sám,měj jen invalidní důchod 14000 a ukaž mi jak to zvládnete",0,1,0,0,0,0,0,0,0,0,0,0,0,0,0,0,0,0,0,0,0,0,0,0,0,0,0,0,0,0,0,0,0,0,0,0,0,0
R_2WFcyyRjEIgoQHn,ANO,Lidé s vysokým morálním kreditem.,"Vnímat jinak politiku(a) není problém. Tolerovat trestné činy, lhaní a tunelování je už problém zásadní.",0,0,0,0,0,0,0,0,0,0,0,0,0,0,0,0,0,0,0,0,0,0,0,0,0,0,0,0,0,0,0,0,0,0,0,0,0,0
R_2DxcmNhy6zRwqfn,ANO,To jsou normální lidi. nejsou to kariéristé a mají sociální cítění,"kariéristé, kterým jde v politice se uplatnit především pro svůj vlastní prospěch.",0,0,0,1,0,0,0,0,0,0,0,0,0,0,0,0,0,0,0,0,0,0,0,0,0,0,0,0,0,0,0,0,0,0,0,0,0,0
R_2ocqgrW4bDFcNf4,,Politika je svinstvo a nikdo nic nezmění ,Nehodnotim lidi podle toho koho volí ,0,0,0,0,0,0,0,0,0,0,0,0,0,0,0,0,0,0,0,0,0,0,0,0,0,0,0,0,0,0,0,0,0,0,0,0,0,0
R_8mDAI4im8UdDeIp,ANO,Takoví lidé by měli pochopit život jak je v dnešní době pro všechny těžký a měli by zvýší důchody minimálně na 500 korun a nedávat to na 360 nebo 320 jen zvýšení. Pro všechny je to tak málo že to v dnešní běžné době nevystaci ano na jídlo než tak na běžné životní potřeby běžného člověka a ti co jdou ve vládě tak by se měli nad sebou zamyslet že zvýšení platu není tak akutně velké ze to nemusí ani byt,Že by tito lidé měli tyto problémy řešit úplně jinak na lepší úrovni než to dělat opačným směrem ,0,0,0,0,0,0,0,0,0,0,0,0,0,0,1,0,0,0,0,0,0,0,0,0,0,0,0,0,0,0,0,0,0,0,0,0,0,0
R_83Vwy4oeM60P8Kq,ANO,jsou zodpovední ke svemu statu i životu,každý má právo mit vlastní nazor,0,0,0,0,0,0,0,0,0,0,0,0,0,0,0,0,0,0,0,0,0,0,0,0,0,0,0,0,0,0,0,0,0,0,0,0,0,0
R_84b1zSPoHGDJEXv,SPD,Normální lidi co mají mozek ,Pitomci ovlivnění vládní propagandou,0,0,0,1,0,0,0,0,0,0,0,0,0,0,0,0,0,0,0,0,0,0,0,0,0,0,0,1,0,0,0,0,0,0,0,0,0,0
R_2AX47tvq41G3lbZ,ANO,mají o dění přehled a nevnucují tlekem své názory jiným,má jiné názory a přesvědčení nemohu mu vnucovat mé přesvědčení musí na to přijít sám co je dobro a co zlo,0,0,0,0,0,0,0,0,0,0,0,0,0,0,0,0,0,0,0,0,0,0,0,0,0,0,0,0,0,0,0,0,0,0,0,0,0,0
R_8e99WnMcfAXoild,ANO,Vnímají názory stejně jako ja,"Jsou podráždění,neústupní ve svých nazorech",0,0,0,0,0,0,0,0,0,0,0,0,0,0,0,0,0,0,0,0,0,0,0,0,0,0,0,0,0,0,0,0,0,0,0,0,0,0
R_2NwAXG7L7RBJSdJ,ANO,Kgkovbkkffjljz7ikf6pkhiljzolofmm,Lgkmclhf jlvulnfjljjvvjlbcmncgknchmm,0,0,0,0,0,0,0,0,0,0,0,0,0,0,0,0,0,0,0,0,0,0,0,0,0,0,0,0,0,0,0,0,0,0,0,0,0,0
R_2itgcLMrnpzC4iU,,Každý volí dle svého uvážení ,Každý volí dle svého uvážení ,0,0,0,0,0,0,0,0,0,0,0,0,0,0,0,0,0,0,0,0,0,0,0,0,0,0,0,0,0,0,0,0,0,0,0,0,0,0
R_2i2FgBHRoiiOu5j,SPD,"Vlastenco, ČR mají na první místě. Chtějí referendum o vystoupení z NATO a EU, protože ten projekt nás jen ničí. Diplomacii uznávají celosvětovou, nikoliv jen prozápadní. Vidí očima spravedlivého sociálního smíru, tak aby se všem dařilo dobře a nikdo nestrádal.","Zřejmě to bude člověk, kterej věří jen prozápadnímu směřování a východ je pro něj tabu, ba naopak hrozba. Je to člověk, kterej není vlastenec, protože vlastenec by nevolil stranu, která se stará o jiné země a EU víc než o tu vlastní. Je to člověk kterej vůbec neví co prožívají obyčejní lidé, kteří to takzvaně tahají od výplaty k výplatě.",0,0,0,0,0,0,0,0,0,0,0,0,0,0,0,0,0,0,0,0,0,0,0,0,0,0,0,0,0,0,0,0,0,0,0,0,0,0
R_8QuUx22DN3ojm9D,,"Nejsou konfliktní, dokáží problém vyřešit a jsou ústupní","Jsou to lidi kteří mají převážně jen svou pravdu, nevybočují ze svých názorů a dokáží se pohádat pokud není zrovna po jejich.",0,0,0,0,0,0,0,0,0,0,0,0,0,0,0,0,0,0,0,0,0,0,0,0,0,0,0,0,0,0,0,0,0,0,0,0,0,0
R_84r90CVGRmwLRPq,ANO,Takový lidé jsou mi velice sympatičtí.,"Takový lidé mi vůbec nevadí. Každý má jiný pohled na svět, styl života a jiné hodnoty. Každý člověk má právo mít svůj názor.",0,0,0,0,0,0,0,0,0,0,0,0,0,0,0,0,0,0,0,0,0,0,0,0,0,0,0,0,0,0,0,0,0,0,0,0,0,0
R_8D0CMUUaznSVbYc,ANO,Nevím  o politiku se nezajímám ,Nevím  o politiku se nezajímám,0,0,0,0,0,0,0,0,0,0,0,0,0,0,0,0,0,1,0,0,0,0,0,0,0,0,0,0,0,0,0,0,0,0,0,0,1,0
R_2FyxTzJT8ojwezV,ANO,mají stejné smýšlení jako já,každý má právo na svůj názor,0,0,0,0,0,0,0,0,0,0,0,0,0,0,0,0,0,0,0,0,0,0,0,0,0,0,0,0,0,0,0,0,0,0,0,0,0,0
R_2dsgwVV37wVhXPt,Other,obyčejní lidé jsou mezi nimi špatní i dobří,je to každého věc charakter člověka to nemění,0,0,0,0,0,0,0,0,0,0,0,0,0,0,0,0,0,0,0,0,0,0,0,0,0,0,0,0,0,0,0,0,0,0,0,0,0,0
R_2WSctKvSSAfEjjK,Other,"všechno  co  se  zdraží pro lidi,  ať už  služby,  potraviny, daně  bez protestů musím  platit ať se mi líbí  či nelíbí  tento  špatně zavedený systém","jako  sobce, kteří myslí  jen  na sebe  svoje zájmy ....nemyslím jsi,  že  by politiky  zajimaly  obyčejní lidé a jejich problémy  (((",0,0,0,0,0,0,0,0,0,0,0,0,0,0,0,0,0,0,0,0,0,0,0,0,0,0,0,0,0,0,0,0,0,0,0,0,0,0
R_8NbK5vE8oMthgRP,,"Jsou to lidé, kteří jsou podobného ražení jako já",Vůbec nic mě nenapadá,0,0,0,0,0,0,0,0,0,0,0,0,0,0,0,0,0,0,0,0,0,0,0,0,0,0,0,0,0,0,0,0,0,0,0,0,0,0
R_2E9WLy5VFuxo8mW,KSCM,"LIDÉ MÉHO RAŽENÍ JSOU VLASTENCI,LIDÉ SE ZKUŠENOSTMI.MY NECHCEME UBLIŽOVAT JINÝM POKUD NEUBLIŽUJÍ NÁM.MÁME SMYSL PRO RODINU A PROTO MÁME RÁDI SVÉ DĚTI A ABY MOHLI ŽÍT PŘEJEME SI MÍR. MÁME RÁDI TUTO PLANETU!","LIDÉ OPAČNÉHO SMÝŠLENÍ NAPŘ.LGBT+,LIDÉ KTEŘÍ NEJSOU OCHOTNI KE KOMPROMISŮM,LIDÉ SOBEČTÍ,NENÁVISTNÍ.PROSPĚCHÁŘI.TAKOVÍ KTEŘÍ VYZNÁVAJÍ POZICI/KAM VÍTR TAM PLÁŠť./NEMÁM RÁD TAKOVÉ KTEŘÍ BY OBĚTOVALI ŽIVOT NA TÉTO PLANETĚ PRO OKAMŽITÝ PROSPĚCH!",0,0,0,0,1,0,0,0,0,0,0,0,0,0,0,0,0,0,0,0,0,0,0,0,0,0,0,0,0,0,0,0,0,0,0,0,0,0
R_8uCFkGHpui05oe5,ANO,nevím nerozumím tomu a nechci odpovídat,nevím a nerozumím tomu,0,0,0,0,0,0,0,0,0,0,0,0,0,0,0,0,0,1,0,0,0,0,0,0,0,0,0,0,0,0,0,0,0,0,0,0,1,0
R_83UiZtFRIa7VzZm,ANO,"Lidé, které politika moc nezajímá a moc jí nezajímá.","Vůbec nevím, protože politice nerozumím.",0,0,0,0,0,0,0,0,0,0,0,0,0,0,0,0,0,0,0,0,0,0,0,0,0,0,0,0,0,0,0,0,0,0,0,0,1,0
R_8fk7P81LWX26cXK,,Normální český lidé kteří žijí normální život.,Každý má názor tak je to jejích věc.,0,0,0,1,0,0,0,0,0,0,0,0,0,0,0,0,0,0,0,0,0,0,0,0,0,0,0,0,0,0,0,0,0,0,0,0,0,0
R_2UbzN00L8taSah9,ANO,"Lidé s nízkými příjmy , prodavačky , důchodci , invalidní důchodci.","Feťáci , podporující prodej kratomu a jiných látek . Bohatí . Rozmazleni studenti bohatých rodičů . Mladí a neklidní. ",0,0,0,0,0,0,0,0,0,0,0,0,0,0,0,0,0,0,0,0,0,0,0,0,0,0,0,0,0,0,0,1,0,0,0,0,0,0
R_2l0jSgGUuIlhHlW,ANO,"Normální, obyčejní a čestní lidé.","Mohou být stejně obyčejní, jen mají jiný názor.",0,0,0,1,0,0,0,0,0,0,0,0,0,0,0,0,0,0,0,0,0,0,0,0,0,0,0,0,0,0,0,0,0,0,0,0,0,0
R_8ISIH1FKgC5sfuo,ODS,Jsou na tom finančně velmi špatně. vládá nepomáhá,Nemájí v ničem žádné problémy.,0,0,0,0,0,0,0,0,0,0,0,0,0,0,0,0,0,0,0,0,0,0,0,0,0,0,0,0,0,0,0,0,0,0,0,0,0,0
R_8LfLV3juSG5X5rX,Other,Mají přehled a nedají se oblbnout. Mají svůj vlastní rozum a přehled....,"Nemají to v hlavě vpořádku, nechají se oblbnout....",0,0,1,0,0,0,0,0,0,0,0,0,0,0,0,0,0,0,0,0,0,0,0,0,0,0,0,0,0,0,1,0,0,0,0,0,0,0
R_2YKxMXJ77G6Y2TA,ANO,"Voliči kteří něco v životě dokázali a nepotřebují rady,, politiků "" kteří jsou ještě horší nežli oni. ",Nezkušení a nemají přehled o tom co se děje v republice.,0,0,0,0,0,0,0,0,0,0,0,0,0,0,0,0,0,0,0,0,0,0,0,0,0,0,0,0,0,0,0,0,0,0,0,0,0,0
R_8GQU8oDN7mT2EgN,SPD,"Jsou mi sympatičtí, rozumíme si.","každý člověk má svůj názor a je to jen a jen jeho volba. Nevadí mi to, každý má mýt svůj názor a to na cokoliv.",0,0,1,0,0,0,0,0,0,0,0,0,0,0,0,0,0,0,0,0,0,0,0,0,0,0,0,0,0,0,0,0,0,0,0,0,0,0
R_8ZZXO2ZlIfLpWKh,SPD,Rozumné lidi kteří nemyslí jenom na sebe jako Fiala a jeho banda v politice,Nemají snahu se pokusit o to aby v této republice bylo dobře a myslí jen na sebe co z toho vytřískají ,0,0,1,0,0,0,0,0,0,0,0,0,0,0,0,0,0,0,0,0,0,0,0,0,0,0,0,0,0,0,0,0,0,0,0,0,0,0
R_263dVwI55win2ym,KSCM,"Myslíme na téměř všechny lidi aby se měli dobře.Je zbytečné,aby měl někdo zbytečně hodně,když ani neví kolik toho má na úkor pracujících.",Nechápu je.Není s nimi možný dialog.,0,1,0,0,0,0,0,0,0,0,0,0,0,0,0,0,0,0,0,0,0,0,0,0,0,0,0,0,0,0,0,0,0,0,0,0,0,0
R_87pcy6xI6HqCqLT,,zrovna mě žádná slova nenapadají,nenapadají mě vhodná slova .či vyrazi,0,0,0,0,0,0,0,0,0,0,0,0,0,0,0,0,0,0,0,0,0,0,0,0,0,0,0,0,0,0,0,0,0,0,0,0,0,0
R_2ZVQKBUrrarpcGc,ANO,na společné vlně porozumění,jsou to lidé bez větších znalostí politiky,0,0,0,0,0,0,0,1,0,0,0,0,0,0,0,0,0,0,0,0,0,0,0,0,0,0,0,0,0,0,0,0,0,0,0,0,0,0
R_8hF7agyxdnVvI5b,SPD,no kdyz maji stejny nazor tak si pokecame bez dohadu,nevadi mi kazdy ma svuj nazor tak toma byt,0,0,0,0,0,0,0,0,0,0,0,0,0,0,0,0,0,0,0,0,0,0,0,0,0,0,0,0,0,0,0,0,0,0,0,0,0,0
R_22hBT72jeaLDkxD,ANO,"Pokud když budou u moc mi bude stačit,že splní to co slibovali.","Můžou se v názorech lišit,na to má každý právo.Ale nesmí tento názor měnit ,až když je u moci.Hodně mě vadí,že před volbama měli jiné názor a falešné sliby,které po volbách nedodrželi.",0,0,0,0,0,0,0,0,0,0,0,0,0,0,0,0,0,0,0,0,0,0,0,0,0,0,0,0,0,0,0,0,0,0,0,0,0,0
R_2OSCCRuh0DwddSh,ANO,"Jako lidé, kteří jsou starší, něco už zažili, prožili éru komunismu, kde byl život klidný, nebylo
tolik feťáků, bezdomovců a kdo pracoval, měl dá se říci vše potřebné pro spokojený život až do důchodu. A nyní je vše úplně obrácený život než tehdy...","Jsou to většinou lidé prospěcháři kteří za komunizmu dostali možnost získat vzdělání a po změně v roce 1989
se přidali na stranu těch co se dostali na vysoké vládní místa a pak vlastně měli cestu k drancování zcela otevřenou.
A celkem rychle se jim dařilo naše soběstačné hospodářství které nám zanechali komunisti vytunelovat až do nynější podoby.",0,0,0,0,0,0,0,0,0,0,0,0,0,0,0,0,0,0,0,0,0,0,0,0,0,0,0,0,0,0,0,0,0,0,0,0,0,0
R_8lrtBOljZeWqMvd,KDU-CSL,"Lidi, kteri neslysi na populisticke reci. Veri, ze budoucnost se nevyresi sama, musime se starat uz ted, kam sd budeme vyvijet. Vztahy s komunistickymi a autoritativnimi staty jako je cina a rusko nejsou mozne ",Opak odpovedi predesle,0,0,0,0,0,0,0,0,0,0,0,0,0,1,0,0,0,0,0,0,0,0,0,0,0,0,0,0,0,0,0,0,0,0,0,0,0,0
R_2noahcEvJygYA1Z,KSCM,"Záleží jim na spokojenosti většiny občanů. Jde jim o světový mír, spravedlnost a rovnoprávnost.","Podporují rozbroje mezi lidmi a národy, aby na tom vydělali. Neštítí se žádného podrazu, lhaní a vraždění.",0,0,0,0,0,0,0,0,0,0,0,0,0,0,0,0,0,0,0,0,0,0,0,0,0,0,0,0,0,0,0,0,0,0,0,0,0,0
R_276WRpt2Nd5aLc4,,Asi se taky moc o politiku nezajímají ,Jsou asi movitější a na jiný životní úrovni ,0,0,0,0,0,0,0,0,0,0,0,0,0,0,0,0,0,0,0,0,0,0,0,0,0,0,0,0,0,0,0,0,0,0,0,0,0,0
R_2ZQAvo0U8xVY1MJ,,Jsou neutrální mají svůj názor za kterým si stojí,Že je politika zajímá ,0,0,0,0,0,0,0,0,0,0,0,0,0,0,0,0,0,0,0,0,0,0,0,0,0,0,0,0,0,0,0,0,0,0,0,0,0,0
R_2D2iNkjBATw0Ppo,STAN,"Takoví lidé se chtějí mít dobře, ale politiku moc neřeší, protože jí vlastně moc nerozumí. ",Rádi se baví o politice a na vše ohledně politiky mají jasný názor. ,0,0,0,0,0,0,0,0,0,0,0,0,0,0,0,0,0,0,0,0,0,0,0,0,0,0,0,0,0,0,0,0,0,0,0,0,0,0
R_24O8uRUQbvobXpS,ANO,Nevím Nevím Nevím Nevím!!!!,Nevím je to jedno !!!!!!!!,0,0,0,0,0,0,0,0,0,0,0,0,0,0,0,0,0,1,0,0,0,0,0,0,0,0,0,0,0,0,0,0,0,0,0,0,1,0
R_8z5Evhje0EXzaqa,ANO,Nevim jak bych tyto lidi popsal,Nevim jak bych takového člověka popsala,0,0,0,0,0,0,0,0,0,0,0,0,0,0,0,0,0,0,0,0,0,0,0,0,0,0,0,0,0,0,0,0,0,0,0,0,0,0
R_8oLWKV3OGobibTO,Pirati,"netuším, jak je popsat, protože takoví lidé mě nenapadají","netuším, takhle mě nic nenapadá a nechci tu ani na nikoho házet špínu",0,0,0,0,0,0,0,0,0,0,0,0,0,0,0,0,0,1,0,0,0,0,0,0,0,0,0,0,0,0,0,0,0,0,0,0,1,0
R_8dSddhbwRLhEYWZ,,Neřeším. Každý má svůj názor,Neřeším. Každý má svůj názor,0,0,0,0,0,0,0,0,0,0,0,0,0,0,0,0,0,0,0,0,0,0,0,0,0,0,0,0,0,0,0,0,0,0,0,0,0,0
R_2hLk09sIAJ2GXQN,,"Měli by mít sociální cítění, považovat si svobodu (slova, možnosti se v životě uplatnit, cestovat, vážit si toho, že nejsou perzekuovaní jako před r.89","Někteří lidé vzpomínají na dobu před r.89 a dokáží posoudit jen co co stálo, nař. rohlík apod. Že nemohli do ""kapitalistické ""ciziny nebo byl nedostatek určitého zboží, ať už potravinářského či průmyslového, to si nepřipustí.S některými názory nebo řešeními u různých stran nesouhlasím, rozhodují okolností.",0,0,0,0,0,1,0,0,0,0,0,0,0,0,0,0,0,0,0,0,0,0,0,0,0,0,0,0,0,0,0,0,0,0,0,0,0,0
R_8lQLiDSVwaSCuaZ,ANO,řešení ekonomiky a migrace,zahraniční politika a zelená energie,0,0,0,0,0,0,0,0,0,0,0,0,0,0,0,0,0,0,0,0,0,0,0,0,0,0,0,0,0,0,0,0,0,0,0,0,0,0
R_2ConcV8gMzJ9fd7,SPD,Úplně normálně uvažující lidé,Buď jsou zaslepení nebo očekávají vlastní prospěch bez ohledu na celkovou špatnou situaci ,0,0,0,0,0,0,0,0,0,0,0,0,0,0,0,0,0,0,0,0,0,0,0,0,0,0,0,0,0,0,0,0,0,0,0,0,0,0
R_2FQE6s2wBjDKrPT,ANO,Normální obyčejný člověk s nízkými financemi,"Jsou to úplně stejní lidé, jen s jinými názory, myslím si, že se v ničem neliší",0,0,0,1,0,0,0,0,0,0,0,0,0,0,0,0,0,0,0,0,0,0,0,0,0,0,0,0,0,0,0,0,0,0,0,0,0,0
R_8F3s4nunP2oVzI1,KSCM,Nemám názor jelikož nedělají nic,Nemám názor jelikož nedělají pro ČR nic,0,0,0,0,0,0,0,0,0,0,0,0,0,0,0,0,0,0,0,0,0,0,0,0,0,0,0,0,0,0,0,0,0,0,0,0,0,0
R_8MKhPf2S9pdXhOp,ANO,rozumný a ví co chtějí nechtějí se podrobit západu a hlavně usa a rozhodovat sami o stabilizaci naší republiky bylí jsme špička ve světě a dnes nás spolkly různé korporace a všechny získy těchto firem jdou mimo naší republiku je toHAMBA,mají obdobné názory jako já,0,0,1,0,0,0,0,0,0,0,0,0,0,0,0,0,0,0,0,0,0,0,0,0,0,0,0,0,0,0,0,0,0,0,0,0,0,0
R_2zASbiD3eJjz3pp,,Spokojený radostný lidé Kteří se radují že života,Závistiví plný zloby naštvaný na celý svět,0,0,0,0,0,0,0,0,0,0,0,0,0,0,0,0,0,0,0,0,0,0,0,0,0,0,0,0,0,0,0,0,0,0,0,0,0,0
R_8ea5rOquYMEbm8x,ANO,opatrnějši zdrženlivý pesimistický  nedůvěřivý,arogantní optimističtí svérázní cílevědomí,0,0,0,0,0,0,0,0,0,0,0,0,0,0,0,0,0,0,0,0,0,0,0,0,0,0,0,0,0,0,0,0,0,0,0,0,0,0
R_8AwEYo7aBOzs2Kl,ANO,"Stejné zájmy,poměry, vzdělání pohled na svět ","Jsou z jiné sociální vrstvy.málo vzdělání, nezajímají se o deni",0,0,0,0,0,0,0,0,0,0,0,0,0,0,0,0,0,0,0,0,0,0,0,0,0,0,0,0,0,0,0,0,0,0,0,0,0,0
R_2qghpv1mFI3tVs8,SPD,"Lidé kteří mají stejný názor jako já. Neznamená to, že bych je měla radši.","Jsou to lidé, kteří mají jiní názor než-li já. Ale neznamená to, že bych jimi nějak opovrhovala.",0,0,0,0,0,0,0,1,0,0,0,0,0,0,0,0,0,0,0,0,0,0,0,0,0,0,0,0,0,0,0,0,0,0,0,0,0,0
R_85sXgGi5U4joyys,Other,"naprosto obyčejní lidi, kteří chápají jak je život složitý, že to bez peněz nejde, ale zároveň nejsou peníze všechno. Chtěli bychom mít více volného času na své děti, koníčky, mít možnost jet na dovolenou, vybavit si dům tak jak skutečně potřebujeme, ale bohužel.... Jsou to lidi, kteří nepohrdají ostatními lidmi, tím, když mají lidi více dětí, jezdí ve starších autech, nenosí značkové oblečení. ","Takové lidi mám kolem sebe. Řekla bych, že jste o lidi velmi bohaté, mají se velmi dobře, neřeší reálné problémy existence, hodnota peněz jim nic neříká, jsou penězmi zkažení, bezcharakterní, sobečtí, snobští, na lidi ""chudé"" se koukají zvrchu, pohrdají jimi. ",0,0,0,0,1,0,0,0,0,0,0,0,0,0,0,0,0,0,0,0,0,0,0,0,0,0,0,0,0,0,0,1,0,0,0,0,0,0
R_24Bfi8VkPsEFIfH,SPD,"Když nemusím,tak se o politiku nezajímám,mám svých starostí dost,tak tím pádem mě lidi okolo ni neberou..",Nevím co o nich napsat..,0,0,0,0,0,0,0,0,0,0,0,0,0,0,0,0,0,0,0,0,0,0,0,0,0,0,0,0,0,0,0,0,0,0,0,0,1,0
R_24M17FU63tcY6XL,,kazdy ma svuj nazor jestli pujde volit nebo ne,ze chodi volit a ucasni se voleb,0,0,0,0,0,0,0,0,0,0,0,0,0,0,0,0,0,0,0,0,0,0,0,0,0,0,0,0,0,0,0,0,0,0,0,0,0,0
R_8OGzFc1CF59NOMv,ANO,"Stejné cíle, zájmy, stojí za svým nazirem","Mění názory, nepřijmou jiný názor, napadají, uráží",0,0,0,0,0,0,0,0,0,0,0,0,0,0,0,0,0,0,0,0,0,0,0,0,0,0,0,0,0,0,0,0,0,0,0,0,0,0
R_8CDgE4UPYPuHVwB,Pirati,...........................................,.............................,0,0,0,0,0,0,0,0,0,0,0,0,0,0,0,0,0,0,0,0,0,0,0,0,0,0,0,0,0,0,0,0,0,0,0,0,0,0
R_8Ezswnvampf5fKY,ANO,nevím nemám co popsat o podobnosti,neznám takové lidi tak nemám co popisovat,0,0,0,0,0,0,0,0,0,0,0,0,0,0,0,0,0,1,0,0,0,0,0,0,0,0,0,0,0,0,0,0,0,0,0,0,0,0
R_8t3SsuSebq6Ym8h,ANO,S takovými mohu diskutovat o problematice ,"Každý má právo svobodně se rozhodnout,nikoho nesoudim",0,0,0,0,0,0,0,0,0,0,0,0,0,0,0,0,0,0,0,0,0,0,0,0,1,0,0,0,0,0,0,0,0,0,0,0,0,0
R_2VdWhxzn6PYM626,,"Věkové mladší (18-35), queer, studující, z větších měst, vzdělání nebo studující ","starší, nejspíše nevzdělaní, bez dobře placené práce, ",0,0,0,0,0,0,0,0,0,0,0,0,0,0,0,0,0,0,0,0,1,0,0,0,0,0,0,1,0,0,0,0,0,0,0,0,0,0
R_8RrdFcq6M274n05,Other,"Uspěšní, spokojení, rozumní, ","nespokojení, smutní, jednodušší",0,0,1,0,0,0,0,0,0,0,0,0,0,0,0,0,0,0,0,0,0,0,0,0,0,0,0,0,0,0,0,0,0,0,0,0,0,0
R_8QqX3CvogCLYSCR,,konzervativni narozené na přelomu 1990,žijou v jiném světě...nejsou empatičtí,0,0,0,0,0,0,0,0,0,0,0,0,0,0,0,0,0,0,0,0,0,0,0,0,0,0,0,0,0,0,0,0,0,0,0,0,0,0
R_2KkdymVEljyksEh,,absolutně netuším co napsat,nevím nevím nevím nevím,0,0,0,0,0,0,0,0,0,0,0,0,0,0,0,0,0,1,0,0,0,0,0,0,0,0,0,0,0,0,0,0,0,0,0,0,1,0
R_2FywwtYzHX2jhdj,,Rozum na správném místě  mají otevřené oči ,Jsou stejní jako já ale jsou ovlivněni,0,0,1,0,0,0,0,0,0,0,0,0,0,0,0,0,0,0,0,0,0,0,0,0,0,0,0,0,0,0,0,0,0,0,0,0,0,0
R_2eE7Au1zl5oQu0p,ANO,Nevím neznám nikoho takového ,Nevím někom neznám v mém okolí ,0,0,0,0,0,0,0,0,0,0,0,0,0,0,0,0,0,1,0,0,0,0,0,0,0,0,0,0,0,0,0,0,0,0,0,0,1,0
R_2qEvvMdKhsiDjy8,ODS,Jsou na jedné vlně jako já.Mají stejný nebo podobný názor.,"Každý má volbu svého názoru.Mikomu ji neberu.Nelze někoho přesvědčovat,je to jeho volba,kterou má.",0,0,0,0,0,0,0,1,0,0,0,0,0,0,0,0,0,0,0,0,0,0,0,0,0,0,0,0,0,0,0,0,0,0,0,0,0,0
R_8IRySE683EKVeH8,STAN,"Jsou to lidé, se kterými dokážu mluvit",Každý má právo na svůj názor. Já  ale tyhle lidi nedokážu pochopit.,0,0,0,0,0,0,0,0,0,0,0,0,0,0,0,0,0,0,0,0,0,0,0,0,0,0,0,0,0,0,0,0,0,0,0,0,0,0
R_2815nJgj6UJb30d,SPD,"nevím nedokážu posoudit,celkově .",nevím nedokážu posoudit,0,0,0,0,0,0,0,0,0,0,0,0,0,0,0,0,0,1,0,0,0,0,0,0,0,0,0,0,0,0,0,0,0,0,0,0,1,0
R_2hAeYPTk7jcFVaw,,Lidi bez zájmu o politiku,"Já se o politiku nezajímám , takže odlišká osoba je osoba , se zájmem o politiku.",0,0,0,0,0,0,0,0,0,0,0,0,0,0,0,0,0,0,0,0,0,0,0,0,0,0,0,0,0,0,0,0,0,0,0,0,0,0
R_2C3ExKvEYCzNjK1,,"Nevím mám rád lidi kteří jsou realisti,jsou v pohodě a nad věcí. Politika je jaká je a drtivou většinu toho my stejně nezměníme.",Voliči KSČM a SPD 😁 prostě lidí co myslí poněkud jinak než většina. Ostatně paní Konečná je skvělý zástupce a s ní ještě Pitomio Okamura,0,0,0,0,0,0,0,0,0,0,0,0,0,0,0,0,0,1,0,0,0,0,0,0,0,0,0,1,0,0,0,0,0,0,1,0,0,0
R_2e9YSj0aWgu1IjG,,"o politiku se nijak zvlášť nezajímám, unavuje mě",denně se o politiku zajímají a vše prožívají intenzivně,0,0,0,0,0,0,0,0,0,0,0,0,0,0,0,0,0,0,0,0,0,0,0,0,0,0,0,0,0,0,0,0,0,0,0,0,0,0
R_8l9wzY3VZzgrYWU,STAN,zaměstnanci střední třída,"Podnikatelé,lidé kteří si myslíte pokud vstoupí do politiky tak něco změní",1,0,0,0,0,0,0,0,0,0,0,0,0,0,0,0,0,0,0,0,0,0,0,0,0,0,0,0,0,0,0,0,0,0,0,0,0,0
R_2r7c6DLRxvsMlT6,ANO,není jim lhostejná situace naší země,nelze popsat každý má právo svobodné volby třeba jim tak moc věří,0,0,0,0,0,0,0,0,0,0,0,0,0,0,0,0,0,0,0,0,0,0,0,0,1,0,0,0,0,0,0,0,0,0,0,0,0,0
R_2jE46KjPblb7plp,ANO,"Nebudu je dělit na třídy, ale v širokém spektru oa těch nejchudších i po dost majetné, vládne názor, že současná politika a politici, dostali zemi do vážných ekonomických i bezpečnostních problémů. Veškerá opatření, která příjmají jsou asociální, rozpadá se průmysl, nejen vinou greendealu, ale i nekompetentními rozhodnutími v ekonomické otázce. Papouškování příkazů z Bruselu a USA, příjmání sporných rozhodnutí z Bruselu, která nemají opodstatnění.prostě názor lidí je, že tato vláda vede zemi k bankrotu","Takových lidí znám ve svém okolí velmi málo. Většiná mých známých současný stav nevnímá už jako politiku, ale politikaření, honbou za zisky a osobmími prospěchy, lezení do zadku Bruselu a EU. Současný fanatismus kolem UA, nás vede do bezpečnostního rizika. nejen ozbrojeného konfliktu, ale i UA občanů, kteří se jen neradi přizpůsobují našim podmínkám. nynější politika je antisociální, na kterou doplácejí jen ti méně majetní. Tak konečně vypadala vždy politika ODS, která vždy vládla s heslem ,,Chudým brát a bohatým dávat""",0,0,0,0,0,0,0,0,0,0,0,0,0,0,0,0,1,0,0,0,0,0,0,0,0,0,0,0,0,0,0,1,0,0,0,1,0,0
R_8iWuuMdlEasoHDP,ANO,Jsou to lidé kteří souhlasí s našimi názory.,Politici by se měly starat blaho českých občanů a ne protěžovat ukrajinské rádoby válečné uprchlíky.,0,0,0,0,0,0,0,0,0,0,0,0,0,0,0,0,0,0,0,0,0,0,0,0,0,0,0,0,0,0,0,0,0,0,0,0,0,0
R_2pLFl7LOJiKzhXA,ANO,"Pracující člověk od 18 let, starající se celý život poctivě o svou rodinu. Když bylo potřeba tak pracoval i přesčasy. Nikdy nic neukradl a snažil se žít co nejpoctivěji. A když začal mír problémy se zdravím, tak kdyby neměl známé, jistě by už dnes byl ochrnutý. Tak se k němu chovali doktoři, jak praktičtí tak specialisté.Dnes už tři roky čekám na potvrzení invalidního důchodu č.1 a rok mám již nárok na invalidní důchod č.3.ČSSZ na mě sere, každý měsíc volám na úřad kdy mi konečně pošlou peníze, které mi náleží a nikdo mi nic konkrétního neřekne. Od letošního března pobírám prozatímní důchod 9 700,-Tak myslíte že by se mi toto mohlo stát před rokem 1989?Odpovim Vám sama, nemohlo. Tehdy vláda na svoje lidi nekašlala. Možná kdybych byla Ukrajinka tak by se nás stát o mě postaral lépe. Dnes se tu mají dobře pouze zloději a vláda pana Fialy a nejhoršího prezidenta všech dob Petra Pavla.Uz nevědí, kde by nás okradli.Ale věřím že když vyhraje pan Trump v Americe volby , půjde to i u nás k lepšímu a konečně se u nás udělá pořádek hlavně nahoře.Protože kažé hovno padá dolů.","Každý člověk má právo mít svůj názor a určitě bych i takové lidi vyslechla a přemýšlela o jejich návrzích. Jací jsou nevim, já jsem zřejmě jiná.",0,1,0,0,1,0,0,0,0,0,0,0,0,0,0,0,1,0,0,0,0,0,0,0,0,0,0,0,0,0,0,0,0,0,0,0,0,0
R_2MrIECjhBfnY6NH,ANO,každý svého strůjce štěstí,každý má právo na svůj názor,0,0,0,0,0,0,0,0,0,0,0,0,0,0,0,0,0,0,0,0,0,0,0,0,0,0,0,0,0,0,0,0,0,0,0,0,0,0
R_8maBKzNXZJxgBgb,ANO,"
 stejný level, ochotní komunikace s ostatními","
  každý má právo , jen nesmí ohrozit společnost ",0,0,0,0,0,0,0,1,0,0,0,0,0,0,0,0,0,0,0,0,0,0,0,0,0,0,1,0,0,0,0,0,0,0,0,0,0,0
R_8vcehtIE1cMIC6T,ANO,"Neumím to popsat,protože se o politice nebavím mimo manžela",nevím kdo se nejvíce liší o politice mimo manžela se nebavím,0,0,0,0,0,0,0,0,0,0,0,0,0,0,0,0,0,1,0,0,0,0,0,0,0,0,0,0,0,0,0,0,0,0,0,0,1,0
R_8uD638tE163VLgd,ANO,"To záleží na okolnostech ,jinak neví",Nevím co bych napsal,0,0,0,0,0,0,0,0,0,0,0,0,0,0,0,0,0,0,0,0,0,0,0,0,0,0,0,0,0,0,0,0,0,0,0,0,1,0
R_8joDwSStorubTkR,Pirati,Jsou to lidé vnímaví citlivý velice empatičtí jsou to lidé pokorní kteří politiku sledují a politiky hlídají,Jsou to lidé kteří si myslí že na složitý problémy jsou jednoduché odpovědi jsou to lidé kteří si myslí že někdo bude dělat něco za ně bez jejich přičinění jsou to lidé kteří takříkajíc vidí na dva dni dopředu a dál ne hledí na budoucnost jsou to lidé kteří se nechají snadno vystrašit vyděsit mají problém s kritickým myšlením jsou to lidé zklamání po revolučním děním lidé frustrovaní zklamání životem,0,0,0,0,0,0,0,0,0,0,0,0,0,0,0,0,0,0,0,0,0,0,0,0,0,0,0,0,0,0,1,0,0,0,0,0,0,0
R_20H1DcqprkgJ2uV,,"Takové lidi neznám, protože s ostatními politiku neřeším. ",Mají se lépe informovat. ,0,0,0,0,0,0,0,0,0,0,0,0,0,0,0,0,0,0,0,0,0,0,0,0,0,0,0,0,0,0,0,0,0,0,0,0,0,0
R_2jxFnNx0ybZSVka,ANO,Lidi z běžného života co žijí skromně a rozumně,"Jsou lidí co žijí ve hvězdách, arogance a co rozdělují svou rodinu i okolí",0,0,1,0,0,0,0,0,0,0,0,0,0,0,0,0,0,0,0,0,0,0,0,1,0,0,0,0,0,0,0,0,0,0,0,0,0,0
R_2s9wucY7na4CgSJ,ANO,Sympatizanti a objektivní lidé.,Konzervy a dinosauři. ,0,0,0,0,0,0,0,0,0,0,0,0,0,0,0,0,0,0,0,0,0,0,0,0,0,0,0,0,0,0,0,0,0,0,0,0,0,0
R_2qEiGvJv6rsHcaV,SPD,"Nevím,o politiku se vůbec nezajimam ","Jsou afektovani ,pořád o politice mluví,všude ji probírají ",0,0,0,0,0,0,0,0,0,0,0,0,0,0,0,0,0,1,0,0,0,0,0,0,0,0,0,0,0,0,0,0,0,0,0,0,0,0
R_2HubAW1eEfGOExf,,"rozumně myslící,lidé co chtějí spravedlnost pro všechny občany ČR",každý má právo na svůj názor.Nikoho neodsuzuji,0,0,1,0,0,0,0,0,0,0,0,0,0,0,0,0,0,0,0,0,0,0,0,0,0,0,0,0,0,0,0,0,0,0,0,0,0,0
R_2QQYJH7b7N8577j,ANO,"Mají stejné názory, nemají asi hodně peněz navíc, aby jezdili 3x do roka do zahraničí i když samozdřejmě jsou i tací, kteří peněz mají dostatek. Je to jen o názorech, které mame stejné a tím pádem by jsme si i rozuměli. Ale i s takovýma lidma bych se na téma politika, nepouštěla","Nemám co napsat, lidi, kteří mají hodně odlišné názory jako já, tak se do politiky s nima nepoštím, nemám důvod se s nimi hádat, domlouvat, vysvětlovat. Každý má na politiku svůj názor. A to respektuji",0,0,1,0,0,0,0,0,0,0,0,0,0,0,0,0,0,0,0,0,0,0,0,0,0,0,0,0,0,0,0,0,0,0,0,0,0,1
R_2tnxIzIb6KD7vrJ,ANO,nejlepší politik adrea babiš ,nevíme  ale generál ,0,0,0,0,0,0,0,0,0,0,0,0,0,0,1,0,0,0,0,0,0,0,0,0,0,0,0,0,0,0,0,0,0,0,0,0,1,0
R_8QVqkayPWlU9hmo,ANO,"Flegmatici,bez zájmu o politiku. Apolitická","Moc všechno prožívají,Když neni po jejich zak je to špatně.Moc upjatí",0,0,0,0,0,0,0,0,0,0,0,0,0,0,0,0,0,0,0,0,0,0,0,0,0,0,0,0,0,0,0,0,0,0,0,0,0,0
R_2MR45GHtp1SDhME,ANO,Nevím neznám nevím nějak ,Neznám nevím.............. ,0,0,0,0,0,0,0,0,0,0,0,0,0,0,0,0,0,1,0,0,0,0,0,0,0,0,0,0,0,0,0,0,0,0,0,0,1,0
R_81H7k0jP7J89vLD,,"Někdo, s kým si pravděpodobně rád popovídám","Každý člověk má právo na svůj názor. Dokud to nenarušuje můj ""prostor"", respektuji to",0,0,0,0,0,0,0,0,0,0,0,0,0,0,0,0,0,0,0,0,0,0,0,0,0,0,0,0,0,0,0,0,0,0,0,0,0,1
R_8Ls7kwHJKZGIo6t,SPD,Hfdkn jkzajlb jfsikcmjhhjggjvhgvgdvhgybv,Hgckjxkvkccnnjfhlvxkccmnvmn,0,0,0,0,0,0,0,0,0,0,0,0,0,0,0,0,0,0,0,0,0,0,0,0,0,0,0,0,0,0,0,0,0,0,0,0,0,0
R_8msLOAfW4s4OLXX,ANO,jsou rozumní a myslí na dobro všech,tyto lidé myslí na sebe a okruh přátel,0,0,1,0,0,0,0,0,0,0,0,0,0,0,0,0,0,0,0,0,0,0,0,0,0,0,0,0,0,0,0,0,0,0,0,0,0,0
R_80Sg9Ql742UNpyd,ANO,"Lidé co mají rozum a nevolit takové k,****y jako jsou ve vládě teď. ","Jsou to lidé co volili bohužel to, co je teď ve vládě a nepřemýšleli rozumem, zapomněli co kdysi nynější vláda udělala.",0,0,1,0,0,0,0,0,0,0,0,0,0,0,0,0,0,0,0,0,0,1,0,0,0,0,0,0,0,0,0,0,0,0,0,1,0,0
R_8DSNAzyTBpnrWlq,ANO,nevim co napsat k tematu..,nevím co napsat k tematu,0,0,0,0,0,0,0,0,0,0,0,0,0,0,0,0,0,0,0,0,0,0,0,0,0,0,0,0,0,0,0,0,0,0,0,0,1,0
R_2XaqU7toaxJtXHC,STAN,"Mají rádi svobodu a respektování jiných lidí, společností a názorů. Jsou ochotni hlůedat kompromis s jinými lidmi. ","Mají právo si myslet cokoli, pokud tím nemají v úmyslu omezovat nebo ovládat jiné osoby.",0,0,0,0,0,1,0,1,0,0,0,0,0,0,0,0,0,0,1,0,0,0,0,0,0,0,0,0,0,0,0,0,0,0,0,0,0,0
R_8r0zQ6tv9GgIP95,STAN,nevim nadokazu posoudit nekoho kdo muze me byt podobny,"nevim nedokazu posoudit nekoho me podobneho
",0,0,0,0,0,0,0,0,0,0,0,0,0,0,0,0,0,0,0,0,0,0,0,0,0,0,0,0,0,0,0,0,0,0,0,0,0,0
R_8TyLF1kJMwZFCcr,STAN,Jsou to obyčejní lidé kteří nevyhledávají konflikty mají rádi i ostatní spoluobčany kteří se řídí selský rozumem a a nechtějí násilí ani válku !,"Každý má svůj názor , nikomu ho neberu ale tito lidé se musí přesvědčit sami až prohlédnout .",0,0,1,0,0,0,0,0,0,0,0,0,0,0,0,0,0,0,0,0,0,0,0,0,0,0,0,0,0,0,0,0,0,0,0,0,0,0
R_2IWzguzOr08JULK,ANO,"Tom jsou lidé kteří se musimoganet aby vyšli s příjmy které mají,zdravotni péče jde taky s prominutím do háje 😒a mladší generace mají co dělat aby vu by ex utáhli výchovu dětí bydlení a vzdělání a to nezmiňují samozivitelky které nemají možnost ranních dne aby mohli skloubit děti a práci.politici si přidávají na platech.👿a mladí.diky ním nemají malém ani na živo by yti",Každý má svůj názor nikomu nezazlívam,0,0,0,0,1,0,0,0,0,0,0,0,0,0,0,0,0,0,0,0,0,0,0,0,0,0,0,0,0,0,0,0,0,0,0,0,0,0
R_2ZvuBle0MxsKwk9,TOP09,Nechtějí aby jim všechno někdo strkal až pod nos. Nejde je snadno opít rohlíkem. Váží si svobody.,"Jsou to lidé kteří chtějí, aby se o ně furt někdo pečoval. Stačí jim povrchní řešení problémů. Je snadné je opít rohlíkem.",0,0,0,0,0,1,0,0,0,0,0,0,0,0,0,0,0,0,0,0,0,0,0,0,0,0,0,0,0,0,0,0,0,0,0,0,0,0
R_8mErnBcbAoKMWjL,TOP09,"Jsou to ti kteří nezapomněli vlastní historii, rodiny, příbuzných a vlastního státu (zemně), umí rozeznat příčiny občanských jevů a zároveň jejich důsledky. Dále vyznavači demokratické společnosti a křesťanských hodnot (desatera). Kteří odolali v době totalitní lákání (přemlouvání) ke vstupovaní do strany KSČ. Zvlášť sympatičtí  jsou  ti kteří v době totality odmítli platit „dobrovolnou“ známku solidarity organizovanou odboráři tj. ROH ve svém zaměstnání. (pro neznalce - je to známka vlepovaná do členského průkazu ROH, výtěžek měl být použit na podporu zahraničních odborářů mimo RVHP. Nikdy jsem se nedozvěděl kolik peněz bylo vybráno a na co byly tyto peníze použity. Přestal jsem to platit v době pádu letadla nad městem LOCRBÍ v Anglii. A nebyl jsem sám. ","Kteří zapomínají svoji vlastní historii (tj rodiny, příbuzných a státu / zemně) a jsou ochotní účelově podporovat politiku dle momentálního prospěchu či slibování prospěchu pro sebe rodinu. Většinově jsou to lidé kteří nejsou schopni rozeznat příčiny společenských (i ekonomických) jevů a dovodit pak společenské (i ekonomické) následky. ",0,0,0,0,1,0,0,1,0,0,0,0,0,0,0,0,0,0,0,0,0,0,0,1,0,0,0,0,0,0,0,0,0,0,0,0,0,0
R_8PecEg5XPTkEb9q,KSCM,"Myslím si že takovým lidem záleží na české republice a že jim vadí korupce a rozkrádání našeho majetku i když už ho moc nezbylo. Vadí jim nadvláda Ukrajinců u nás doma, jejich protěžování a to že se na naše lidi kašle","Já si myslím že každý člověk má svůj názor na každou věc a má na to právo, můžu si myslet cokoli ale svůj názor nikomu nevnucuji i když ten jeho nepřijmu. Já nevím co je to za lidi jo možná jsou bohatí je co si myslíš že teď to tady funguje dobře možná nemají vztah k české republice. Jen nechápu jak může být někomu 1 co se tady děje",0,0,0,0,0,0,0,0,0,0,0,0,0,0,0,0,0,0,0,0,0,0,0,0,0,0,0,0,0,0,0,1,0,0,0,0,1,0
R_2He0ZJUsisIDd7A,,i kdyz vyhraje naka strana nic se nezmeni,"nevim,asi rozumi politice",0,0,0,0,0,0,0,0,0,0,0,0,0,0,0,0,0,0,0,0,0,1,0,0,0,0,0,0,0,0,0,0,0,0,0,0,0,0
R_2UXCCub09RRiC4T,ANO,"Vyměníme si názory a budeme si rozumět, sjednotime rozhovor ","Naprosto v pořádku, každý má svuj6nazor, netreba ho nikomu brát ",0,0,1,0,0,0,0,0,0,0,0,0,0,0,0,0,0,0,0,0,0,0,0,0,0,0,0,0,0,0,0,0,0,0,0,0,0,0
R_2VsSgucTWZwkp2j,ANO,Jsou to lidi kteří ví o čem je život a kdo je pro lidi,Každý má svůj názor a nikomu ho neberu. ,0,0,0,0,0,0,0,0,0,0,0,0,0,0,0,0,0,0,0,0,0,0,0,0,0,0,0,0,0,0,0,0,0,0,0,0,0,0
R_2fdL9Nx2SP2ynth,Pirati,"Lidé s podobným pohledem na politiku a společenské problémy bývají otevření změnám a podporují rovnost a svobodu jednotlivce, zároveň ale kladou důraz na zodpovědnost a konstruktivní diskuzi","Tito lidé kladou důraz na tradiční hodnoty jako je rodina a jsou skeptiční vůči rychlým společenským změnám, které vnímají jako hrozbu jejich stability",0,0,0,0,0,1,1,1,0,0,0,0,0,0,0,0,0,0,0,0,0,0,0,1,0,0,0,0,0,0,0,0,0,0,0,0,0,0
R_2OGtGNaZhzVNnwD,ANO,"Jsou to lidé, kteří mají stejný názor jako já. Nemám k nim žádný výhrady. Každý volí sám za sebe. Určitě se s nimi lépe spolupracuje. ","Každý občan má možnost volit tu stranu, se kterou sympatizuje. Nikomu se nedá poručit, do které má vstoupit. To je každýho věc kam vstoupí. ",0,0,0,0,0,0,0,1,0,0,0,0,0,0,0,0,0,0,0,0,0,0,0,0,0,0,0,0,0,0,0,0,0,0,0,0,0,0
R_8TAWAgJHdJFz93r,Other,"Sere je, že všichni ti kokoti co rozhodují o obyčejných lidech, o tom kolik budou mít peněz, jestli budou mít vlastní bydlení a tak dále, maj jenom plnou držku líbivých keců a po volbách se na ty obyčejný lidi z vysoka vyserou!","Netuším jak bych takové lidi popsala, jako naprosté ignoranty, kterým je to úplně jedno.",0,0,0,1,0,0,0,0,0,0,0,0,0,0,0,0,0,0,0,0,0,0,0,0,0,0,0,0,0,0,0,0,0,0,0,0,1,0
R_2wh7bh7OTJzUUsV,ANO,JSOU TO MOJI NEJLEPŠI KAMARADI,KRETENI BLAZNI IDIOTI,0,0,0,0,0,0,0,0,0,0,0,0,0,0,0,0,0,0,0,0,0,0,0,0,0,0,0,0,0,0,0,0,0,0,0,0,0,0
R_2fqJKqKhX7Qa4Vi,SPD,"podobní jako já, stejné názory",každý má svůj vlastní názor - důležité je respektovat jejich názor,0,0,0,0,0,0,0,0,0,0,0,0,0,0,0,0,0,0,0,0,0,0,0,0,0,0,0,0,0,0,0,0,0,0,0,0,0,1
R_2VkxnEibDAWftG9,ANO,"klidni ,zkuseni ,tolerantni",jsem tolerantni tak at siziji svuj zivot,0,0,0,0,0,0,0,0,0,0,0,0,0,0,0,0,0,0,0,0,0,0,0,0,0,0,0,0,0,0,0,0,0,0,0,0,0,0
R_8ZKp68GuGSrTrFl,ANO,Lidé kteří chtějí aby už se konečně něco zlepšilo k lepšímu aby bylo viditelné a hmatatelné že tento stát pro lidi něco opravdu dělá,Jsou to lidé nevzdělaní kteří neví vůbec nic a nebo jsou to lidé mladí kteří by chtěli všechno hned a nejlépe zadarmo a nebo jsou to důchodci kteří jsou hodně staří a vzpomínají na zlatou éru komunistů,0,0,0,0,0,0,0,0,0,0,0,0,0,0,0,0,0,0,0,0,0,0,0,0,0,0,0,1,0,0,0,0,0,0,0,0,0,0
R_2WT3vDmW8L00ITT,STAN,"Kapitalisté, co se o sebe dokážou postarat bez pomoci státu ( nebo minimální pomocí). Co chápou, že když se přidají peníze nějaké skupině obyvatelstva, tak budou jinde chybět. Co nechtějí navyšovat státní dluh.","Levicově smýšlející, příznivci  ANo, SPD a KSČM. Pro rusky orientovaní. Lidé, co si myslí, že se o ně stát musí za každou cenu postarat.",0,0,0,0,0,0,0,0,0,0,0,0,0,0,0,0,0,0,0,0,0,0,0,0,0,0,0,0,0,0,0,0,0,1,1,0,0,0
R_811agmL2D7Okgwq,ANO,"Pravicově založení realisté. Pragmatičtí, kterým jde o udržení ČR v ekonomické způsobilosti.",Naivní a dobře zajištění. Prostě mimo realitu. Něco jako Hřebejk.,0,0,0,0,0,0,0,0,0,0,0,0,0,0,0,0,0,0,0,0,0,0,0,0,0,0,0,0,0,0,1,0,0,0,0,0,0,0
R_83lRFAd0FmjP8W4,ANO,"Pracující ponejvíce pracující fyzicky za podprůměrný plat, kteří se snaźí finančně zajistit rodinu.","Nevím, věří něčemu jinému.",0,1,0,0,1,0,0,0,0,0,0,0,0,0,0,0,0,0,0,0,0,0,0,0,0,0,0,0,0,0,0,0,0,0,0,0,1,0
R_8QRhu1ky9xCK1Ig,,"Jde o lidi, kterým je politika proti mysli stejně jako mě. Politici mi připadají jako loutky, které jsou pro peníze schopni prodat i své dítě i přesto, že když do politiky vstupovali byly jejich názory opačné. ","Tito lidé mají na politiku svůj názor ,který není stejný jako ten můj. To jaký mám názor já ,je pouze moje věc a rozhodně se nebudu přetvařovat,že jejich názor je ten nejlepší. Jsem tolerantní a to vyžaduju i od lidí s jiným názorem.",0,0,0,0,0,0,0,0,0,0,0,0,0,0,0,0,0,0,0,0,0,0,0,0,0,0,1,0,0,0,0,0,0,0,0,0,0,0
R_20kIaOJrsjWvb1D,SPD,"Jsou vystresovaní ze špatné politické situace. Vnímají morálku národa a mezi lidské vztahy za velmi zhoršené. Odchody do důchodu v nedohlednu. Důchodová reforma (zoufalství)........ 
","Já jsem toho názoru, že každý má právo se svobodně rozhodnout. ",0,0,0,0,0,0,0,0,0,0,0,0,0,0,0,0,0,0,0,0,0,0,0,0,1,0,0,0,0,0,0,0,0,0,0,0,0,0
R_8GseZYuMTLdq6U9,Other,všechny lidé  kteři se bavi politikou ,nevim co si mám o tom myslet ,0,0,0,0,0,0,0,0,0,0,0,0,0,0,0,0,0,0,0,0,0,0,0,0,0,0,0,0,0,0,0,0,0,0,0,0,0,0
R_8jO3bA37lcLdxSq,ANO,nechci nic popisovat ani mne to nezajima,politika druhych mne nezajima,0,0,0,0,0,0,0,0,0,0,0,0,0,0,0,0,0,0,0,0,0,0,0,0,0,0,0,0,0,0,0,0,0,0,0,0,0,0
R_8Zl1KtW6AFPaCKl,,"O politiku se nějak hlouběji nezajímám. Nikdy jsem nebyl volit, protože mi přijde, že ať je tam kdokoliv, tak je to neustále stejné. Skoro na každého se již objevila nějaká aféra a politikům se všeobecně nedá moc věřit. Viz Babiš, který prohlásil před pár lety, že když nevyhraje volby, tak v politice končí. A je tam stále. Také prohlásil, že nikdy nebude kandidovat na prezidenta...
Jediný politik, kterého mám rád, je náš hejtman Kuba.","Když to vezmu podle stran, které bych určitě nevolil, jak jsem uvedl v minulém dotazu (PRO, SPD, STAČILO), tak příznivci těchto stran jsou velmi lehce ovlivnitelní a náchylní věřit i těm nejneuvěřitelnějším dezinformacím. A šéfové zmíněných stran toho dokáží využít. Řekněme, že ti lidé jsou naštvaní ze své životní situace, nebo ze situace v ČR, a hledají nějaký únik, který jim právě poskytnou tyto strany.Ty jim namluví, že problém není v nich, ale v někom jiném. Třeba ve vládě. Tady se na vládu upustí nějaká lež, tu obvinění, tady lež o Ukrajině... Tito lidé, i když mají často pravdu, že je tu něco špatně, ale ztratili jakoukoliv ostražitost a uvěří i mnoha lžím, které pak často v domění, že jsou pravda šíří dál. Nechci tu být za nějakého obhájce Fialy, také kolikrát kroutím hlavou nad tím, co dokáže vláda vytvořit, ale zase nemám potřebu objíždět demonstrace a urážet lidi na soc. sítí.",0,0,0,0,0,0,0,0,0,0,0,0,0,0,1,0,0,0,0,0,0,0,0,0,0,0,0,0,0,1,1,0,0,0,1,1,0,0
R_64AyFzZQdnR5ieB,,"Jsou vstřícní a ochotní o daném problému komunikovat, jsou tolerantní, jednají s rozvahou","Jsou neústupní, nedokáží přijmout jiný názor, ",0,0,0,0,0,0,0,0,0,0,0,0,0,0,0,0,0,0,0,0,0,0,0,0,0,0,0,0,0,0,0,0,0,0,0,0,0,0
R_21HhpzQxCOSi5yS,ANO,"používat svoji hlavu v názorech a postojích ve všem, raději vyjádřit řešení či postoj až druhý den, neřešit otázku zbrkle","u těchto lidí cítím lobing, prosazování myšlenek a zájmů jiného manažera ",0,0,0,0,0,0,0,0,0,0,0,0,0,0,0,0,0,0,0,0,0,0,0,0,0,0,0,0,0,0,0,0,0,0,0,0,0,0
R_8vCiQsQfVRlSHh7,ANO,"Nevím. Neřeším takové věci, nedokáží lidi škatulkovat a popsat. Jsou to jednotlivci","Je mi to jedno, nevadí mi. Prostě mají jen jiný názor.",0,0,0,0,0,0,0,0,0,0,0,0,0,0,0,0,0,1,0,0,0,0,0,0,0,0,0,0,0,0,0,0,0,0,0,0,0,0
R_2hWFpjubYGwguKK,,"Lidé s podobnou společenským postavením, přátelští ","Lidé kteří mají jiný politický názor, moc se od jiných neliší ",0,0,0,0,0,0,0,0,0,0,0,0,0,0,0,0,0,0,0,0,0,0,0,0,0,0,0,0,0,0,0,0,0,0,0,0,0,0
R_8MS8AJmKqgQ1aEU,Other,Mladí konzervativci co nepodporují extra progresivní věci ,"Lidi co podporuji lgbtq, vegani, posluhovači EU atd",0,0,0,0,0,0,0,0,0,0,0,0,0,0,0,0,0,0,0,0,0,0,0,0,0,0,0,0,0,0,0,0,0,0,0,0,0,0
R_87ZQMf7qczH1kch,STAN,Nijak nechci odpovidat......,Nijak nechci odpovidat,0,0,0,0,0,0,0,0,0,0,0,0,0,0,0,0,0,0,0,0,0,0,0,0,0,0,0,0,0,0,0,0,0,0,0,0,0,0
R_80I781MDJah3nfR,,"smirlivi, uvedomneli, nezmanipulovany, optimisticti","sklamani, zahorkli, zmanipulovani, nenavistni, zavistivi, ",0,0,0,0,0,0,0,0,0,0,0,0,0,0,0,0,0,0,0,0,0,0,0,0,0,0,0,0,0,0,0,0,0,0,0,0,0,0
R_8jIFgvRyOGZc7OT,,Nevim neumím si nikoho vybavit,Já nevím neznám nikoho,0,0,0,0,0,0,0,0,0,0,0,0,0,0,0,0,0,1,0,0,0,0,0,0,0,0,0,0,0,0,0,0,0,0,0,0,1,0
R_2hi5vwytXOhBUrM,ANO,většina má selsky rozum. nenechají se tak jednoduše zmanipulovat mají vlastní názor ,"lidé kteří chtějí jít s davem, dívají se často na televizi jsou jednodušeji zmanipulovatelní. I přes mnohdy vysokoškolské vzdělaní jsou ne tak inteligentní.",0,0,1,0,0,0,0,0,0,0,0,0,0,0,0,0,0,0,0,0,0,0,0,0,0,0,0,0,0,0,0,0,0,0,0,0,0,0
R_2lDGjz1pqQGuWUZ,ANO,"STŘEDNÍ VRSTVA
MÍR, KLID
","NECHCI S NIMI ANI MLUVIT NA POLITICKÉ TÉMA, ROZČILUJÍ MĚ",1,0,0,0,0,0,0,0,0,0,0,0,0,0,0,0,0,0,0,0,0,0,0,0,0,0,0,0,0,0,0,0,0,0,0,0,0,0
R_2dEWyOxPYdz2ozA,SPD,Lidé kteří pracují na plný úvazek a dělají skoro za minimální mzdy ,Normální  lidé kteří dělají obyčejné zaměstnání ,0,0,0,0,0,0,0,0,0,0,0,0,0,0,0,0,0,0,0,0,0,0,1,0,0,0,0,0,0,0,0,0,0,0,0,0,0,0
R_8py9yDOkDHMgdKN,ANO,"Upřímní, citlivý, nemyali jen na sebe ","Sebestředný, panovačný, lživý ",0,0,0,0,0,0,0,0,0,0,0,0,0,0,0,0,0,0,0,0,0,0,0,0,0,0,0,0,0,0,0,0,0,0,0,0,0,0
R_2MzgFhiUlZqjGwf,ODS,Většinou to jsou realisti,Liďi s kreslenymi názory na politiku,0,0,0,0,0,0,0,0,0,0,0,0,0,0,0,0,0,0,0,0,0,0,0,0,0,0,0,0,0,0,0,0,0,0,0,0,0,0
R_2hYBENPlYp7wyMm,ANO,"normální běžní lidé ,kteří chtějí žít normálně",mají prostě jiný názor a nebo jsou tak zblblí,0,0,0,1,0,0,0,0,0,0,0,0,0,0,0,0,0,0,0,0,0,0,0,0,0,0,0,0,0,0,0,0,0,0,0,0,0,0
R_8EXLeh9trnhcqeG,ODS,"Hodnoty a smysl pro spravedlnost, ekonomické povědomí","Běžní lidé s jiným názorem, nebo problematiku dostatečně nepochopili",0,0,0,0,0,0,0,0,0,0,0,0,0,0,0,0,0,0,0,0,0,0,0,0,0,0,0,0,0,0,0,0,0,0,0,0,0,0
R_2hydjeP3Othfkls,ANO,neznám takové lidi a nedělal bych v politice,nevím co bych na to odpověděl,0,0,0,0,0,0,0,0,0,0,0,0,0,0,0,0,0,0,0,0,0,0,0,0,0,0,0,0,0,0,0,0,0,0,0,0,1,0
R_8FJquoLxC3j6skC,,"Zcela v pořádku, více nedokážu odpovědět, jelikož to jak někdo vnímá politiku pro mě není podstatné.",Každý má svůj názor a každý ho muže mít jaký chce ,0,0,0,0,0,0,0,0,0,0,0,0,0,0,0,0,0,0,0,0,0,0,0,0,0,0,0,0,0,0,0,0,0,0,0,0,0,0
R_8fDCYGL1PF7mxhf,KSCM,používají selský rozum a ne naučené fráze okopírované z našich medií,"nevadí mi, pokud se s nimi dá diskutovat a když neškodí ostatním, kteří májí jiný názor",0,0,1,0,0,0,0,0,0,0,0,0,0,0,0,0,0,0,0,0,0,0,0,0,0,0,0,0,0,0,0,0,0,0,0,0,0,0
R_8Qm3qxhz5IUfICs,ANO,"mám svůj názor a jsem o něm přesvědčený, nikomu ho nevnucuji, pouze občas poukážu na kladné věci","zarputile papouškující názor bez kompromisu, nepřipouští změny ani diskuzi",0,0,0,0,0,0,0,0,0,0,0,0,0,0,0,0,0,0,0,0,0,0,0,0,0,0,0,0,0,0,0,0,0,0,0,0,0,0
R_8HC81L2HmWzUhzE,ODS,Tolerantní pohodový s touhou se neustále vzdělávat a mít radost ze života ,"Neumím popsat, omlouvám se. ",0,0,0,0,0,0,0,0,0,0,0,0,0,0,0,0,0,0,0,0,0,0,0,0,0,0,0,0,0,0,0,0,0,0,0,0,1,0
R_23shuZ7ypDKjujP,STAN,"Nekonfliktni, naslouchajici a pouzivajici selsky rozum. ","Ovecky, veri vsemu co chteji slyset a neakcetuji moznost, ze nekdo to nemysli vazne co rika",0,0,1,0,0,0,0,0,0,0,0,0,0,0,0,0,0,0,0,0,0,0,0,0,0,0,0,0,0,0,0,0,0,0,0,0,0,0
R_2PAb1QTNHWKUEQp,SPD,"Myslím si, že tito lidé jsou ze skromnějších poměrů, pracují  v těžkých povoláních a žijících od výplaty k výplatě. Tito lidé se chtějí mít lépe a proto volí SPD.","Tito lidé jsou zabezpečení finančně mnohem lépe, více vydělávají a tím pádem se tolik nestarají o sociální politiku a  o chudší občany. ",0,0,0,0,0,0,0,0,0,0,0,0,0,0,0,1,0,0,0,0,0,0,0,0,0,0,0,0,0,0,0,0,0,0,0,0,0,0
R_8h5eu0Ur8KYnLhh,Pirati,"Radujeme u se u stejných zpráv na internetu, dokážeme se rozčílit z rasistických keců, nebo urážek gayů a leseb. V pohodě probíráme politická témata a souzníme. Odmítáme poslouchat řeči o skvělém Putinovi a Číně, o špatné EU a NATO, nechápeme, jak někdo teskní po časech za totáče.","Ač jsou i mnohdy vzdělaní, připadají mi v podstatě hloupí a někdy i nešťastní. Vzdělání jim IQ a EQ nepřidalo. Uměli se pouze biflovat.
Když to na mě zkouší někteří známí, už se nehádám. Poprosím je pro klid na obou stranách: prosím tě, mlč a nemluv o tom. Já tě chci mít ráda. Funguje to.
",0,0,0,0,0,0,0,1,0,0,0,0,0,0,0,0,0,0,0,0,0,0,0,0,0,0,0,0,0,0,0,0,0,0,0,0,0,0
R_2LcYrkjsTRKkic1,,Nijak je nevnímám ale jsou mi sympatičtí,Nijak je nevnímám záporně,0,0,0,0,0,0,0,0,0,0,0,0,0,0,0,0,0,0,0,0,0,0,0,0,0,0,0,0,0,0,0,0,0,0,0,0,0,0
R_8dpdC9JqqiX3ofb,ANO,"Tito lidé vnímají politiku v mezích , jinak to nejde .","Nevadí mi , když mají  obyčejní lidé  jiný názor na politiku . Mně vadí lidé , kteří se živí politikou a zcela viditelně se chtějí udržet na těchto postech ,  myslí na sebe a ne na naši zem . Třeba pan premiér si chystá teplé místečko v Europarlamentu ,  co tam řeknou , je svatý i když to ublíží naši zemi .",0,0,0,0,0,0,0,0,0,0,0,0,0,0,0,0,0,0,0,0,0,0,0,0,0,0,0,0,0,0,0,0,0,0,0,0,0,0
R_2hun89MametIm09,SPD,"pohodový, chytří, pracovití","mají méně času, jsou více ve stresu",0,1,0,0,0,0,0,0,0,0,0,0,0,0,0,0,0,0,0,0,0,0,0,0,0,0,0,0,0,0,0,0,0,0,0,0,0,0
R_81gAcY25imMPYch,ANO,"Nevím, nemůžu mluvit za ostatní.Az budou všichni  pracující lidi na urovnichudoby tak pochopí že tak se nedá žít.za poctivou práci a odvody státu, nemají ani na léky ","Tuto politiku je možné brát jako společenský stav, která vyustí z rozporu mezi jedincem a společnosti.Bohuzel tato vláda myslí pouze na sebe a nebere pracující lidi vážně.nezajima je že pracovat za minimální mzdu 40 hodin týdně je neúnosné ",0,1,0,0,0,0,0,0,0,0,0,0,0,0,0,0,0,1,0,0,1,0,0,0,0,0,1,0,0,0,0,0,0,0,0,1,0,0
R_8SKgcVshSHes3Rf,Other,"Jsou liberálně, levicově zaměření. Myslí na klimatickou krizi a jak ji zastavit. Myslí na práva všech znevýhodněných lidí (jako jsou lidé jiné rasy, LGBTQ+, fyzicky či mentálně postižení lidé atd.). Bojují za práva žen. Podporují městskou hromadnou dopravu, nikoly auta na spalovací motory. Jde jim o světový mír, nikoli ego. Jsou proti privatizaci.","Jsou konzervativní, pravice. Podporují privatizaci. Jsou proti modernitě. Jsou proti pokroku. Nepodporují mešiny. Neuznávají klimatickou krizi. Vůdci politických stran kolem sebe tvoří kult osobnosti, manipulují své voliče strachem.",0,0,0,0,0,0,0,0,0,0,0,0,0,0,0,0,0,0,0,0,0,0,0,0,0,0,0,0,0,0,0,0,0,0,0,0,0,0
R_8DqCvCM96lOoEQ6,ANO,Nebavim se s lidmi o politice a je mi jedno jakou stranu kdo protezuje,Nijak je nepopírám.O politice se s lidmi nebavím a ani mě jejich názor nezajímá ,0,0,0,0,0,0,0,0,0,0,0,0,0,0,0,0,0,0,0,0,0,0,0,0,0,0,0,0,0,0,0,0,0,0,0,0,0,0
R_2m4NWYA3631tVHW,ANO,Vidí sami jak se věci mají a nemusím je o ničem přesvedčovat,Nikoho neodsuzuji za jeho nazor. Jen kazdy prece musi videt kdo nam jak vladne,0,0,0,0,0,0,0,0,0,0,0,0,0,0,0,0,0,0,0,0,0,0,0,0,0,0,0,0,0,0,0,0,0,0,0,0,0,0
R_2hYdbt9miRoo7yT,Pirati,"Opět stejná odpověď, nikoho nesoudim. ","Nikoho nijak nesoudim, každý dělá jak umí a může. Ale KSČM rozhodně ne, není problém zjistit co se dělo za jejich vlády ",0,0,0,0,0,0,0,0,0,0,0,0,0,0,0,0,0,0,0,0,0,0,0,0,0,0,0,0,0,0,0,0,0,0,0,0,0,0
R_80NmRNDHDDZy0XD,ANO,Určitě bych to s nimi probral ,Raděj se jim vyhýbám,0,0,0,0,0,0,0,0,0,0,0,0,0,0,0,0,0,0,0,0,0,0,0,0,0,0,0,0,0,0,0,0,0,0,0,0,0,0
R_8MWkhEHrRxbbD8d,ANO,Klslclckvjvjkvkdiwlqoádkvk,NxkdjdjdsNykkcjcn bm kij,0,0,0,0,0,0,0,0,0,0,0,0,0,0,0,0,0,0,0,0,0,0,0,0,0,0,0,0,0,0,0,0,0,0,0,0,0,0
R_2gIVNlMUDKqL9rv,SPD,Volí stejnou stranu jako já. Máme stejné nebo podobné názory na některé politiky. Máme stejné nebo podobné názory co se týče bodů v programu dané strany. Chtěli bychom stejné změny jaké nabízí daná strana.,"Mají jiné názory na spoustu věcí, mohou mít jinou barvu pleti, mohou být pobožný, mohou pocházet z jiné společenské třídy než já.",0,0,0,0,0,0,0,0,0,0,0,0,0,0,0,0,0,0,0,0,0,0,0,0,0,0,0,0,0,0,0,0,0,0,0,0,0,0
R_8DZoFJpJsvU69fT,ANO,"nesnáší narcizmus vedení ODS, odradilo je především antibabišovké chování a lží a polopravd o skvělých výsledcích jejich vlády.  Jejich zveličování a naopak zametání a zlehčování průšvihů, které se dějí bez ohledu na stranickou příslušnost,ale podle toho jak se hodí, teď. 
Nesnáší utajování rozhodnutí návrhů vlády na poslední chvíli např. poslední poviný den a dokonce  v posledních minutách dne, je odporné vsouvání nenápadných vět do ustanovení a taktéž na poslední chvíli. To ovlivní průběh parlamentních jednání. Vadí naivita při těchto krocích. tomu se lidé opravdu smějí.
Odsuzuje parlamentní křivárny směřující k dosažení průchodu vládních návrhů. Vadí ukončení TV vysílání ze sněmovny. Všichní voliči by měli mít přehled- pokud je to zajímá - jak probíhá jednání v parlamentu. Koalice před volbou mohou zůstat, ale je nutné vyloučit po volbách strany které nedosáhly 5 %. Proč se má účastnit vlády? a do opozice zahnat strany s výrazně lepšími výsledky, které vyjadřují vůli voličů. Nespravedlivé od prvního pohledu.
Stydí se před světem s nesuverenitou vládních zástupců vůči EU. tzv. vlezdoprdelizmus za každou cenu, jen když to potěší vedení EU. Kde je národní suverenita a bystrý pohled na světový vývoj jak geopolitický tak přírodní a v neposlední řadě ekonomický.
","Nejlépe tento pohled vyjadřuje starý český film ,, Nejlepší člověk ''
Čím víc zdůrazňují že voliči těchto stran jsou více vzdělaní, tedy chytřejší, bohatší (tedy šikovnější co se o sebe umí postarat a pod.) a to s představou že ti nejhLoupější se k nim budou chtít přiřadit. To bude zase hlasů. Za demokracii považují pouze to, co se jim hodí a to většinou z osobních společenských a ekonomických důvodů a výhod, ,,KORÝTKA ''",0,0,0,0,0,0,0,0,0,0,0,0,0,0,0,0,1,0,0,0,0,0,0,0,0,0,0,0,0,0,0,1,0,0,0,0,0,0
R_8h4kvRvJT9E5b47,,Libertariani a svobodné smýšlející lide,Lidi co došli k názoru jinou cestou,0,0,0,0,0,1,0,0,0,0,0,0,0,0,0,0,0,0,0,0,0,0,0,0,0,0,0,0,0,0,0,0,0,0,0,0,0,0
R_2PunWpKslKrRy9Y,ANO,"Chtějí slušné politiky, které zajímá, co jejich voliči potřebují, co je dobré pro ČR.",zajima je jen vlastni prospech,0,0,0,0,0,0,0,0,0,0,0,0,0,0,0,0,0,0,0,0,0,0,0,0,0,0,0,0,0,0,0,0,0,0,0,0,0,0
R_8Sli3HRLHSktygp,,Nevím............................,"Nevím...............






",0,0,0,0,0,0,0,0,0,0,0,0,0,0,0,0,0,1,0,0,0,0,0,0,0,0,0,0,0,0,0,0,0,0,0,0,1,0
R_232ahnJO4EVNpVm,ANO,Jsou mi sympatičtí a rád bych s nimi diskutoval,Nemám je rád neměli by jsme se o čem bavit ,0,0,0,0,0,0,0,0,0,0,0,0,0,0,0,0,0,0,0,0,0,0,0,0,0,0,0,0,0,0,0,0,0,0,0,0,0,0
R_8EpdhtCw9GtoUed,ANO,Mají stejný politický názor.,Prostě mají jiný politický názor :),0,0,0,0,0,0,0,1,0,0,0,0,0,0,0,0,0,0,0,0,0,0,0,0,0,0,0,0,0,0,0,0,0,0,0,0,0,0
R_2JDPWeiBfepOX8R,Other,"Stejně jako sebe, nezávislí. Schopní si utvořit vlastní názor, nepodléhat davu.","Přijde mi, že nemají vlastní názor, nechávají se strhnout davem, myslí na sebe ne na společnost jako celek.",0,0,0,0,0,1,0,0,0,0,0,0,0,0,0,0,0,0,0,0,0,0,0,0,0,0,1,0,0,0,0,0,0,0,0,0,0,0
R_2LXQKNOr52wkYUN,STAN,"Spíše liberálního smýšlení, váží si demokratických hodnot a svobod.","Myslí si, že je nejlepší je autoritářský režim. Stát se má o všechno postarat za ně a má jim diktovat, jak mají žít. ",0,0,0,0,0,1,0,0,0,0,0,0,0,0,0,0,0,0,0,0,0,0,0,0,0,0,0,0,0,0,0,0,0,0,0,0,0,0
R_8FDmjjhXUMOyI7s,,Lidem se názory vybrat nedají ,Je to tady hnusoba.....do prdele s Fialovci ,0,0,0,0,0,0,0,0,0,0,0,0,0,0,0,0,0,0,0,0,0,0,0,0,0,0,0,0,0,0,0,0,0,0,0,0,0,0
R_2GGn6xAcCNkN6dX,STAN,Mají zájem aby naše země někam směřovala a nebyla v područí jiných.,Nemají paměť a volí populisty neli ještě něco horšího.,0,0,0,0,0,0,0,0,0,0,0,0,0,0,0,0,0,0,0,0,0,0,0,0,0,0,0,0,0,0,0,0,1,0,0,0,0,0
R_8hlrALYCvQ3muX0,,Obyčejní průměrní tolerantní lidé,"Jsem v tomto směru dost tolerantní a upřímně je mi celkem jedno, jak ostatní vnímají politiku, jen mi vadí, když si někdo neustále stěžuje",1,0,0,0,0,0,0,0,0,0,0,0,0,0,0,0,0,0,0,0,0,0,0,0,0,0,0,0,0,0,0,0,0,0,0,0,0,0
R_8QoUo0MPp1FECQV,ANO,"Jsou sympatický, žádné hádky, rozumíme si",Jsou nezkušený a vůbec politice nerozumí ,0,0,1,0,0,0,0,0,0,0,0,0,0,0,0,0,0,0,0,0,0,0,0,0,0,0,0,0,0,0,0,0,0,0,0,0,0,0
R_2nCyCkvzmMXA2Ts,,Neřeším to s lidmi se moc nebavím,Neřeším to. Moc se s lidmi nebavím,0,0,0,0,0,0,0,0,0,0,0,0,0,0,0,0,0,0,0,0,0,0,0,0,0,0,0,0,0,0,0,0,0,0,0,0,0,0
R_2jVCDkkfbS3nBBW,ANO,"Nevím, souhlasím s jejich názory i když ne se všemi ","Nevím jak konkrétně je popsat, jen si myslím, že jejich názor není správný a mnohdy ani není v souladu s přírodou ",0,0,0,0,0,0,0,0,0,0,0,0,0,0,0,0,0,1,0,0,0,0,0,0,0,0,0,0,0,0,0,0,0,0,0,0,1,0
R_2IgZu7cEDo4E2as,STAN,"jsou otevření změnám, liberální, demokratičtí, nepotrpí si na předsudky, chtějí prosperitu ","nechají se zmanipulovat sliby a volí lidi, kteří nedávají smysl nebo lžou",0,0,0,0,0,0,0,0,0,0,0,0,0,0,0,0,0,0,0,0,0,0,0,0,0,0,0,0,0,0,1,0,0,0,0,0,0,0
R_8ASciEv16clI7UZ,,"podobné typy jako já, o politiku se příliš nezajímají","Více se o danou problematiku zajímají, já se o politické názory nepřu",0,0,0,0,0,0,0,0,0,0,0,0,0,0,0,0,0,0,0,0,0,0,0,0,0,0,0,0,0,0,0,0,0,0,0,0,0,0
R_2rBoaYJbRiBbQ5j,Other,"Jsem pravičák, konzervativec a demokrat (nikoliv liberální, což je maska pro neomarxismus) a z toho vyplývá vše. Omezit úlohu státu, dát víc rozhodovacích pravomocí (a také zodpovědnosti) jednotlivcům. Neexperimentovat s multikulti, hlídat vnější hranice EU, zastavit migraci, nepřizpůsobivé migranty zavřít do detenčních táborů nebo vyhostit. Nevymýšlet 256 pohlaví, zelenou likvidaci evropské ekonomiky a další nesmysly, které vyplývají bohužel z blahobytu, ve kterém žijeme, a jejich strůjci už neví, co by roupama vymýšleli. ","Podle demokratických principů, které vyznávám, mají samozřejmě právo na svůj názor, který já považuji ale za hloupý. Nic víc k tomu nemám.",0,0,0,0,0,0,1,0,0,0,0,0,0,0,0,0,0,0,0,0,0,0,0,0,0,0,0,1,0,0,0,0,0,0,0,0,0,0
R_2lo6eADX785wy8n,STAN,"Každý ma svůj názor, nesoudím lidi podle politických názorů. ","Občas se někdo snaží až moc vnutit svůj názor, i ten politický. O politice se nebavím a nemám ráda, když si někdo myslí, že je jen jeho pravda. ",0,0,0,0,0,0,0,0,0,0,0,0,0,0,0,0,0,0,0,0,0,0,0,0,0,0,0,0,0,0,0,0,0,0,0,0,0,0
R_8WF1tEgjFvoKgi5,ANO,"JSOU VETŠINOU ASI TAK STAŘÍ JAKO JÁ, MLADÍ MAJÍ ODLIŠNÉ ZKUŠENOSTI","JE MI TO JEDNO, NEZAJÍMÁM SE O TO, KOHO VOLÍ",0,0,0,0,0,0,0,0,0,0,0,0,0,0,0,0,0,0,0,0,0,0,0,0,0,0,0,0,0,0,0,0,0,0,0,0,0,0
R_8CIUFyAcSX9hANl,Other,"Nevim,  nedokážu popsat takovou osobu","Nevím,  nedokážu popsat takovou osobu",0,0,0,0,0,0,0,0,0,0,0,0,0,0,0,0,0,0,0,0,0,0,0,0,0,0,0,0,0,0,0,0,0,0,0,0,1,0
R_83atMvv7qcagTmd,,"Vycházím s lidmi a je to každého věc jakou si zvolí stranu, takže máme k sobě respekt nemáme k sobě zlost ohledně politických stran",Já se o politiku popravě spíš vůbec nezajímám. ,0,0,0,0,0,0,0,0,0,0,0,0,0,0,0,0,0,0,1,0,0,0,0,0,0,0,0,0,0,0,0,0,0,0,0,0,0,0
R_2JgCHHjAmLGqgne,ANO,"Lidé kteří vidí ze momentální vláda myslí jen sama na sebe a Ukrajinu, ale na občany ČR vůbec ","Myslí si o dnešní vládě, že je super a minulou vládu haní ",0,0,0,0,0,0,0,0,0,0,0,0,0,0,0,0,1,0,0,0,0,0,0,0,0,0,0,0,0,0,0,0,0,0,0,0,0,0
R_8j2miySzLP4fXr9,ANO,"jsou to lidi, kteří akceptují názory ostatních a nikomu nevnucují názory svoji, dokážou vést klidnou diskuzi bez nervů a urážek","Jsou to lidi kteří politiku neustále řeší, stojí si za svým a neuznávají jiné názory ",0,0,0,0,0,0,0,0,0,0,0,0,0,0,0,0,0,0,1,0,0,0,0,0,0,0,0,0,0,0,0,0,0,0,0,0,0,0
R_8HTDQLQwvIexcN1,ANO,"Bez komentáře,nechci se vyjadřovat",Nebudu se k této otázce vyjadřovat !,0,0,0,0,0,0,0,0,0,0,0,0,0,0,0,0,0,0,0,0,0,0,0,0,0,0,0,0,0,0,0,0,0,0,0,0,0,0
R_2g5SV5OXG3YRVZf,ANO,"Střední vzdělání, problémy před rokem 1989","Nízké IQ, z venkova, nízká finanční gramotnost",1,0,0,0,0,0,0,0,0,0,0,0,0,0,0,0,0,0,0,0,0,0,0,0,0,0,0,0,0,0,0,0,0,0,0,0,0,0
R_2yXt1CCcmeg18Mp,SPD,Orientují se v politice a mají rozumné názory,Korytáři bez vlasního názoru,0,0,1,0,0,0,0,0,0,0,0,0,0,0,0,0,0,0,0,0,0,0,0,0,0,0,0,0,0,0,0,1,0,0,0,0,0,0
R_2kIknlJhX0OErsl,,"Lidé vážící si svobody, demokracie a možnosti vlastního projevu, rádi cestují a využívají možnosti EU","""Za Komunistů bylo líp.""",0,0,0,0,0,1,0,0,0,0,0,0,0,0,0,0,0,0,0,0,0,0,0,0,0,0,0,0,0,0,0,0,0,0,0,0,0,0
R_80IvoQABcVdBwM7,,"Lidé, kteří jsou v klidu, necpou nuceně nikomu své názory. Respektující i odlišné lidi, nepřemlouvající ale žádající respekt od jiných","jsou to lidé, kteří mě nuceně přesvědčují o jejich názorech a jejich pravdivosti. Přesvědčující, že jejich pravda je jediná a svatá, nerespektující lidi s jiným názorem.",0,0,0,0,0,0,0,0,0,0,0,0,0,0,0,0,0,0,1,0,0,0,0,0,0,0,0,0,0,0,0,0,0,0,0,0,0,0
R_2m0yAY4EGrbBieZ,,"Progresivní člověk,  který věří na demokracie ",Lidi kteří jsou negramotné,0,0,0,0,0,0,0,0,0,0,0,0,0,0,0,0,0,0,0,0,0,0,0,0,0,0,0,0,0,0,0,0,0,0,0,0,0,0
R_81chH37ZkkrKzjk,ANO,S těmi lidmi se dokážu o politické situaci bavit a je to bez problémů.,"Jsou to lidi s jiným názorem na politickou situaci.
Respektuji jejich názor, myslím si svoje.",0,0,0,0,0,0,0,0,0,0,0,0,0,0,0,0,0,0,0,0,0,0,0,0,0,0,0,0,0,0,0,0,0,0,0,0,0,1
R_2d5qmLkseEBb6de,ANO,Jsou to lidé podobného myšlení jako já.,"Prostě mají jiný názor na politiku, než já. Což není špatné, každý to vidí jinak.",0,0,0,0,0,0,0,0,0,0,0,0,0,0,0,0,0,0,0,0,0,0,0,0,0,0,0,0,0,0,0,0,0,0,0,0,0,0
R_2plN9TWs9Z6LoL6,ANO,"lidé, kteří """"vyrůstali na stejné vlně"""", mají vztah k tradičním hodnotám, dokáží rozlišit lži a podsouvání """"správných názorů, mají za sebou život , který je držel při zemi .","lidé bez znalosti historické kontextu, mladí lidé většinou, pohodlní lidé, kteří si nezjištují fakta, lidé , kteří přijímají politku podanou na """"podnosu""""- viz volba prezidenta- společenská hysterie. Většinou vůbec neznají koho volí.Pokrytci.
",0,0,0,0,0,0,0,0,0,0,0,0,0,0,0,0,0,0,0,0,0,0,0,0,0,0,0,0,0,0,0,0,0,0,0,0,0,0
R_2q8bw6YqV46jfiE,ANO,"Lidé v podobném věku, s podobnými životními zkušenostmi, přemýšlejícími o budoucnosti.","Lidé podstatně mladší, bez větších životních zkušeností, ovlivnění školou a médii.",0,0,0,0,0,0,0,1,0,0,0,0,0,0,0,0,0,0,0,0,0,0,0,0,0,0,0,0,0,0,0,0,0,0,0,0,0,0
R_8HCLprQDSLG49fH,ANO,odssyyxYxYxcYcxYcXYcXYcYXcY,adxASdSAdfsAfcASfcSAYfcsayf,0,0,0,0,0,0,0,0,0,0,0,0,0,0,0,0,1,0,0,0,0,0,0,0,0,0,0,0,0,0,0,0,0,0,0,0,0,0
R_2wJ6BFDoSn6ZNId,,Jsou sobestacni a nevoli stranu podle toho kolik jim přidá penez,Většinou chtějí od státu přidat penize,0,0,0,0,0,0,0,0,0,0,0,0,0,0,0,0,0,0,0,0,0,0,0,0,0,0,0,0,0,0,0,0,0,0,0,0,0,0
R_8HnmF33KJC0QoWd,ODS,"o politice má přehled, ale příliš ji neřeší",buď se o ni vůbec nezajímají (ještě dobrý) nebo mají jen svůj názor a nepřipouštějí jiný,0,0,0,0,0,0,0,0,0,0,0,0,0,0,0,0,0,0,0,0,0,0,0,0,0,0,0,0,0,0,0,0,0,0,0,0,0,0
R_8fE5gJasrc9gztb,,"Nevím, jak bych tyto lidi popsala.","Pokud má někdo odlišný názor, nemám potřebu mu to jakkoliv vyvracet nebo o tom diskutovat. Každý má právo na svůj názor.",0,0,0,0,0,0,0,0,0,0,0,0,0,0,0,0,0,1,0,0,0,0,0,0,0,0,0,0,0,0,0,0,0,0,0,0,0,0
R_24YNBnJ1rGAa12x,ANO,"Nic konkrétního, nevím co uvést.","Je to individuální. Podnikatelé volí ODS, protože jim šla a jde nejvíc na ruku. Vadí jim ANO a Babiš - hlavně kvůli EET. Když fungovalo EET, museli ""téměř"" všechny tržby přiznat a odvést daně do státního rozpočtu.",0,0,0,0,0,0,0,0,0,0,0,0,0,0,0,0,0,1,0,0,0,0,0,0,0,0,0,0,0,0,0,0,0,1,0,1,0,0
R_8IWC2I7MQyPDDpw,ANO,"Lidé uvažující reálně, bez utopistických a  nereálných názorů.",Fanatičtí a utopisticky smýšlející lidé - s velkými nereálnými sny.,0,0,0,0,0,0,0,0,0,0,0,0,0,0,0,0,0,0,0,0,0,0,0,0,0,0,0,0,0,0,0,0,0,0,0,0,0,0
R_8mqH8H1uXoQDDd7,STAN,že jsou stejného zaměření a postojů jako já,"nemám nic proti nim, ale nesouhlasím s jeho volební preferenci",0,0,0,0,0,0,0,0,0,0,0,0,0,0,0,0,0,0,0,0,0,0,0,0,0,0,0,0,0,0,0,0,0,0,0,0,0,0
R_8CCaCdwzbeWwIHe,KSCM,"Jsou to lidé s nadhledem, selským rozumem a letitými zkušenostmi","Jsou to líd různí...jedni arogantí , v jednání s nimi je třeba opatrnost ...S jinými se jedná dobře a v kidu a rozumíme si v jinch obllastech života",0,0,1,0,0,0,0,0,0,0,0,0,0,0,0,0,0,0,0,0,0,1,0,0,0,0,0,0,0,0,0,0,0,0,0,0,0,0
R_2QcoU3jgMAM7Wom,ANO,"Jsou konzervativnější, nemají rádi extrémy, preferují spíše stabilnější politickou scénu s několika málo stranami v PS. ","To jsou nejčastěji neoliberalisté (např. průměrný volič Pirátů). Většinou stojí nalevo od politického spektra, prosazují hodnoty jako např. manželství gayů a leseb, adopce dětí homosexuálními páry, okamžité zastavení těžby uhlí atd. ",0,0,0,0,0,0,0,0,0,0,0,0,0,0,0,0,0,0,0,1,0,0,0,0,0,0,0,0,0,0,0,0,0,0,0,0,0,0
R_2go3QSSKcAEwCPJ,KDU-CSL,"Mluví mi z duše, je tu souznění, mají rozumný názor, jsou moudří, jsou shovívaví k jinému názoru. Rozhodně nevytváření pnutí a neživí antipatie vůči lidem jiného názoru.","Jsou povrchní, podlehají stádu, nejdou do hloubky. Nebo také je jim vše ""šuma fuk"".  Umí jen nadávat v gospodách, ale ""skutek-utek"".",0,0,1,0,0,0,0,0,0,0,0,0,0,0,0,0,0,0,0,0,0,0,0,0,0,0,0,0,0,0,0,0,0,0,0,0,0,0
R_8FVGsnG8iMlOhlW,SPD,"Lidi s názorem, za kterým si stojí.",Lidi se svým vlastním názorem.,0,0,0,0,0,0,0,0,0,0,0,0,0,0,0,0,0,0,0,0,0,0,0,0,0,0,0,0,0,0,0,0,0,0,0,0,0,0
R_8oGJLucqDsXLkbv,,"Takové lidi se zajímají o polickou situaci v zemi ne nějak extra, ale povědomí mají. K volbám, ale nechodí, protože si myslí, že jejich hlas by stejně nic nezměnil. A myslí si to, protože si dali dvě a dvě dohromady když viděli co se dělo když se volil prezident (Pavel), tím chci říct, že se výsledky voleb věděli hodinu před tím než hlasování oficiálně skončilo.","Takový lidi jsou zbytečně moc afektovaní skrz politiku a není s nimi domluva, protože jen jejich názor je ten správný.",0,0,0,0,0,0,0,0,0,0,0,0,0,0,0,0,0,0,0,0,0,0,0,0,0,0,0,0,0,0,0,0,0,0,0,0,0,0
R_2mdLytORqX5AMsV,ODS,"mají názor, který je mi sympatický",jsou nepoučitelní v to jaké to bylo,0,0,0,0,0,0,0,0,0,0,0,0,0,0,0,0,0,0,0,0,0,0,0,0,0,0,0,0,0,0,0,0,0,0,0,0,0,0
R_8Qh73C1hz8szcNF,ODS,"Inteligentní, sympatičtí, komunikativní","Neinteligentní, neznalí",0,0,0,0,0,0,0,0,0,0,0,0,0,0,0,0,0,0,0,0,0,0,0,0,0,0,0,0,0,0,0,0,0,0,0,0,0,0
R_8RmaIRF7skofcxH,ANO,"vnímaví, všímaví, se zájmem o budoucnost svých potomků","mladí lidé, nezkušení a  bez zodpovědnosti vůči budoucím generacím",0,0,0,0,0,0,0,0,0,0,0,0,0,0,0,0,0,0,0,0,0,0,0,0,0,1,0,0,0,0,0,0,0,0,0,0,0,0
R_8uOjrv1qBpXh7Rm,,"V politice se nějak moc nevyznám, moc to nesleduji, sem tam si něco přečtu, ale většinou je to samé negativum.","Ví co se kde děje a kdo je podle nich ten, co patří do politiky, ráda si to poslechnu, ale na nějakou dlouho konverzaci to nevidím.",0,0,0,0,0,0,0,0,0,0,0,0,0,0,0,0,0,0,0,0,0,0,0,0,0,0,0,0,0,0,0,0,0,0,0,0,0,0
R_2zuK3AFsNqFxtyo,,mají stejné názory víceméně něco mezi levicí a středem ,nepodporuje stejné hodnoty jako já ,0,0,0,0,0,0,0,0,0,0,0,0,0,0,0,0,0,0,0,0,0,0,0,0,0,0,0,0,0,0,0,0,0,0,0,0,0,0
R_2otitd9S4QR6x5U,STAN,"Nesledují dezinformační weby, mají schopnost kritického myšlení, umí si dát informaci do kontextu a hlavně nezapomínají, umí si vybavit, co kdo kdy v politice řekl nebo udělal.","Voliči ANO, SPD a komunistů. Slepě věří, co jim kdo namluví, sdělenou informaci si neověří nebo to ani nepovažují za nutné nebo to prostě neumí, nemají všeobecný rozhled. Mají nízké nebo žádné vzdělání, proto jsou snadno manipulovatelní. Sledují dezinformační weby, pokud mají přístup k internetu, věří propagandistickým narativům, v současnosti zejména ruským. Za pár korun jsou schopní politikovi odpustit cokoli nebo to alespoň nebrat v potaz, typickým příkladem je Andrej Babiš - před předposledními krajskými volbami dal důchodcům volební úplatek 5 tisíc korun a dodnes na něj důchodci nedají dopustit. Že je to lhář, za komunistů i práskač STB, dělá názorové otočky, to je nezajímá, ""Andrejko je dobrý, dal nám peníze"". To je děs, kam mohou někteří lidé klesnout.",0,0,0,0,0,0,0,0,0,0,0,0,0,0,0,0,0,0,0,0,0,0,0,0,0,0,0,0,0,1,1,0,0,1,1,0,0,0
R_2EnJ9SATBf5LANG,STAN,Naštěstí žiji v práci a mém okolí většinou s lidmi co svět vnímají podobně jako já. Jsou to lidi inteligentní s přehledem. Jen výjímečně se v něčem neshodneme. S takovými lidmi se nebojím probrat jakékoliv téma. Bavit se o minulosti. ,"Nemám ráda lidi co vzpomínají na dobu komunismu, jako na super dobu. Ano bylo to moje dětství tedy vzpomínám ráda, ale režim to byl strašný. Umírali lidé za politické názory. Lidi mají pocit, že se měli dobře, ale nic nebylo, nikam se nemohlo. Dnes je to lepší, jen jsou více vidět rozdíly mezi lidmi. Lidi závidí. Nejhorší je, že nikdo nebyl potrestán a naopak lidi co dříve škodili, se dostali do vedení velkých firem a mají se dnes stále dobře. ",0,0,0,0,0,0,0,0,0,0,0,0,0,0,0,0,0,0,0,0,0,0,0,0,0,0,0,0,0,0,0,0,0,1,0,0,0,0
R_2fvbRLPThBELyVj,ANO,Hledají odpovědi na svoje otázky všude. Ví že mnohá dnešní dezinformace se zítra stane pravdou.  Jsou přemýšliví,Lidé odtržení od reality života. Nechápou že se nic neděje náhodně a každou akci doprovází reakce. A mnozí ani chápat nechtějí.,0,0,0,0,0,0,0,0,0,0,1,0,0,0,0,0,1,0,0,0,0,0,0,0,0,0,0,0,0,0,0,0,0,0,0,0,0,0
R_8cSTmuWXGRG9xMW,ANO,"Jsem ráda,ale nemám ráda přílišné agresory. Myslím,že spousta toho se dá vyřešit pokojně ",Možná  mají i pravdu. Ti se teprve ukáže.  Nijak se proti nim nevymezuji ,0,0,0,0,0,0,0,0,0,0,0,0,0,0,0,0,0,0,0,0,0,0,0,0,0,0,0,0,0,0,0,0,0,0,0,0,0,0
R_84bIy1VxIIdJ5XD,ANO,"Lidé, kteří uznávají individuální snahu a úspěchy, avšak chápou i potřebu společenské solidarity. Zkrátka umí se o úspěchy podělit i s opravdu!! Potřebnými. ","Celkově úspěšní lidé i majetní, avšak bez jakéhokoliv sociálního cítění a empatie ",0,0,0,0,0,0,0,0,0,0,0,0,0,0,0,0,0,0,0,0,0,0,0,0,0,0,0,0,0,0,0,0,0,0,0,0,0,0
R_8O7xAZnOBrC8lQy,ANO,"Politika má sloužit lidem, poslanci by měli myslet na lidi a nové zákony nesmí rušit původní smlouvy ","Jsou agresivní, nemyslí na důchodce a rodiny s dětmi, ničí přírodu kvůli ziskům ",0,0,0,0,0,0,0,0,0,0,0,0,0,0,0,0,0,0,0,0,0,0,0,1,0,0,0,0,0,0,0,0,0,0,0,0,0,0
R_2E5lkUZTCLeEGST,Pirati,"Průměrně inteligentní, pracovití, úspěšní, finančně v dobré kondici","V životě neúspěšní, líní, finančně negramotní, neschopní se postarat sami o sebe",1,1,0,0,0,0,0,0,0,0,0,0,0,0,0,0,0,0,0,0,0,0,0,0,0,0,0,0,0,0,0,0,0,0,0,0,0,0
R_83CN2NWdQ5CFLvi,STAN,"Jsou to lidé, kteří jsou finančně gramotní, pracovití. Chápou, že nemůže být vše zadarmo a stát musí dělat šetřící opatření. Jsou to lidé, kteří nenaletí na populistické řeči, dokážou uvažovat v souvislostech a v diskuzi používají relevantní argumenty.","lidé většinou nižšího vzdělání nebo lidé, kteří jsou líní přemýšlet a rozhodovat sami za sebe. ",0,1,0,0,0,0,0,0,0,0,0,0,0,1,0,0,0,0,0,0,0,0,0,0,0,0,0,0,0,0,0,0,0,0,0,0,0,0
R_2mgXIwURAdkCNao,ANO,"nerozčilují se nad politikou, nestarají se o všechny problémy politiku, nehodnotí, jen občas něco přečtou, ale nekomentují to","Vzhledem k tomu, že já se o politiku zajímám minimálně, tak můj opak je každý který sleduje diskuse, čte noviny nebo se dívá na zprávy. Má přehled o politickém dění.",0,0,0,0,0,0,0,0,0,0,0,0,0,0,0,0,0,0,0,0,0,0,0,0,0,0,0,0,0,0,0,0,0,0,0,0,0,0
R_8Qm6t5seMVxaSgG,STAN,"Jsou to lidé,kteří se zajímají o dění v obci a nejen v obci ale celkově v našem státě ","Určitě si stojí za svým, prosazují svoje názory a dosti nereálné věci",0,0,0,0,0,0,0,0,0,0,0,0,0,0,0,0,0,0,0,0,0,0,0,0,0,0,0,0,0,0,0,0,0,0,0,0,0,0
R_2RjrPITFDBP9RVu,,"Lepší casy, rovnoprávnost mezi všemi ",Rovnoprávnost Mezi všemi lidmi ,0,0,0,0,0,0,0,0,0,0,0,0,0,0,0,0,0,0,0,0,0,0,0,0,0,0,0,0,0,0,0,0,0,0,0,0,0,0
R_2ikE3fX8JB2MISa,ANO,"Voliči ANO, průměrní lidéa průměrnými platy.","Ti, kteří mají nejvíce máslana hlavě a volí všechny ostatní strany kromě ANO či SPD. Měla by vládnout strana, která vyhraje a ne koalice, která se po volbách spojí a výtěznoustranu vyšachoje. To není fér.",1,0,0,0,0,0,0,0,0,0,0,0,0,0,1,0,0,0,0,0,0,0,0,0,0,0,0,0,0,0,0,0,0,1,1,1,0,0
R_8fJFxFdPp4duz6f,ANO,"Vzhledem tomu, že mají stejné smýšlení jako já, tak si myslím, že to s naší zemí myslí velice dobře a chtějí aby naše zem co nejvíce prosperovala.","Dá se to vyjádřit několika slovy vedou naší zem do úpadku.
",0,0,0,0,0,0,0,0,0,0,0,0,0,0,0,0,0,0,0,0,0,0,0,0,0,0,0,0,0,0,0,0,0,0,0,0,0,0
R_2I4bGskKsXBkee1,ODS,"Kdo nepracuje at nejí.Když vládne vláda,která je zvolená,tak si většina myslí,že vládne špatně a oni by vládli lépe.",Stále nespokojení se vším.Všemu věří co jedna paní povídala a podle toho se chovají.,0,0,0,0,0,0,0,0,0,0,0,0,0,0,0,0,1,0,0,0,0,0,0,0,0,0,0,0,0,0,0,0,0,0,0,0,0,0
R_2X4Ni1Ls3GONqMV,ANO,Vůbec nevím jak je popsat. ,"Jsou to idioti, vůbec nevím jestli to mysli vážně…",0,0,0,0,0,0,0,0,0,0,0,0,0,0,0,0,0,1,0,0,0,0,0,0,0,0,0,0,0,0,0,0,0,0,0,0,1,0
R_8JRyGwyNVwzPuYG,Other,"Lidé, kteří ostatní nejsou lhostejní.","Radikální, nemají sociální cítění.",0,0,0,0,0,0,0,0,0,0,0,0,0,0,0,0,0,0,0,0,0,0,0,0,0,0,0,0,0,0,0,0,0,0,0,0,0,0
R_2gLakN75JENxZbb,STAN,"Jsou to lidi inteligentní, vzdělaní, pracující.","Starší generace, ne příliš vzdělaných lidí.",0,1,0,0,0,0,0,0,0,0,0,0,0,0,0,0,0,0,0,0,0,0,0,0,0,0,0,0,0,0,0,0,0,0,0,0,0,0
R_62EMM8YpEJYz009,,"Podprůměrné příjmy, proevropští, nejsou rasisté","Úplatní, nespolečenští, bez empatie, rasističtí.",0,0,0,0,0,0,0,0,0,0,0,0,0,0,0,0,0,0,0,0,0,0,0,0,0,0,0,0,0,0,0,0,0,0,0,0,0,0
R_8Le7tljMr0s42dl,KSCM,Jsou mi příjemní a rozumní. Jsem pro mír a klid. Vztahy mezi občany na velice příjemném vztahu. Vzájemné pomoci a naslouchání.,"Nechápu je proč to dělají. Chtějí válku? Chtějí  se mít lépe než ti chudí? Proč chtějí NATO, EU a USA? Neznají dějiny? ",0,0,1,0,0,0,0,0,0,0,0,0,0,0,0,0,0,0,0,0,0,0,0,0,0,0,0,0,0,0,0,0,0,0,0,0,0,0
R_2OUOKO8UiQH8c0j,,"O politiku se nezajímají. Je uplně jedno kdo ve vládě bude protože je to všechno stejná banda. Neřeší věci které nemohou ovlivnit a jen se přizpůsobují změnám které nastanou.
","Lidé kteří řeší politiku jsou blázni. Tito lidé by měli pochopit že jsou věci které se nedají ovlivnit a měli by si přestat neustále stěžovat a měli by se snažit se starat sami o sebe než o okolí
",0,0,0,0,0,0,0,0,0,0,0,1,0,0,0,0,0,0,0,0,0,0,0,0,0,0,0,0,0,0,1,0,0,0,0,0,0,0
R_2qRZBi2nVj0A6xX,ANO,Jsou to lidé volící ANO a koalici STAČILO ,Jsou to voliči Stan a trojkoalice ,0,0,0,0,0,0,0,0,0,0,0,0,0,0,1,0,1,0,0,0,0,0,0,0,0,0,0,0,0,0,0,0,0,0,0,1,0,0
R_8gGWX7PnAAU39OR,SPD,Jsou to lidé podobného věku a nebo starší generace.,"Mladá generace a nebo lidé, kteří mají rozdílné názory na jiné věci.",0,0,0,0,0,0,0,0,0,0,0,0,0,0,0,0,0,0,0,0,0,0,0,0,0,0,0,0,0,0,0,0,0,0,0,0,0,0
R_2LJ8qv0fB8Hp1kd,ODS,"Těžko popisovat, volím přátelé, kteří souzní s mými názory.na ulici je nerozeznáte od jiných voličů 
",Bohužel většina těchto lidí má zafixovanou představu a není schopna kompromisů.,0,0,0,0,0,0,0,0,0,0,0,0,0,0,0,0,0,0,0,0,0,0,0,0,0,0,0,0,0,0,0,0,0,0,0,0,0,0
R_8KeYsA33skg15kX,Other,"Lidé, kteří chtějí žít po svém a za svoje. Chtějí, ať stát dá zákonné rámce a zajistí vymahatelnost práva a jinak ať se jim nesere do života. Chtějí minimální daně a nechtějí po státu žádné dotace nebo úlevy. Chtějí maximální smuvní volnost v právních vztazích. Chtějí mít možnost bránit sebe, své blízké a svůj majetek proti těm, kteří si ho neváží i proti zlovůli státu. ","Lidé, kteří si myslí, že stát má určovat co máme dělat, jak to dělat a co si myslet. Lidé, kteří věří, že hlavní funkcí státu je přerozdělování bohatství a regulace všech aspektů života. Lidé požadující po státu různé výhody, dotace, dávky, podpory a granty.",0,0,0,0,0,0,0,0,0,0,0,0,0,0,0,0,0,0,0,0,0,0,0,0,0,0,0,0,0,0,0,1,0,0,0,0,0,0
R_87ITnk21zND9AUF,KSCM,"Jsou to levicově konzervativní lidé, kteří jsou příznivě nakloněni i některým liberálním tématům.",Pro tyto lidi je charakteristická pravicová orientace a vysoká míra pokrytectví.,0,0,0,0,0,0,0,0,0,0,0,0,0,0,0,0,0,0,0,0,0,0,0,0,0,0,0,0,0,0,0,0,0,0,0,0,0,0
R_87N7HH797nzD9cJ,Pirati,"Mladí lidé většinou vzdělaní středoškolské s maturitou a výš, rodiče od malých dětí, kteří vědí, že se budou o sebe muset postarat sami v pozdějším věku ","Většinou jsou to lidé kteří mají jen základní vzdělání a jsou okolo 50 let a poté ještě lidé přes 70 let, kteří zažili jiný režim než já ",0,0,0,0,0,0,0,0,0,0,0,0,0,0,0,0,0,0,0,0,0,0,0,0,0,0,0,0,0,0,0,0,0,0,0,0,0,0
R_2GqAc4GWM4POoip,Other,"Máme stejné zkušenosti, většina lidí je blíže mé věkové kategorii, názory na některé politiky jsou podobné ","Jsou v jiné finanční situaci,jejich názory mi nejsou podle chuti, politické názory se velmi liší od mých, ",0,0,0,0,0,0,0,0,0,0,0,0,0,0,0,0,0,0,0,0,0,0,0,0,0,0,0,0,0,0,0,0,0,0,0,0,0,0
R_24TDvhYQdSPPJjH,STAN,"Střed, snížit sociální davky",Zelení a komunisticti,0,0,0,0,0,0,0,0,0,0,0,0,0,0,0,0,0,0,0,0,0,0,0,0,0,0,0,0,0,0,0,0,0,0,0,0,0,0
R_8m65EiRFpaWIJxv,ANO,"Lidí kteří dřou na vládu která radši podpoří Ukrajinskou válku místo toho, aby se starala o lidi který jim vydělávají na jejich pohodlí. Lidi kteří jsou už na pokraji svých sil jak psychických tak fyzických, co je ještě za podpasovku čeká. Žádné zlepšení, pořád jen horší a horší. Týká se to všech směrů. ","Jsou to lidi, který nepotřebují k životu peníze anebo jich mají tolik, že jim to je jedno, co se děje ve vládě.",0,0,0,0,0,0,0,0,0,0,0,0,0,0,0,0,0,0,0,0,0,0,0,0,0,0,0,0,0,0,0,0,0,0,0,0,0,0
R_8xy4BHH0XXLBGEY,ANO,Jsou nespokojený co se děje ,Lidé mimo realitu a neví co se děje ,0,0,0,0,0,0,0,0,0,0,0,0,0,0,0,0,0,0,0,0,0,0,0,0,0,0,0,0,0,0,0,0,0,0,0,0,0,0
R_8elzIpj5GpLQpl1,,stojí pevně nohama na zemi,jdou si za svým a neuznavají jiný názor než svůj,0,0,0,0,0,0,0,0,0,0,0,0,0,0,0,0,0,0,0,0,0,0,0,0,0,0,0,0,0,0,0,0,0,0,0,0,0,0
R_8EmnNSVk9kTjYzc,ANO,"Jsem tolerantní a každý má právo volit si koho chce,ne jak voliči  ODS, TOP a jim podobných, nevolíš nás , tak jsi blb, to je špatně!!!!!","Samozřejmě ne všichni, ale většina nepříjemní a zlí.",0,0,0,0,0,0,0,1,0,0,0,0,0,0,0,0,1,0,0,0,0,0,0,0,0,0,0,0,0,0,0,0,0,0,0,0,0,0
R_2Rwt4fo0TYWy0Uy,,"Jsou to lidé,kteří přemýšlí a nejsou odkázáni na mainstream.","Lidé, kteří věří všemu, co slyší v televizi a rádiu. ",0,0,0,0,0,0,0,0,0,0,0,0,0,0,0,0,0,0,0,0,0,0,0,0,0,0,0,0,0,0,0,0,0,0,0,0,0,0
R_8veJmyD9Z3rX1G1,ANO,"v pohodě, jsou vyrovnaní neagresivní a hlavně neútočí na jiné
","přehnaně sebevědomí, důležití, zbytečně arogantní",0,0,0,0,0,0,0,0,0,0,0,0,0,0,0,0,0,0,0,0,0,0,0,0,0,0,0,0,0,0,0,0,0,0,0,0,0,0
R_2dLypWMCnZKoD2V,ANO,Jsou to lidé zdravého úsudku toužící mít za poctivou práci poctivé ohodnocení.,"Každý se musí rozhodovat dle svého svědomí. Pokud nebudou lidé obelháváni sdělovacími prostředky, mnozí poznají skutečnou pracdu",0,0,0,0,0,0,0,0,0,0,0,0,0,0,0,0,0,0,0,0,0,0,0,0,0,0,0,0,0,0,0,0,0,0,0,0,0,0
R_2YNH7fwhYYLrMbf,ODS,"Sečtělí, vyslechnou si názory jiných, komunikativní, myslí vlastní hlavou.","Hádají se s vámi. Nutí vás přijmout názory, s kterými absolutně nesouhlasíte. Ničemu nerozumí, jen ví že je pravda, co jim řekla sousedka. Nesledují politické dění. ",0,0,0,0,0,0,0,0,0,0,0,0,0,0,0,0,0,0,0,0,0,0,0,0,0,0,0,0,0,0,0,0,0,0,0,0,0,0
R_23a8PCor3TXtckV,ODS,"lidé, co se starají o rodinu, jsou přátelští a pohodový, neřeší nesmysli a populisty a pragmaticky vidí do politiky","nízké iq a nechají se ovlivnit populisty, nedá se s nimi hovořit, ani jim nic vysvětlit",0,0,0,0,1,0,0,0,0,0,0,0,0,1,0,0,0,0,0,0,0,0,0,0,0,0,0,0,0,0,1,0,1,0,0,0,0,0
R_2I6MAJQICVkDYgo,ANO,O něco víc si s nimi dokáží popovídat.,"Nevím, každý má na politiku svůj vlastní názor a ten mu nevyvracím.",0,0,0,0,0,0,0,0,0,0,0,0,0,0,0,0,0,0,0,0,0,0,0,0,0,0,0,0,0,0,0,0,0,0,0,0,1,0
R_2WDqgk35N2Vjlw5,Other,"Používají svůj rozum, nedají se ovlivnit médii.",Ovlivnění lidé médii.,0,0,1,0,0,0,0,0,0,0,0,1,0,0,0,0,0,0,0,0,0,0,0,0,0,0,0,0,0,0,0,0,0,0,0,0,0,0
R_8GlQVrYclDr5pdv,ANO,"zajímají se o dění ve své zemi, chtějí žít v klidu, bezpečí, v zemi s křesťanskými hodnotami, bez progresivistických tlaků,","lidé, kteří chtěji zlikvidovat svými postoji a svými kroky tradiční nastavení křesťanské Evropy, tradiční uspořádání rodiny, lidé, kteří progresivisticky nutí většinu společnosti k potlačování tradičních hodnot (zelená energie za každou cenu, migrace za každou cenu, prosazování multikulturalismu, potlačování tradičního modelu rodiny",0,0,0,0,0,0,0,0,0,0,0,0,0,0,0,0,0,0,0,0,0,0,0,1,0,0,1,0,0,0,0,0,0,0,0,0,0,0
R_24E2pkVo2M69PtD,ODS,No tak takového bych rád potkal :D,"Každý je vyjímečný.
a informací které se na nás hrnou ze všech stran je velice jednoduché sejít na scestí....",0,0,0,0,0,0,0,0,0,0,0,0,0,0,0,0,0,0,0,0,0,0,0,0,0,0,0,0,0,0,0,0,0,0,0,0,0,0
R_2lucMgfRc8sNiDF,,"Zajímá je rodina a pohodlí, nemají strach, že nebudou mít příští měsíc na nájem. Snaží se volit vždy podle svého mínění a nejlepšího svědomí a podle debaty s předsedy stran, kteří nemusí vždy mluvit pravdu ","Popsala bych je tak, že samy ví, proč mají takový postoj a respektuji názory ostatních.",0,0,0,0,1,0,0,0,0,0,0,0,0,0,0,0,0,0,0,0,0,0,0,0,0,0,0,0,0,0,0,0,0,0,0,0,0,1
R_2qqe2WAR2oltguP,,"to fakt nevím, nevím, nevím","vážně tohle nevím, nevím",0,0,0,0,0,0,0,0,0,0,0,0,0,0,0,0,0,1,0,0,0,0,0,0,0,0,0,0,0,0,0,0,0,0,0,0,1,0
R_2Hhc7pHkXTcvCSZ,ANO,"Myslím si, že takových lidí jako jsem já je hodně, kteří nevychází s penězma","Každý člověk má svůj názor a jsou lidi, kteří se mnou souhlasí a pak jsou lidi, kteří se mnou nesouhlasí.",0,0,0,0,0,0,0,0,0,0,0,0,0,0,0,0,0,0,0,0,0,0,0,0,0,0,0,0,0,0,0,0,0,0,0,0,0,0
R_2H6NkaGXxONhzo5,,"Otevření, vnímající změny.","Jiný názor, preference. ",0,0,0,0,0,0,0,0,0,0,0,0,0,0,0,0,0,0,0,0,0,0,0,0,0,0,0,0,0,0,0,0,0,0,0,0,0,0
R_8CbkocEdTOnP86B,,"Milovníci zvířat, pohodáři, bezkonfliktní, ne příliš společenští, nebo vyhledávající podobně smýšlející lidi (skupiny). Ochotní pomoci, nepotřebují obdiv, ani hromady peněz, nemají rádi pomluvy, neohleduplnost, stěžování si a negativitu. Stačí jim mít kolem sebe laskavost a dobré lidi. ","Neohleduplní sobci myslící jen na sebe a svůj prospěch. Honící se za penězi a postavením, devastující vše živé kolem.",0,0,0,0,0,0,0,0,0,0,0,0,0,0,0,0,0,0,0,0,0,0,0,0,0,0,0,0,0,0,0,0,0,0,0,0,0,0
R_2wz7EzdKZX2tsSf,,"Jsou chápaví, slušní, rozumějí politice","Jsou neznalí, neumějí komunikovat s lidmi, mají své požadavky, nemluví pravdu",0,0,1,0,0,0,0,0,0,0,0,0,0,0,0,0,0,0,0,0,0,0,0,0,0,0,0,0,0,0,0,0,0,0,0,0,0,0
R_2P7VyDYBDcRgWWd,STAN,"nevim, prostě nevim rozumite mi","nevím, nechci nikoho popisovat ",0,0,1,0,0,0,0,0,0,0,0,0,0,0,0,0,0,0,0,0,0,0,0,0,0,0,0,0,0,0,0,0,0,0,0,0,1,0
R_2IRibRgj7qjK7N2,ANO,Nijak maji rozum na spravnem miste,Jsou to ponejvic lide s vysokymi prijmy anebo podnikatele,0,0,1,0,0,0,0,0,0,0,0,0,0,0,0,0,0,0,0,0,0,0,0,0,0,0,0,0,0,0,0,0,0,0,0,0,0,0
R_8FJ0hlEKOJTuGL7,ANO,"Volíme stranu ANO
Politika nás moc nezajímá ","Jsou pro odchod do důchodu v pozdějším věku
Volí stranu Pirátů ",0,0,0,0,0,0,0,0,0,0,0,0,0,0,1,0,0,0,0,0,0,0,0,0,0,0,0,0,0,0,0,0,0,0,0,0,0,0
R_2GxMfb8tPtnspKR,KSCM,jsou vzdělaný a vi co chteji,"Jsou hloupý, nevzdelany",0,0,0,0,0,0,0,0,0,0,0,0,0,0,0,0,0,0,0,0,0,0,0,0,0,0,0,1,0,0,0,0,0,0,0,0,0,0
R_2FxPoBQIevobcZT,ANO,"Úplně normální obyčejní lidé, kteří chtějí slušně žít ",Většinou jsou to zbohatlici a komedianti z divadel,0,0,0,1,0,0,0,0,0,0,0,0,0,0,0,0,0,0,0,0,0,0,0,0,0,0,0,0,0,0,0,0,0,0,0,0,0,0
R_8Yf9I8nk82jsNhk,,"Mají pochopení pro starší a chudší lidi, neschvalují zvyšování platů politiků v době, kdy jsou všude velké dluhy a není žádný jistota. Je hrozné, když nejsou léky, lékaři a zubaři dostupní pro všechny, ale jen ve velkých městech","Jsou sobečtí, záleží jim jen na jejich rodinách a jejich zisku, Vůbec neuvažují realisticky o živostních podmínkách ostatních",0,0,0,0,0,0,0,0,0,0,0,0,0,0,0,0,0,0,0,0,0,0,0,1,0,0,0,0,0,0,0,0,0,0,0,0,0,0
R_8zdyL7CH1d95qRD,ANO,"sympatičtí, rovní, upřímní, klidní","sympatozanti fláterníků, a TOP 09",0,0,0,0,0,0,0,0,0,0,0,0,0,0,0,0,0,0,0,0,0,0,0,0,0,0,0,0,0,0,0,0,0,0,0,0,0,0
R_83YQcIDp4wY0CnD,ANO,Úplně obyčejní lidé. Mít tu sociální jistotu a ne se pořád strachovat s čím novým ti nahoře přijdou a ztrpčovat život.,Neodsuzují lidi s jiným názorem ,0,0,0,0,0,0,0,0,0,0,0,0,0,0,0,0,0,0,0,0,0,0,0,0,0,0,0,0,0,0,0,0,0,0,0,0,0,0
R_2RqLvnF3oevbrs6,ANO,"Lidé, kteří si přejí, aby měli důstojný důchod a bylo o ně zdravotně postaráno.","Podnikatelé, kteří volí ODS",0,0,0,0,0,0,0,0,0,0,0,0,0,0,0,0,0,0,0,0,0,0,0,0,0,0,0,0,0,0,0,0,0,0,0,1,0,0
R_2q9lL1VEB5wcaJj,KSCM,Normální a nezmanipulování. ,Zmanipulování pokrytci. ,0,0,0,1,0,0,0,0,0,0,0,0,0,0,0,0,0,0,0,0,0,0,0,0,0,0,0,0,0,0,0,0,0,0,0,0,0,0
R_2jCIHwTsdRZx03d,ANO,tolerantní vůči jiným názorům,jsem tolerantní k odlišným pohledům na věc,0,0,0,0,0,0,0,0,0,0,0,0,0,0,0,0,0,0,0,0,0,0,0,0,0,0,0,0,0,0,0,0,0,0,0,0,0,0
R_80i5LEubEht2b9g,,Snaží se si o různých politických tématech získat co nejvíce informací. Jsou argumentačně zdatní a znají historii.,"Jsou to lidé jednoduchého myšlení, mají nižší vzdělání a nemají všeobecný přehled.",0,0,0,0,0,0,0,0,0,0,0,0,0,0,0,0,0,0,0,0,0,0,0,0,0,0,0,0,0,0,0,0,0,0,0,0,0,0
R_8sGd7yFiM9Jtwdz,ODS,Lidé s všeobecným rozhledem.,1) Mladý člověk se základním vzděláním. 2) Mladý člověk bez všeobecného rozhledu. 3) Starobní důchodce s nostalgií k socialismu.,0,0,0,0,0,0,0,0,0,0,0,0,0,0,0,0,0,0,0,0,0,0,0,0,0,0,0,0,0,0,0,0,0,0,0,0,0,0
R_2KT733stSYax3iY,ODS,"Jsou to zpravidla pravičáci, ateisté, většinou inteligentní, zelenou ideologii, gender apod. vnímají (velmi) kriticky. Ověřují si informace, obvykle nepodléhají konspiracím, vědí že Rusko je nepřítel.","SPD, ANO, KSČM - jedná se většinou o hlupáky, lidi kteří zpravidla neumí říct ani to, co jim vlastně vadí, podléhají různým konspiracím a ruské propagandě. Jelikož nedokáží popsat ani vlastní problémy, tak pochopitelně nemají ani žádná smysluplná řešení. Shodnou se maximálně na tom, že za komunistů bylo líp. Neověřují informace, opakují to co jim vyhovuje, jakýkoli jiný názor odmítají bez toho, že by to dokázali podložit argumenty. 

Piráti - často inteligentní lidé, kteří jsou nakažení progresivismem, genderismem, zelenou ideologií včetně GreenDealu. Všechny tyto ideologie podporují až fanaticky. Možná to myslí dobře, ale nevidí ze své bubliny a jejich snaha o cokoli často ve výsledku škodí. Občas mají dobrý nápad (digitalizace), ale realizace je obvykle tragická.

KDU - jsem ateista, křesťanství je podle mě přežitek, stejně jako všechna ostatní náboženství, takže volit je nikdy nebudu. Do polittiky to už dávno nepatří vůbec, takže stavět na tom stranu je podle měnesmysl. Ale na řešení velké části problémů se s nimi jsem schopný shodnout.",0,0,0,0,0,0,0,0,0,0,0,0,0,0,0,0,0,0,0,0,0,0,0,0,0,0,0,0,0,0,0,0,0,1,1,1,0,0
R_28Glqe2i9ZTPWUT,,stačí nebýti zcela tupý.. vnímají veškeré souvislosti minulosti,"člověk nižšího iq, či urputně tfvající na svém, nevidí vpravo vlevo",0,0,0,0,0,0,0,0,0,0,0,0,0,0,0,0,0,0,0,0,0,0,0,0,0,0,0,0,0,0,0,0,0,0,0,0,0,0
R_2woqC5rRkKO1F0l,ANO,Vadí jim zneužívání dávek,Náboženští a fanatičtí,0,0,0,0,0,0,0,0,0,0,0,0,0,0,0,0,0,0,0,0,0,0,0,0,0,0,0,0,0,0,0,0,0,0,0,0,0,0
R_8oL0XdlM1O7Doq9,STAN,Sdílíme většinou společné hodnoty a máme podobné názory na život.,"Často jsou to lidé, kteří mi jsou i sympatičtí. Pokud však začneme společně diskutovat o politických otázkách, tak se nedohodneme. Každý má právo na svůj názor, ale někdy je pro mne těžké jejich přijmout.",0,0,0,0,0,0,0,1,0,0,0,0,0,0,0,0,0,0,0,0,0,0,0,0,0,0,1,0,0,0,0,0,0,0,0,0,0,0
R_2SBrRIYE51BEOaJ,Other,Jsou to lidé voliči kteří jsou pro stabilitu téhle země i když nám už prakticky nic nepatří Vlast je vyrubaná štola v globálu tohle všechno spěje k velkému průseru a to není vůbec dobrý.,"Dravci teď a tady žijí co bude po nás ,nás nemusí trápit heslo utrhni všechno z dlouho dobého pohledu se plácáme ode zdi ke zdi nikam do předu se to neposouvá spíše naopak. Velký problém naší Vlasti je že stárneme nerodí se nový mladí a to je špatně.",0,0,0,0,0,0,0,0,0,0,0,0,0,0,0,0,0,0,0,0,0,0,0,0,0,0,0,0,0,0,0,0,0,0,0,0,0,0
R_2wauXU0IyOb8VLV,ANO,o politice se kromě rodiny s nikým nebavím,voliči současné koalice,0,0,0,0,1,0,0,0,0,0,0,0,0,0,0,0,0,0,0,0,0,0,0,0,0,0,0,0,0,0,0,0,0,0,0,1,0,0
R_20Hm35812IPtdQE,,"střední třída, alespoň vyučeni","žádné nebo minimální vzdělání, nízký příjem, večně něco kritizující, aniž by sami se zasloužili o zlepšení své situace a prostředí kolem sebe",1,0,0,0,0,0,0,0,0,0,0,0,0,0,0,0,0,0,0,0,0,0,0,0,0,0,0,0,0,0,0,0,0,0,0,0,0,0
R_2j78I8eDweD0IMh,STAN,"Jsou to lidi jako já z masa a kostí a rádi si nejdříve udělají svůj průzkum a nepodléhají hned kritice na nikoho, ale to neznamená že nemůžou být pak kritičtí ","Mají fanatický názor, neudělají si svůj průzkum, jsou tvrdohlaví, mající rádi diktát a tvrdý řád a věří že co je dobré pro ně je dobré nutně pro všechny bez rozdílu jejích jedinečnosti, potřebám a ATP.",0,0,0,0,0,0,0,0,0,0,0,0,0,0,0,0,0,0,0,0,0,0,0,0,0,0,0,0,0,0,0,0,0,0,0,0,0,0
R_8MtUxnekaSeZnkP,ANO,"
střízlivě uvažující, kteří jsou schopni reálného, pragmatického myšlení","většinou lidé, kteří vše, co bylo za minulého režimu je špatné a souhlasí se současnou politikou",0,0,0,0,0,0,0,0,0,0,0,0,0,0,0,0,0,0,0,0,0,0,0,0,0,0,0,0,0,0,0,0,0,0,0,0,0,0
R_8EsOzU19wFfOA8F,KSCM,"Hrdí Češi, vlastenci, kteří nemají dostatek času a odvahu nahlas nesouhlasit s tím, co se jim nelíbí, zaujímají názor, že existují pouze 2 pohlaví a kdokoli se cítí jako zvíře či jiná věc, má poruchu osobnosti. Lidé, kteří milují svou vlast a historii a chtějí řešit pouze důležité věci (mít kde bydlet a vydělat si na to, mít pevné zdraví, svobodu), odmítají nesmyslná očkování a podsouvání strachu z budoucnosti, vtloukání nesmyslů dětem. Naopak je třeba děti chránit před přílišnou digitalizací a ovlivňování přes internet, více děti zapojit do činností venku, zocelovat je...","Možná stejní lidé, akorát s opačným názorem",0,0,0,0,1,1,0,0,0,0,0,0,0,0,0,0,0,0,0,0,0,0,0,0,0,0,0,0,0,0,0,0,0,0,0,0,0,0
R_2prQPW9ztPu6SRe,ODS,"Jsou otevření, přátelští a dokáží se postarat sami o sebe",Sami do sebe uzavření a za jejich problémy vždyck ymůže někdo jiný,0,0,0,0,0,0,0,0,0,0,0,0,0,0,0,0,0,0,0,0,0,0,0,0,0,0,0,0,0,0,0,0,0,0,0,0,0,0
R_25HfR6YpVFRrACy,KSCM,"Jsou to stejní lidé jako já, nebo ti co mají jiné politické myšlení, nejsou jiní že by to byli jen blondaci, nebo jen instalatéři, a dělání takových rozdílu ve společnosti kvůli politické u vyznání ničemu neprospívá. ","A proč by se měli v čem lišit, nebo i kdyby se lisili, není to přece důvod pro to, aby sme si nadavali, svoboda vyznání, cítění. Mám spoustu známých kteří vidí politiku jinak. ",0,0,0,0,0,0,0,1,0,0,0,0,0,0,0,0,0,0,0,0,0,0,0,0,1,0,0,0,0,0,0,0,0,0,0,0,0,0
R_2jR2QkqAapuNnep,KSCM,"Prosím vás, co je to za otázky? Copak člověk je zlý nebo hodný? Copak politika je o tom buď se mnou někdo se vším souhlasí, nebo ne, a v takovém případě jej odsoudím? Není to spíš tak, že se musí člověk pochopit? Jak můžu chtít po člověku, který vyrůstal v dnešní době a v zámožné rodině, aby na první dobrou volil nás komunisty? Každá doba, každý režim přesvědčuje lidi. I tato. I mé děti se učí ve škole, jak byli komunisti zlí. Hlavně že dnes se bojím jít večer v centru města, vyhraje ten s lepším právníkem a na ulici se válí bezdomovci, kteří jsou zdrojem pěkné podívané a bacilů. Copak člověka, který je takto naučený, mám odsoudit za to, že nás nevolí? On za to nemůže, byl tak vychovaný. Nikoho neodsuzuju za jeho názor. Vadí mi jen to, když se někdo vzdálí od reálného života a začne plodit ""blbé"" zákony. Zkuste si připravit reálnější dotazník, asi ne obsáhlý, protože politika a věci kolem toho zasluhují hlubší debatu, rád se zúčastním. Věci nejsou černobílé.",Už jsem popsal. Už jsem popsal.,0,0,0,0,1,0,0,0,0,0,0,0,0,0,0,0,1,0,0,0,0,0,0,0,0,0,0,0,0,0,0,0,0,0,0,0,0,0
R_21BOZ7KPOnQSWFJ,KSCM,Vadí jim prolhanost dnešní politické garnitury a jejich pohrdáním normálním pracujícím člověkem v naší vlasti. Každá vláda by měla v první řadě chránit a podporovat své občany a teprve potom ostatní. ,Je jim přednější vlastní prospěch a zisk než prosperita naší vlasti.,0,1,0,1,0,0,0,0,0,0,0,0,0,0,0,0,1,0,0,0,0,0,0,0,0,0,0,0,0,0,0,0,0,0,0,0,0,0
R_2ATFOpB6GSv4mPe,ANO,"nevím, nic mě nenapadá, takže těžko říct.",adfaf a aa argagasgf ar ar adf arhg ad gar gahg arehadfhb ah a agag,0,0,0,0,0,0,0,0,0,0,0,0,0,0,0,0,0,1,0,0,0,0,0,0,0,0,0,0,0,0,0,0,0,0,0,0,0,0
R_2BW8UbAftS8A289,SPD,obyčejný člověk který celý život pracoval a moc z toho zatím nemá,lidé kteří ještě pořádné nic nezažily a neudělali pro tuto zem,0,0,0,1,0,0,0,0,0,0,0,0,0,0,0,0,0,0,0,0,0,0,0,0,0,0,0,0,0,0,0,0,0,0,0,0,0,0
R_8txSNtff2BNk7aV,ANO,"jsou mi sympatiční,schodní v názorech",rozdíl názorů na ekonomiku,0,0,0,0,0,0,0,0,0,0,0,0,0,0,0,0,0,0,0,0,0,0,0,0,0,0,0,0,0,0,0,0,0,0,0,0,0,0
R_82gmiibaWTdLjQh,TOP09,Nezajímám se o politiku do podrobna,Nesoudím lidi a respektuji názory ostatních ,0,0,0,0,0,0,0,0,0,0,0,0,0,0,0,0,0,0,0,0,0,0,0,0,0,0,0,0,0,0,0,0,0,0,0,0,0,1
R_84kkOifIJCRI39G,ANO,"Nemám o takových lidech představu. Snad jen to, že nesouhlasí s aktuální vládou v Česku ","Obecně toleruji politické názory jiných lidí neboť žijeme v demokratické společnosti. Ačkoli existují lidé, kteří jsou schopni být velmi nevraživí vůči člověku s odlišným politickým názorem ",0,0,0,0,0,0,0,0,0,0,0,0,0,0,0,0,0,0,0,0,0,0,0,0,0,0,1,0,0,0,0,0,0,0,0,0,0,0
R_2xxZckJRsuLVCeG,,"Nerozumím tomu. Množství politických stran a veškeré jejich smýšlení... Ztrácím se v tom. Proto raději nevolím a nehledám informace, jelikož bych u toho ztratila spoustu času a stejně nic pořádně nevěděla.
Nezajímá mě moc toto téma. ","Mají přehled v politice. Ví kdo jaký je i v jaké politické straně. Zajímá se o toto téma a kdykoliv se cokoliv zmíní, hned vědí o co jde. ",0,0,0,0,0,0,0,0,0,0,0,0,0,0,0,0,0,0,0,0,0,0,0,0,0,0,0,0,0,0,0,0,0,0,0,0,0,0
R_8IhIJyZbEY7sXGk,,"nemám na ně specifický názor, jelikož sama na politiku nemám jasný nazor.","pokud maji svůj oduvodneny duvod, je to snesitelnejsi, než když jen nejsou přizpůsobivi dnešnímu svetu",0,0,0,0,0,0,0,0,0,0,0,0,0,0,0,0,0,0,0,0,0,0,0,0,0,0,0,0,0,0,0,0,0,0,0,0,0,0
R_2L26L9ndcHMLsYs,,"Levicové zaměřený, lidi střední a nižší vrstvy","Lidi pravicové zaměřený, např. Bohatí podnikatele





",1,0,0,0,0,0,0,0,0,0,0,0,0,0,0,0,0,0,0,0,0,0,0,0,0,0,0,0,0,0,0,1,0,0,0,0,0,0
R_2PBwOC2QdSR8gPC,Other,"rozumní , sečtělí,znalí, mající přehled","mrzouti,,nic se jim nelíbí, na všechno nadávají",0,0,1,0,0,0,0,0,0,0,0,0,0,0,0,0,0,0,0,0,0,0,0,0,0,0,0,0,0,0,0,0,0,0,0,0,0,0
R_26lsQI6szgqbbmz,ANO,"vstřícní,ochotnáí k diskusi,","arogantní,nepríjímají kritiku jejich strany a nejsou ochotní ke kompromisům",0,0,0,0,0,0,0,0,0,0,0,0,0,0,0,0,0,0,0,0,0,0,0,0,0,0,0,0,0,0,0,0,0,0,0,0,0,0
R_2iXrMOeUeuaTswC,KSCM,"Lidé nižší střední třídy,dělníci,prodavačky,nezaměstnaní.","Velcí podnikatelé,zbohatlíci.",1,0,0,0,0,0,0,0,0,0,0,0,0,0,0,0,0,0,0,0,0,0,0,0,0,0,0,0,0,0,0,0,0,0,0,0,0,0
R_8Mu4TTCNyhUbPMT,ANO,"Lidé smýšlející jako já jsou pracovití, citliví, mají smysl pro spravedlnost. Chtějí žít a pracovat v míru a za práci být patřičně odměňování. Nesnášejí lež a podrazy.","Odlišný názor neznamená, že je úplně nesprávný. Je třeba předkládat důkazy různých odborníků , porovnávat a snažit se neustále o nějaký kompromis tak, aby výsledek byl pro obě strany přijatelný. ",0,1,0,0,0,0,0,0,0,0,1,0,0,0,0,0,0,0,0,0,0,0,0,0,0,0,0,0,0,0,0,0,0,0,0,0,0,0
R_2Lp75Q5hN4C9ZNL,ANO,"mají zájem o zlepšení ekonomické situace, drží slovo",zájmy soustředěné jen na sebe,0,0,0,0,0,0,0,0,0,0,0,0,0,0,0,0,0,0,0,0,0,0,0,0,0,0,0,0,0,0,0,0,0,0,0,0,0,0
R_2QSYfqIQpy5Bqcp,ANO,Nebudu nikoho popisovat je mi úplně jedno jaký má politický názor Toto je velmi hloupá otázka Je to každého osobní svobodná volba  tak nemám proč je tak či tak popisovat Já volím sám za sebe podle svého nejlepšího svědomí Proto si myslím že toto je velmi osobní A já nevím o nikom koho by zajímal můj postoj k jednotlivým stranám či hnutím Kdy by se mne na to kdokoliv ptal poslalbych ho kam si,Mě je úplně jedno kdo koho volí je to každého osobní svobodná volba a nezajímám se lidi kdo jak volí Tak že nebudu nikoho popisovat ani nijak podrobněji se o nich rozepisovat Ani moji známí a kamarádi mě nezajímají jaký mají názor na dění v politickém spektru Tak že z mého hlediska velmi hloupá otázka ,0,0,0,0,0,1,0,0,0,0,0,0,0,0,0,0,0,1,0,0,0,0,0,0,1,0,0,0,0,0,0,0,0,0,0,0,0,0
R_2MHZvwkL90GPOx3,STAN,"Po změně režimu především okamžitě jsme vycestovali na západ, podívat sem jak bychom mohli žít. Už to, spojené s nabytím osobní svobody každého z nás, nás naplnilo a stále naplňuje. Postupem času jsme samozřejmě poznali, že nic není jednoduché a že budeme muset stále za tyto vymoženosti bojovat. Není to jednoduché.","Především starší lidé, kteří část života prožili v minulém režimu, po revoluci zůstali stále sedět na stejné židli,  očekávají, že se o ně stát postará, nepotřebují nebo nechtějí pro sebe něco udělat, není pro ně dúležitá osobní svoboda, volnost svobodného cestování a podnikání a myslí si, že pro to nemusí nic udělat. Snadno tak naslouchají všem možným populistům.",0,0,0,0,0,1,0,0,0,0,0,0,0,0,0,0,0,0,0,0,0,0,0,0,1,0,0,0,0,0,0,0,1,0,0,0,0,0
R_2IIndce8AMe7UgF,ANO,také nevím jak bych je popsal,nevím jak bych je mohl popsat,0,0,0,0,0,0,0,0,0,0,0,0,0,0,0,0,0,1,0,0,0,0,0,0,0,0,0,0,0,0,0,0,0,0,0,0,1,0
R_8QmmKsSFG4b9Lan,,"jsem za takové lidi rád,ale respektuji názor každého člověka","patřím mezi lidi,kteří respektují jiný názor,tudíž nebudu odpovídat",0,0,0,0,0,0,0,0,0,0,0,0,0,0,0,0,0,0,1,0,0,0,0,0,0,0,0,0,0,0,0,0,0,0,0,0,0,1
R_8o8cfAlqXu5sjL9,ODS,"Ráda s nimi debatuju, je to zábavné ",Respektuju každého názor ,0,0,0,0,0,0,0,0,0,0,0,0,0,0,0,0,0,0,0,0,0,0,0,0,0,0,0,0,0,0,0,0,0,0,0,0,0,1
R_8algjiGODmZGmA1,SPD,"Mají přehled,které strany dělají vše pro lidi ",Jdou úplně jinou politickou cestou než já,0,0,0,0,0,0,0,0,0,0,0,0,0,0,0,0,0,0,0,0,0,0,0,0,0,0,0,0,0,0,0,0,0,0,0,0,0,0
R_8P1QHXdtfS073jw,ANO,"Takových lidí je moc málo. Většinou se to otočí v hádky. Lidi dnes vůbec neumí komunikovat, ale nemají ani vzory. Vláda se nahoře jen hádá, jsou vůči sobě vulgární, tak se není čemu divit.","Každý člověk má právo na svůj názor. Osobně respektuji i lidi s jiným politickým náhledem. Jsem pro rozumnou výměnu názorů, ale nemám ráda hádky.",0,0,0,0,0,0,0,0,0,0,0,0,0,0,0,0,1,0,0,0,0,1,0,0,0,0,0,0,0,0,0,0,0,0,0,0,0,1
R_2pXFaAPDQKfKMoS,ODS,"Svobodomyslní, přemýšliví, tolerantní, uměření (konzervativní, ale ne zaprděnci).","Omezenci (ne nutně hloupí, ale lidé bez zájmu a rozhledu). Zapšklí, nenávistní. Nárokoví, netolerantní. Věční stěžovatelé, kteří ale sami nikdy nic neudělají a jen kritizují.",0,0,0,0,0,1,0,0,0,0,0,0,0,0,0,0,0,0,0,0,0,0,0,0,0,0,0,0,0,0,0,0,0,0,0,0,0,0
R_20UkKr2jfqtY5xt,Pirati,"Spravedlivý, podporují EU, podporující gay komunitu, proti populismu, proti korupci","Homofobní, netolerantní, proruští, oligarchové, nepodporující EU",0,0,0,0,0,0,0,0,0,0,0,0,0,0,0,0,0,0,0,0,0,0,0,0,0,0,0,0,0,0,0,0,0,0,0,0,0,0
R_8382W3bmiL2mC77,Pirati,"Pohodoví lidé, kteří mají smysl.pro humor a dokáží žít s nadhledem. Milují svobodu a respektují svobodu druhých ","Obvykle to jsou lidé, kteří mají v životě problémy, většinou svojí vlastní vinou či neschopností. Nedokáží být zodpovědní sami za sebe a rádi háží vinu na všechny kolem.",0,0,0,0,0,1,0,0,0,0,0,0,0,0,0,0,0,0,1,0,0,0,0,0,0,1,0,0,0,0,0,0,0,0,0,0,0,0
R_2SivC4kR5hEH1gN,ANO,"Jsou to lidé kteří přemýšlejí hlavou, nelžou a chápou, že musí udělat vše proto, aby naše děti mohli žít v dobrém státě.",Tito lidé bud nepřemýšlí a nebo vůbec nechápou situaci která nyní je. Jak můžou volit strany jako je KDU-Čls jako ODS a jim podobní. Vždyť lidé z těchto stran nám akorát lžou.,0,0,0,0,1,0,0,0,0,0,0,0,0,0,0,0,0,0,0,0,0,0,0,0,0,0,0,0,0,0,0,0,0,0,0,1,0,0
R_2dQPPK6WKDVxM6R,Other,"Mají dobré vzdělání,dokáží zvážit pro i proti, dosti sledují politiku a co se děje doma i ve světě.","Je to jejich právo, ale jsem přesvědčen, že jsou buď hloupí, rádi zapomínají na historii, a nebo to jsou vyčuránci, co jdou pouze za vlastní karierou.",0,0,0,0,0,0,0,0,0,0,0,0,0,0,0,0,0,0,0,0,0,0,0,0,0,0,0,0,0,0,0,0,0,0,0,0,0,0
R_2f9i7YGFhsjMOKh,ANO,"seriózní se smyslem pro spravedlnost,
odhodlání pomáhat všem","po penězích, třeba i nepoctivě získaných toužící,
myslící jen sami na sebe",0,0,0,0,0,0,0,0,0,0,0,0,0,0,0,0,0,0,0,0,0,0,0,0,0,0,0,0,0,0,0,0,0,0,0,0,0,0
R_8oMD85HxBnEBuUF,ODS,"jsou to lidi, kteří myslí na budoucnost našich dětí, na to aby se i oni měli jednou v naší zemi dobře, nemyslí jen na to, aby se oni teď měli dobře","nemám rád lidi, kteří si myslí, že se stát musí o ně postarat za každou cenu
ty, kteří  myslí jen na současnost, aby se měli dobře, ale nemyslí na naše potomky, jak ti budou tady v budoucnu žít",0,0,0,0,0,0,0,0,0,0,0,0,0,0,0,0,0,0,0,0,0,0,0,0,0,0,0,0,0,0,0,0,0,0,0,0,0,0
R_8oqNQG4DEk8t2c9,ODS,"Podle mě, alespoň trochu přemýšlí a nepapouškují každou kravinu. Něco si ověřují, jestli to tak opravdu je a neodsuzují  všechno hned","Nemají ekonomické myšlení, většinou to jsou státní zaměstnanci v mém okruhu ,,školství,, Vůbec jim nedochází, že se na něco musí nejdříve vydělat a že se provoz něčeho musí rentovat.  Nepřemýšlejí, jestli to co říkají, není velký blábol, nepřesvědčí se jinde a papouškují to co slyšeli.  Všechno je špatně  a drahý, když uvedu opačný příklad buďto ,,no jo,,a nebo mlčí,,  Pozná se, kdo co čte jaké sociální sítě, zprávy atd.. viz očkování covid
chřipka, letadla shazující nebezpečné látky....  ",0,0,0,0,0,0,0,0,0,0,0,0,0,0,0,0,0,0,0,0,0,0,0,0,0,0,0,0,0,0,0,0,0,0,0,0,0,0
R_8SeLN0Y9Rqbbwsw,KSCM,"jsem ráda, když mohu pohovořit s člověkem příbuzného názoru.","s těmito lidmi raději nemluvím, nechci se dohadovat",0,0,0,0,0,0,0,0,0,0,0,0,0,0,0,0,0,0,0,0,0,0,0,0,0,0,0,0,0,0,0,0,0,0,0,0,0,0
R_2xISUcIr6pkTCSA,ANO,5454545454545478977645324163456546453543,12121121212212121121212121212,0,0,0,0,0,0,0,0,0,0,0,0,0,0,0,0,0,0,0,0,0,0,0,0,0,0,0,0,0,0,0,0,0,0,0,0,0,0
R_2ysmTpQGIToWnab,ODS,"Lidé kteří se podílí na zlepšení nejen svého okolí, dávají podněty k lepším cílům, mysli i do budoucna, své názory konzultují s přáteli, umí přijmout lepší názor, jsou prospešní společnosti, nejde jim jen o peníze a jsou rádi kdy jejich podnět pomůže k rozvoji a lepšímu.","Lidé kterým jde jen o sebe, dobrou funkci, prospěcháři, svůj zisk, peníze, nezabýaji se politikou aktivně, jsou pasivní, nemyslí na zlepšení společnosti, podléhající náladám a slibům, věří nepodloženým zprávám, nejsou ochotni k diskuzi, prospěcháři.",0,0,0,0,0,0,0,1,0,0,0,0,0,0,0,0,0,0,0,0,0,0,0,0,0,0,1,0,0,0,0,0,0,0,0,0,0,0
R_2daYODSArcCPFPg,SPD,"Vzdělání lide , kteří mají přehled o historii",Lidi kteří nepřemýšlí a jsou zpracovány medii,0,0,0,0,0,0,0,0,0,0,0,0,0,0,0,0,0,0,0,0,0,0,0,0,0,0,0,0,0,0,0,0,0,0,0,0,0,0
R_8KMB9kwXzwWPbgS,SPD,Mají právo na názor a jsou v obraze,Každý člověk má právo na sv§j názor,0,0,0,0,0,0,0,0,0,0,0,0,0,0,0,0,0,0,1,0,0,0,0,0,0,0,0,0,0,0,0,0,0,0,0,0,0,0
R_2riKZW33kfFYH2p,KSCM,"Jednoznačně pochopili to svinstvo, které sem zanesla ODS A JEJÍ ODNOŽ top",Zblblíci podlehli kaputalismu,0,0,0,0,0,0,0,0,0,0,0,0,0,0,0,0,1,0,0,0,0,0,0,0,0,0,0,0,0,0,0,0,0,0,0,0,0,0
R_2HMmVtv7Izri94K,ANO,"Důvěrohodní, nekradou a nelžou","Jsou lháři, všechno malá domů. Odklánějí svěřené poplatky a neplní sliby. Nic nevytvářejí, jenom berou ze státního.",0,0,0,0,0,0,0,0,0,0,0,0,0,0,0,0,0,0,0,0,0,0,0,0,0,0,0,0,0,1,0,0,0,0,0,0,0,0
R_8pu0AkUdUQRZGQb,ANO," 
jsou to normální lidé, nejsou hloupější ani horší
","jsou to většinou lidé jako já, jen mají jiný názor a pokud  mi ho nevnucují, tak mi nevadí",0,0,0,1,0,0,0,0,0,0,0,0,0,0,0,0,0,0,0,0,0,0,0,0,0,0,0,0,0,0,0,0,0,0,0,0,0,0
R_2Yyx6EfWso1FUT4,TOP09,Nevím ale myslím že je dobra,Nevim ale mušlí že že nedobra,0,0,0,0,0,0,0,0,0,0,0,0,0,0,0,0,0,1,0,0,0,0,0,0,0,0,0,0,0,0,0,0,0,0,0,0,0,0
R_8fCWCSXuPptYep7,SPD,"Zodpovědní sami za sebe, vážící si svobody, spíše konzervativní ","Liberálové, kteří uznávají všechny odlišnosti, nebo naopak ti, co se o sebe neumí postarat ",0,0,0,0,0,1,1,0,0,0,0,0,0,0,0,0,0,0,0,0,0,0,0,0,0,0,0,0,0,0,0,0,0,0,0,0,0,0
R_8OTqxY6ulYFYvjb,ANO,"Není jim jedno, co se děje v České republice a ve světě, chodí volit, jsou emapatičtí vůči znevýhodněným sociálním vstvám.","Je jim jedno, kdo vyhraje ve volbách a přitom pořád něco kritizují a volit nechodí.",0,0,0,0,0,0,0,0,0,0,0,0,0,0,0,0,0,0,0,0,0,0,0,0,0,0,0,0,0,0,0,0,0,0,0,0,0,0
R_8W9PAFQc2vKkHct,ANO,"Jsou to lidé, kteří mají paměť v pořádku a mají reálné a ne fanatické uvažování. ","Jsou to lidé, kteří už tu toho průkazně ekonomicky zdevastovali víc, než bylo zdrávo. Navíc se těmto lidem nedá věřit, protože jen slibují před volbami a po volbách pak zneužívají ty co je volili. Jejich sliby se rovnají zázrakům, které se nedějí. Po volbách jsou jim voliči ukradení. ",0,0,0,0,0,0,0,0,0,0,0,0,0,0,0,0,0,0,0,0,0,0,0,0,0,0,0,0,0,0,0,0,0,0,0,0,0,0
R_8HO1clm7nDOQwTy,ANO,"Mám ráda, když nám politici nelžou a chovají se lidsky. Jezdí veřejnou dopravou a jsou stejní jako my a nepovyšují se nad nás.",Lidé chovající se povýšeně a jen se vrací zpátky do minulosti. Připomínají chyby druhých a ne ty vlastní.,0,0,0,0,0,0,0,0,0,0,0,0,0,0,0,0,0,0,0,0,0,0,0,0,0,0,0,0,0,0,0,0,0,0,0,0,0,0
R_22PsTqWxhkBkct9,ANO,"jsou naštvaní na politiky , kam jsme to s nimi dopracovali",já se s lidmi kteří mají jiné politické názory nestýkám a proto nevím co bych o nich napsala,0,0,0,0,0,0,0,0,0,0,0,0,0,0,0,0,0,0,0,0,0,0,0,0,0,0,0,0,0,0,0,0,0,0,0,0,1,0
R_2g7TGt9EK9BlRJi,ANO,Jsou podobného názoru a smýšlení jako já a vyznávají stejné hodnoty,"Mají prostě jiný názor, na to má každý právo a já to akceptuji.",0,0,0,0,0,0,0,0,0,0,0,0,0,0,0,0,0,0,0,0,0,0,0,0,0,0,0,0,0,0,0,0,0,0,0,0,0,1
R_8BUepdqVyVqEA7f,Other,"Jsou to lidé se svým názorem. Nemusíme politiku vnímat stejně, ale dokážeme o ní diskutovat. Samozřejmostí je, že se navzájem neurážíme a nenálepkujeme za odlišné postoje k různým problémům.","Většinou jsou to lidé se ""stádním"" názorem. Když je společensky nepřijatelné podporovat jeden názor, tak ten názor haní. Pokud se situace změní, mění se i jejich názory. ",0,0,0,0,0,0,0,0,0,0,0,0,0,0,0,0,0,0,0,0,0,0,0,0,0,0,0,0,0,0,0,0,0,0,0,0,0,0
R_2ova8l3aWnwSSIx,STAN,"Člověk ze střední třídy, průměrné příjmy, dobré rodinné zázemí, celková spokojenost s vlastním životem.","S takovými lidmi se na toto téma raději nebavim. Chápu, že měli treba jiný život, vyrůstali v jiném prostředí než já, toleruji to.",1,0,0,0,1,0,0,0,0,0,0,0,0,0,0,0,0,0,0,0,0,0,0,0,0,0,0,0,0,0,0,0,0,0,0,0,0,0
R_8Nzz91vOEg7iX0x,,--------------------------------------------,--------------------------------------,0,0,0,0,0,0,0,0,0,0,0,0,0,0,0,0,0,0,0,0,0,0,0,0,0,0,0,0,0,0,0,0,0,0,0,0,0,0
R_2oSgVl7jUyRQsHQ,ODS,"jsou to normální lidi, ketří nesledují zprávy",fanatici zabedněnci a nemající vlastní rozum,0,0,0,1,0,0,0,0,0,0,0,0,0,0,0,0,0,0,0,0,0,1,0,0,0,0,0,0,0,0,0,0,0,0,0,0,0,0
R_2B3vSFzl4LHhXbP,,nezajímají se a nechtějí nic řešit,nemají rádí politiku a nebo se nezajímají,0,0,0,0,0,0,0,0,0,0,0,0,0,0,0,0,0,0,0,0,0,0,0,0,0,0,0,0,0,0,0,0,0,0,0,0,0,0
R_264wFnRI7dCZDCF,Other,Pravděpodobně stejná odpověď jako v otázce předtím. ,"100 lidí, 100 chutí. Nelze odsuzovat lidi jen kvůli odlišným názorům. ",0,0,0,0,0,0,0,0,0,0,0,0,0,0,0,0,0,0,0,0,0,0,0,0,0,0,0,0,0,0,0,0,0,0,0,1,0,0
R_2dZnCzNXdTPzNyu,,Liberální se demokratickými hodnotami a vyznáváním dobrých českých tradic - musím se postarat především sám o sebe a nespoléhat na jiné.,"zarytí komunisté, nebo zkorumpování politici",0,0,0,0,0,0,0,0,0,0,0,0,0,0,0,0,0,0,0,0,0,0,0,0,0,0,0,0,0,0,0,0,0,0,0,0,0,0
R_8q9UedPW3HxurBj,ANO,"Ráda si s nimi povídám o všech událostech,  nejen o politice ",Každý máme svůj názor na politiku a společnost ve které teď žijeme. Ale s názory některých lidí nemůžu souhlasit. ,0,0,0,0,0,0,0,0,0,0,0,0,0,0,0,0,0,0,0,0,0,0,0,0,0,0,1,0,0,0,0,0,0,0,0,0,0,0
R_2PBgAL6Jsbgc1h3,ANO,"Tito lidé si stojí za svým přesvědčením, nehledí pouze na sebe a chtějí dobrou společnost a tím i slušný život pro život současný, ale i budoucí!!!","Lidi, kteří myslí pouze na svoje výhody, dobrý život a nemají pochopení i pro ostatní, kteří nemají dobré podmínky pro život.",0,0,0,0,0,0,0,1,0,0,0,0,0,0,0,0,0,0,0,0,0,0,0,0,0,0,0,0,0,0,0,0,0,0,0,0,0,0
R_2QrOAeIghZgSB5a,Other,"Lidi co nechteji zadnou valku,zalezi jim na prirode,jsou si vedomi,ze penize si do hrobu nevezmou,chteji klid,zdravi a par pratel.","Je mi jich trochu lito,protoze stejne jednou dojdou k nazoru,ze zdravi si za penize nekoupis a bude jim chybet klid a radost z malickosti a z kazdeho noveho dne.",0,0,0,0,0,0,0,0,0,0,0,0,0,0,0,0,0,0,0,0,0,0,0,0,0,0,0,0,0,0,0,0,0,0,0,0,0,0
R_8wNAWk9W8O4d2RB,ANO,"mají sociální cítění, pečují o slabší jedince ","jsou nedůtkliví, neuznávájí autority a jsou schopni kazit náladu v kolektivu",0,0,0,0,0,0,0,0,0,0,0,0,0,0,0,0,0,0,0,0,0,0,0,0,0,0,0,0,0,0,0,0,0,0,0,0,0,0
R_84C9BzJxDLOuffz,ANO,"Lidé kteří nemají rádi korupci, lži, sobeckost a vyžírky","Neodsuzuji, každý má nárok na svůj názor.",0,0,0,0,0,0,0,0,0,1,0,0,0,0,0,0,0,0,0,0,0,0,0,0,0,0,0,0,0,0,0,0,0,0,0,0,0,0
R_216yaXpehf7bois,,"politiku by měli provozovat lidé, kteří už něco dokázali a už nepotřebují hrabat a krást, tato profese by měla být brána jako čestná činnost za minimální mzdu a ne aby ji dělala prasata na krmníku",zloději a korupčníci,0,0,0,0,0,0,0,0,0,0,0,0,0,0,0,0,0,0,0,0,0,0,0,0,0,0,0,0,0,0,0,0,0,0,0,0,0,0
R_8DRGMibAR5hfhBv,STAN,"jsou svobodomyslní a nezávislí, mají jasný názor ba věc a nebojí se ho prjevit","mají pocit, že před revolucí to bylo lepší, nebo mají výrazný pocit, že dnešní politika je super",0,0,0,0,0,1,0,0,0,0,0,0,0,0,0,0,0,0,0,0,0,0,0,0,0,0,0,0,0,0,0,0,0,0,0,0,0,0
R_8SlaEXJyNPb1lU5,SPD,Musi makat a myslit na svou rodinu,Musi hlavne myslit na svou rodinu,0,0,0,0,1,0,0,0,0,0,0,0,0,0,0,0,0,0,0,0,0,0,0,1,0,0,0,0,0,0,0,0,0,0,0,0,0,0
R_2SkNvYaNJvdCECt,ANO,"lidé,kteří chtěji rovnost pro všechny občany,nižší náklady na bydlení,energie,levnější potraviny,odejít do důchodu v nižším věku,zdravotnictví pro všechny stejné","lidé,kteří by se nejraději vrátili do komunismu",0,0,0,0,0,0,0,0,0,0,0,0,0,0,0,0,0,0,0,0,0,0,0,0,0,0,0,0,0,0,0,0,0,0,0,0,0,0
R_2wRaVyvQmeTHp1n,Other,"1. Podporuje suverenitu a nezávislost své vlasti
2. Chce vystoupit z EU A NATO
3.Je proti agendě LGBT, rodina je otec a matka. Neexistuje více pohlaví než 2.
4. Je proti cenzuře, omezování svobody  a žádá možnost vyjadřování svého názoru na všech platformách slušným způsobem bez ktiminalizace
5. Je pro mír na celém světě bez rozdílu a proti agendě vývozu tzv. ""demokracie"" 
6. Zásadně je proti vymyšlené agendě Green Dealu
7. Zásadně nesouhlasí politikou vměšování vojensky silnějších států do řízení slabších států a dosazování svých loutek do jejich vlád. Opovrhuje jimi řízenými MAJDANY.","JE to jednoduché: Jsou uzavřeni ve VLASTNÍCH BUBLINÁCH, 
1. Stačí jim majetek, vysoké příjmy, auta, domy, plný nákupní vozík
2. Zájem o  informace o celospolečenském dění je malý. Ad3) Nezájem  o vyhledání aspoň částečně pravdivých informací.
3. Díky zejména prolhaným mainstreamovým mediim jsou odnaučeni tak dokonale, že už nevěří vůbec ničemu !!!
3. Nejhorší za všeho !!!!!!",0,0,0,0,1,1,0,0,0,0,0,0,0,0,0,0,0,0,0,0,0,0,0,0,0,0,0,0,0,0,0,0,0,0,0,0,0,0
R_2rY3Vri7r8fEE49,,"Jsou to lidé se, kterými se denně setkávám, pracují s nimi, kamarádi se stejnými zájmy.",Jsou to většinou staří lidé anebo lidé s nízkým vzděláním.,0,0,0,0,0,0,0,1,0,0,0,0,0,0,0,0,0,0,0,0,0,0,0,0,0,0,0,0,0,0,0,0,0,0,0,0,0,0
R_21hzD8dn9OajgIa,,"neznám žádné lidi kteří mají názor jako já, tak je nemohu popsat","politika a lidi jsou mi úplně ukradený, takže k tomuto tématu nemám co napsat",0,0,0,0,0,0,0,0,0,0,0,0,0,0,0,0,0,0,0,0,0,0,0,0,0,0,0,0,0,0,0,0,0,0,0,0,0,0
R_81FCJf0b8rv9PoJ,STAN,"Úplně obyčejní lidé, žádní karieristi","Karieristi, zbohatlici sobci",0,0,0,0,0,0,0,0,0,0,0,0,0,0,0,0,0,0,0,0,0,0,0,0,0,0,0,0,0,0,0,0,0,0,0,0,0,0
R_2RekiynvyWBECU6,,sympatičtí tvl a co jako tady mám ještě napsat ?,nevzdělaní tupci a blbci,0,0,0,0,0,0,0,0,0,0,0,0,0,0,0,0,0,0,0,0,0,0,0,0,0,0,0,1,0,0,0,0,0,0,0,0,0,0
R_215VMOlz7MJcWbD,,"solidní, vzdělání, rozumí své práci, oblíbení, slušní, diplomatičtí, spolehlivý, odvážní, ","Nevzdělaní, nerozumí své práci, arogantní, egoistiičti, samolibý, ne inovativní,  ""burani"" ",0,0,1,0,0,0,0,0,0,0,0,0,0,0,0,0,0,0,0,0,0,0,0,0,0,0,0,1,0,0,0,0,0,0,0,0,0,0
R_2GwYMnakQZYJ5sM,,"Nevím, nevzpomenu si, nic mě nenapadá.",nevím. Nechci odpovídat.,0,0,0,0,0,0,0,0,0,0,0,0,0,0,0,0,0,1,0,0,0,0,0,0,0,0,0,0,0,0,0,0,0,0,0,0,1,0
R_2ANzpSpq2ZcMxdr,ANO,"Jde spíše o starší lidi, kteří mají žívotní zkušensti.","Mladí,bez životních zkušeností ovlivnění médií.",0,0,0,0,0,0,0,0,0,0,0,0,0,0,0,0,0,0,0,0,0,0,0,0,0,0,0,0,0,0,0,0,0,0,0,0,0,0
R_2t6gGqpZkVQ21WA,SPD,Jsou to obyčejní lidé se starostmi běžného života,"Jsou to lidé , kteří se mají za tohoto režimu dobře, na obyčejných lidech jim nezáleží",0,0,0,0,0,0,0,0,0,0,0,0,0,0,0,0,0,0,0,0,0,0,1,0,0,0,0,0,0,0,0,0,0,0,0,0,0,0
R_2GUNqh50kKOu6cx,,Jsou to nespravedlivý a nepoctivý lidé,Je to velmi těžké soudit podle dnešní doby.,0,0,0,0,0,0,0,0,0,0,0,0,0,0,0,0,0,0,0,0,0,0,0,0,0,0,0,0,0,0,0,0,0,0,0,0,0,0
R_8rHPzOU3omP4xpw,SPD,"Lidi,s kterými si mám co říct ","Blbý lidi taky lidi,Pán Bůh je má taky rád ",0,0,0,0,0,0,0,0,0,0,0,0,0,0,0,0,0,0,0,0,0,0,0,0,0,0,0,1,0,0,0,0,0,0,0,0,0,0
R_8fHDGkoTfK01WMe,SPD,"Lidé, kteří poctivě pracují, jsou vlastenci a zachovali si zdravý rozum. ","Jsou to lidé zpracovaní médii a propagandou EU, LGBT, progresivistů, zelených pomatenců atd. :) ",0,0,1,0,0,0,0,0,0,0,0,0,0,0,0,0,0,0,0,0,0,0,0,0,0,0,0,0,0,0,0,0,0,0,0,0,0,0
R_8EPZsYwcbYxFSoJ,,"Nezajímaji se do podrobna, ale není jim jedno, koho volit ","Zajímají se, vnucují svůj názor, nesympaticti",0,0,0,0,0,0,0,0,0,0,0,0,0,0,0,0,0,0,0,0,0,0,0,0,0,0,0,0,0,0,0,0,0,0,0,0,0,0
R_2dWFRleqvVNQUQr,ANO,"tito lidé jsou ve většině z chudé vrstvy, proto jsou pro, aby pro ně vláda dělala mnohem víc","podle mého jsou to zbohatlíci, kteří zbohatli již s minulou vládou a nyní využívají svých peněz dál, k dalšímu obohacování",0,0,0,0,0,0,0,0,0,0,0,0,0,0,0,0,1,0,0,0,0,0,0,0,0,0,0,0,0,0,0,0,0,0,0,0,0,0
R_2NKdExdcglDOLm0,ANO,Může to být příjemné ale na druhou stranu chybí střet názorů.,"Tito lidé mě nevadí, každý má nárok na svůj názor. Rád bych s nimi vedl diskusi, zásadně však bez vzájemného osočování.",0,0,0,0,0,0,0,0,0,0,0,0,0,0,0,0,0,0,0,0,0,0,0,0,0,0,0,0,0,0,0,0,0,0,0,0,0,0
R_2jwRa8v1vLsdQhm,Pirati,"Nezajímám se o politiku a politické dění. Stejně si všichni politici budou dělat co chtějí a nedají na názory obyčejných lidí, jako jsem například já.","Nevím, tací lidé mě nezajímají a ani neznám nikoho kdo by se o politiku nějak se zájmem zajímal.",0,0,0,1,0,0,0,0,0,0,0,0,0,0,0,0,0,0,0,0,0,0,0,0,0,0,0,0,0,0,0,0,0,0,0,0,1,0
R_8H2DjAEWunwS3kp,,"Nevím, nevím, nevím, nevím ","Nevím , nevím , nevím , nevím ",0,0,0,0,0,0,0,0,0,0,0,0,0,0,0,0,0,1,0,0,0,0,0,0,0,0,0,0,0,0,0,0,0,0,0,0,1,0
R_8r2MkpniWugELyq,,"V některých věcech máme rozdílné názory. Nejsem ochotna v těchto případech s nimi komunikovat. Každý je sám sebe strůjcem a jeho názory s mými nemusí být souhlasné. Svoje pocity nikomu nevnucuji. Každý má svůj názor. Pro něj je důležitý a nechce ho změnit i když se naše názory většinou schodují. Někdy v něčem odporuji, ale málokdy. Já sama málokdy své názory zásadně měním. Neumím své názory tvrdě obhajovat. Hádky pro mne nejsou nutné. ","S jejich odlišnými názory nesouhlasím. Většinou jejich slibům nebo jejich přesvědčování v rámci ODS nevěřím. Jsem stará osoba, proto mé názory se od odesáků velmi liší. Skoro většina z nich neprožila to, co já obyčejná osoba. Mám mnoho důvodů jim v téměř ničem nevěřit. Oni nežili v letech kdy už skončila válka. Život v této době nebyl pro mnohé lehký. Já nevím, které všelijaké války jsme podporovali. Ale dnes nesouhlasím s podporou války ODS! Proč podporujeme zbraněmi vraždění lidí, ať jsou jakékoliv národnosti? Nelíbí se mi mnoho činností, které ve vládě podporuje strana ODS. Snad jen proto, že vládnutí teď nerozumím?",0,0,0,0,0,0,0,0,0,0,0,0,0,0,0,0,0,1,0,0,0,0,0,0,0,0,0,0,0,0,0,0,0,0,0,1,1,0
R_8vbbiTQSdIL8DXX,ODS,"Jsou dobře oblečení, mají smysl pro modu, jsou usměvavý, jsou to studenti ","Nezajímají se o politiku, jsou to staří lidé a konzervativci",0,0,0,0,0,0,0,0,0,0,0,0,0,0,0,0,0,0,0,0,0,0,0,0,0,0,0,0,0,0,0,0,0,0,0,0,0,0
R_2lyQWQptGKh3w4R,,Pracující střední třída lidí. V rozmezí 30-45 let.,V největší míře jsou to důchodci. ,1,1,0,0,0,0,0,0,0,0,0,0,0,0,0,0,0,0,0,0,0,0,0,0,0,0,0,0,0,0,0,0,0,0,0,0,0,0
R_2p64kOrEeie0QDL,,Politika pro ně není důležitá a zajímají se o ni pouze okrajově. ,"Lidé, kteří se velmi zajímají o politiku. Patří do politické strany, nebo některou plně podporují. Chodí vždy k volbám. ",0,0,0,0,0,0,0,0,0,0,0,0,0,0,0,0,0,0,0,0,0,0,0,0,0,0,0,0,0,0,0,0,0,0,0,0,0,0
R_8wiBIyItHrHOcKZ,ODS,"Jsou to lidi středního věku, žijí v rodině s dětmi. Jsou pravicové založení, ale ne fanatici. Neodsuzuji někoho pro jeho voličské preference.","Nerozlišuji lidi podle toho, jaké jsou jejich voličské preference. ",1,0,0,0,1,0,0,0,0,0,0,0,0,0,0,0,0,0,0,0,0,0,0,0,0,0,0,0,0,0,0,0,0,0,0,0,0,0
R_81dqXRkcl1gZom9,ANO,Nerozumím bohužel zadání ,Nechápu bohužel zadání ,0,0,0,0,0,0,0,0,0,0,0,0,0,0,0,0,0,0,0,0,0,0,0,0,0,0,0,0,0,0,0,0,0,0,0,0,0,0
R_8Xl2zNu2sZCqiKR,ANO,s těmi bych komunikovala každý má svůj názor. je to každého věc,s těmi lidmi bych asi nekomunikovala,0,0,0,0,0,0,0,0,0,0,0,0,0,0,0,0,0,0,0,0,0,0,0,0,0,0,0,0,0,0,0,0,0,0,0,0,0,0
R_8235BzJ4V4Vx5Op,ANO,nevím jakým zpôsobem je popsat,Nevím jak je popsat.,0,0,0,0,0,0,0,0,0,0,0,0,0,0,0,0,0,1,0,0,0,0,0,0,0,0,0,0,0,0,0,0,0,0,0,0,1,0
R_2O2WD3Uwr3I145P,ANO,"nevím, coi k tomu říct, nevím","nevím, netuším, nevím",0,0,0,0,0,0,0,0,0,0,0,0,0,0,0,0,0,1,0,0,0,0,0,0,0,0,0,0,0,0,0,0,0,0,0,0,1,0
R_2kSNaNvSg5Gjw7G,ANO,Beru je a ráda s nimi promluvím,"Přijdou mi nesympatičtí, považuji je za lidi se sníženou inteligencí, kteří nemají odhad a opozici volí jen kvůli vlastnímu prospěchu (zrušení EET apod.) ",0,0,0,0,0,0,0,0,0,0,0,0,0,0,0,0,0,0,0,0,0,0,0,0,0,0,0,0,0,0,0,0,0,0,0,0,0,0
R_2puFykNXmVbwv9v,SPD,Lidi co pracují a odvádějí daně úplně zbytečně ,Hovádka který jsou moc mladý na názory o politice ,0,0,0,0,0,0,0,0,0,0,0,0,0,0,0,0,0,0,0,0,0,0,0,0,0,0,0,0,0,0,0,0,0,0,0,0,0,0
R_2gTqbxVla9mqJ8b,Pirati,"VIdí politiku jako nástroj, ne růžovými brýlemi.","Lidi co vidí politika jako někoho kdo jim pomůže, jako někoho, komu na nich záleží.",0,0,0,0,0,0,0,0,0,0,0,0,0,0,0,0,0,0,0,0,0,0,0,0,0,0,0,0,0,0,0,0,0,0,0,0,0,0
R_8e8OcpjMSrIvse0,ANO,"Můžeme si vzájemně postěžovat na politické problémy. Nebudeme v opozici, konverzace bude uvolněnější.","Nemám, co bych si s takovými lidmi řekla. Jsou nesympatičtí, pokud by se snažili svůj názor vnucovat a tvářili by se, že jsem divná, pokud s nimi názor nesdílím. Pokud se mi konverzace nelíbí, nepokračuji v ní.",0,0,0,0,0,0,0,0,0,0,0,0,0,0,0,0,0,0,0,0,0,0,0,0,0,0,0,0,0,0,0,0,0,0,0,0,0,0
R_2imnO78xRMCV14t,Other,"Vzájemná osobní sympatie, přelívající se do politického života","Respektuji názory těchto lidí. Pokud jsou pod vlivem jiných názorů, je to jejich problém.",0,0,0,0,0,0,0,0,0,0,0,0,0,0,0,0,0,0,0,0,0,0,0,0,0,0,0,0,0,0,0,0,0,0,0,0,0,1
R_2rOHY1yr7auHeQV,KSCM,"Jsou tolerantní, otevření změnám, chtějí spravedlnost a rovné životní podmínky pro všechny. Záleží jim na pravdě, nemají rádi překrucování, faleš. ","Jsou egoističtí, napadají druhé kvůli jejich názorům či přesvědčení. Jsou vznětliví, netolerantní, mají jen svou vlastní pravdu, nezáleží jim na ostatních lidech. Nedokáží pochopit složité životní situace ostatních. ",0,0,0,0,0,0,0,0,0,0,0,0,0,0,0,0,0,0,0,0,0,0,0,0,0,0,0,0,0,0,0,0,0,0,0,0,0,0
R_8e8AH91w8DBPiaU,,Jsou to poctiví lidé kteří vše posuzují objektivně a když poznají že se mýlili tak to přiznají. A snaží se svou chybu napravit. Rozhodně nemyslí jen na sebe.,"Většinou to jsou lidé kteři koukají jen na svůj prospěch a vůbec jim nevadí že mnozí lidé jsou na tom velice špatně. Za vlády ODS mi valorizací přidali pouze 16 Kč k vdovskému důchodu. Přitom můj manžel celý život dřel a zemřel ve svých 59 letech, čili státu dál za celý život hodně peněz. ",0,0,0,0,0,0,0,0,0,0,0,0,0,0,0,0,0,0,0,0,0,0,0,0,0,0,0,0,0,0,0,0,0,0,0,1,0,0
R_2sntLwtE7u2MMJQ,Other,"Normální rozumní lidé, realisté co stojí nohama pevně na zemi, nenají na očích růžové brýle a ví, ať je u moci kdokoliv tak, že se lépe mít nebudeme díky vládě, ale musíme spoléhat jen a jen na sebe a na nikoho jiného…","Snílci, idealisté, hlupáci…asi nic více k tomu říct nejde",0,0,1,1,0,0,0,0,0,0,0,0,0,0,0,0,0,0,0,0,0,0,0,0,0,0,0,0,0,0,0,0,0,0,0,0,0,0
R_2r3sZDuVTrVz6xz,ANO,normálně smýšlející rozumní lidé ,jsem k nim tolerantní. každý má svůj pohled na věc ,0,0,1,0,0,0,0,0,0,0,0,0,0,0,0,0,0,0,0,0,0,0,0,0,0,0,0,0,0,0,0,0,0,0,0,0,0,0
R_2q7pB6g0SoE22Jf,ANO,"Vnímavý,inteligentní ,člověk s velkou mírou empatie a zájmu o lepší životní podmínky pro všechny . ","Člověk bez  svého názoru , velmi snadno ovlivnitelný. nepřístupný diskuzi ,kompromisu.",0,0,0,0,0,0,0,0,0,0,0,0,0,0,0,0,0,0,0,0,0,0,0,0,0,0,0,0,0,0,1,0,0,0,0,0,0,0
R_8WZV17VswvaWHwR,,Nevím  jfjfjcufjrjfjcjgjfjfjgjgig,Nevím  jak bych je mohl popsat,0,0,0,0,0,0,0,0,0,0,0,0,0,0,0,0,0,1,0,0,0,0,0,0,0,0,0,0,0,0,0,0,0,0,0,0,1,0
R_8ZxmOFidolqOaXL,ANO,"Upřímni, svobodomyslni, mají rádi život a lidi kolem sebe","Problémový, mají svou pravdu, neztotožňuji se s ostatními, nevyslechnou si žádný názor",0,0,0,0,0,1,0,0,0,0,0,0,0,0,0,0,0,0,0,0,0,0,0,0,0,0,0,0,0,0,0,0,0,0,0,0,0,0
R_8FYyPEHe8IvSIxz,Other,"Sice s nimi souhlasím, ale neřeším politiku ","Neřeším to, nechci se s nikým dohadovat.",0,0,0,0,0,0,0,0,0,0,0,0,0,0,0,0,0,0,0,0,0,0,0,0,0,0,0,0,0,0,0,0,0,0,0,0,0,0
R_8i2x4dwhFAVCXEc,STAN,"normální lidi, kteří se spíše o politiku moc nezajímají","lidi, kteří politiku mají rádi",0,0,0,1,0,0,0,0,0,0,0,0,0,0,0,0,0,0,0,0,0,0,0,0,0,0,0,0,0,0,0,0,0,0,0,0,0,0
R_8Ldb372xEFXmsqQ,SPD,"Lidé se selským rozumem. Lidé co si váží práce ostatních, přírody a jsou poctiví.","Podporují válku, určují povinnosti obyvatelstva aniž by zjišťovali, jestli na to finančně mají. ",0,1,1,0,0,0,0,0,0,0,0,0,0,0,0,0,0,0,0,0,0,0,0,0,0,0,0,0,0,0,0,0,0,0,0,0,0,0
R_8ohbTi6zOs54Ndp,Other,"konzervativní, protiimigrační, proti green dealu, svobodný trh, proti dotacím, proti byrokracii","zastánci green dealu, imigrace, socialismu",0,0,0,0,0,1,0,0,0,0,0,0,0,0,0,0,0,0,0,0,0,0,0,0,0,0,0,0,0,0,0,0,0,0,0,0,0,0
R_81GMjOe4kPwWTpX,Pirati,"financne gramotny, dlohodobe uzitky, spolecensky","emo, lgbt, tik tokeri, yolo, nezkuseni v zivote",0,0,0,0,0,0,0,0,0,0,0,0,0,0,0,0,0,0,0,0,0,0,0,0,0,0,0,0,0,0,0,0,0,0,0,0,0,0
R_8CJXDE1lmIZlpE0,SPD,"Vůbec se o politiku nezajímají, před revolucí nebylo dost věcí v pořádku, ale jistoty byly. Teď co se děje nemá obdoby, necítím se dobře v této době!!!!","Moc o politice mluví a vůbec tomu nerozumí, znají každého politika a mají vždy pravdu (podle nich. Když má někdo jiný názor, dokáží se hádat až do úmoru.",0,0,0,0,0,0,0,0,0,0,0,0,0,0,0,0,0,0,0,0,0,0,0,0,0,0,0,0,0,0,0,0,0,0,0,0,0,0
R_81dzteuRLjAXQ7a,Pirati,Nevim nevim vůbec nic mě nenapadá ,Vůbec mě nic nenapadá tak nevim,0,0,0,0,0,0,0,0,0,0,0,0,0,0,0,0,0,0,0,0,0,0,0,0,0,0,0,0,0,0,0,0,0,0,0,0,0,0
R_5Uf07Z6ciqpctZX,,"škoda mluvit!!!!!!!!!!!!!!
","hruuuuza.......................
",0,0,0,0,0,0,0,0,0,0,0,0,0,0,0,0,0,0,0,0,0,0,0,0,0,0,0,0,0,0,0,0,0,0,0,0,0,0
R_24mYz4eTJSoYgQp,STAN,"komunikativni,racionalni,otevreni ","zatvrzeli,tvrdohlavi,neprijmou jiny nazor,zaslepenost",0,0,0,0,0,0,0,0,0,0,0,0,0,0,0,0,0,0,0,0,0,0,0,0,0,0,0,0,0,0,0,0,0,0,0,0,0,0
R_2xPo0jUzhg9dmWl,ANO,"Obyčejní pracující lidé, střední třída.",Nemají potřebné informace ,1,1,0,0,0,0,0,0,0,0,0,0,0,0,0,0,0,0,0,0,0,0,0,0,0,0,0,0,0,0,0,0,0,0,0,0,0,0
R_87sz9ySNAPPFTsN,,"Lidé, které politika vůbec nezajímá ","Lidé, kteří vnímají politiku zcela odlišně, jsou lidé, kteří se o politiku zajímají. ",0,0,0,0,0,0,0,0,0,0,0,0,0,0,0,0,0,0,0,0,0,0,0,0,0,0,0,0,0,0,0,0,0,0,0,0,0,0
R_2DNDxNO4SwtNgIJ,,"Střední třída, matka s dvěma dětmi, která se stará o rodinu, aby jí nic nechybělo.","Popravdě nevím, celý politický systém jde téměř mimo mě. Politiku moc nesleduji, jen se pak rozčiluju.",1,0,0,0,1,0,0,0,0,0,0,0,0,0,0,0,0,0,0,0,0,0,0,0,0,0,0,0,0,0,0,0,0,0,0,0,1,0
R_8ltrRhDtxsMkVpp,ANO,"zastanci dobreho vzdelani,rozumu,zadna korupce,stoji za ceskym lidem,nejde proti nim","kaslou na ceske obyvatelstvo,zenou se do neceho cemu nerozumi.Uprednostnuji obyvatelstvo a zemi jine narodnosti",0,0,1,0,0,0,0,0,0,0,0,0,0,0,0,0,0,0,0,0,0,0,0,0,0,0,0,0,0,0,0,0,0,0,0,0,0,0
R_8pa0nI3V6lhIkkF,ANO,strasne fajn lidi spolehlivy,nevim nejsem moc vyrecny,0,0,0,0,0,0,0,0,0,0,0,0,0,0,0,0,0,0,0,0,0,0,0,0,0,0,0,0,0,0,0,0,0,0,0,0,0,0
R_8jQcsQYYKyjelc4,,Obyčejní lidé kteří mají své běžné starosti a o politiku se moc nezajímají ,Lidé kteří chtějí pomoci politiky dosáhnout co největší osobní prospěch ,0,0,0,0,0,0,0,0,0,0,0,0,0,0,0,0,0,0,0,0,0,0,0,0,0,0,0,0,0,0,0,0,0,0,0,0,0,0
R_8QhBHRjtTdTyrkl,ANO,"Mám kolem sebe lidi, kterým není jedno jak to u nás v ČR nyní vypadá. Uvítali by větší zájem politiků o náš stát a jeho občany, zastavení zbytečného předraženého zbrojení, omezení finanční i jiné pomoci na UA . ","nemám ráda sobecké, vypočítavé, sprosté, křivé a zlé lidi, nemohu si vážit těch, kteří nejvíc myslí na svůj prospěch, kteří si neváží naší krásné země a snaží se jí zničit, na prvním místě by vždy měl být náš stát a naši lidé",0,0,0,0,0,0,0,0,0,0,0,0,0,0,0,0,0,0,0,0,0,0,0,0,0,0,0,0,1,0,0,0,0,0,0,0,0,0
R_2g5I7LmjFMzqWqZ,ANO,"Jak kdo, neda se jednotne popsat, starsi lidi, okolo 35let. Asi jina vychova, vneseni radu do zivota.","Vetsinou ti to jsou mladi lidi, prevazne v praze. 
Nejsou mi sympaticti. Dokazu se bavit ale s nimi, pokud mi nevnucuji svuj nazor",0,0,0,0,0,0,0,0,0,0,0,0,0,0,0,0,0,0,0,0,0,0,0,0,0,0,0,0,0,0,0,0,0,0,0,0,0,0
R_8BS7TiNsBjQNp6x,STAN,"Zodpovědnost, komunikace, vystupování ","Populismus, korupce, lhaní ",0,0,0,0,0,0,1,0,0,0,0,0,0,0,0,0,0,0,0,0,0,0,0,0,0,0,0,0,0,0,0,0,0,0,0,0,0,0
R_8P6QIoCWbUZQgSc,,"Jsou to lidé, které stejně jako já, politika nezajímá, nerozumí ji, nemají žádný vyhraněný názor a nechodí k volbám.","Jelikož já osobně se o politiku vůbec nezajímám, tak to budou lidé, kteří se naopak o politiku zajímavý hodně, chodí k volbám a mají jasně dané, která politická strana je jim nejblíže a dokáží s ostatními lidmi na toto téma smysluplně debatovat.",0,0,0,0,0,0,0,0,0,0,0,0,0,0,0,0,0,0,0,0,0,0,0,0,0,0,0,0,0,0,0,0,0,0,0,0,0,0
R_2PRWLwHQCdCNuxq,Pirati,"Chytří, vzdělání, naslouchají všem, snaží se vyřešit lidské problémy ","Lidi co se většinou nezajímají, mají ego, kopírují názor jiného, poslouchají emocema ne rozumem apod.",0,0,0,0,0,0,0,0,0,0,0,0,0,0,0,0,0,0,0,0,0,1,0,0,0,0,0,0,0,0,0,0,0,0,0,0,0,0
R_8bWxx6mNeVXEXqH,Pirati,"snaha o rovnoprávnost, nikoho neomezuje na osobní svobodě, ochota nahlížet okolnostem","Povrchní, rasisti, homofobově, šovinisti, utvrzelí ve svých názorech bez snahy naslouchat.",0,0,0,0,0,1,0,0,0,0,0,0,0,0,0,0,0,0,0,0,0,0,0,0,0,0,0,0,0,0,0,0,0,0,0,0,0,0
R_21hgxP0DC3smEa0,ANO,povidali by jsme si o politice co bysme udelali lepsi.,jestli jsou odlisni nez ja tak bych se snimi vubec nebavil,0,0,0,0,0,0,0,0,0,0,0,0,0,0,0,0,0,0,0,0,0,0,0,0,0,0,0,0,0,0,0,0,0,0,0,0,0,0
R_2RqJeFdqRsAI0hm,,nasraní a hodně moc vytočení,"jsou arogantní, všechno znaji lepe. jsou mistri sveta",0,0,0,0,0,0,0,0,0,0,0,0,0,0,0,0,0,0,0,0,0,0,0,0,0,0,0,0,0,0,0,0,0,0,0,0,0,0
R_8dAZjwzKzIwpZEs,ANO,normalni pracujici clovek bez exekuci ,"bez moralky,zasad,s dluhy neprizpusobivy",0,0,0,0,0,0,0,0,0,0,0,0,0,0,0,0,0,0,0,0,0,0,0,0,0,0,0,0,0,0,0,0,0,0,0,0,0,0
R_2Si9681R5eXKpCd,,nijak neřeším to.je mi to uplně jedno,"nijak,je mi to jedno",0,0,0,0,0,0,0,0,0,0,0,0,0,0,0,0,0,0,0,0,0,0,0,0,0,0,0,0,0,0,0,0,0,0,0,0,0,0
R_8dF646E8kaBYsBC,,"Jedná se o generaci na které se komunisti velmi podepsali. Nejen to, že naše rodiče připravili o majetky, ale nám zakázali přístup ke studiu mimo zemědělství, zničili zdraví mým prarodičům i psychiku mým rodičům, vyrůstala jsem v padesátých letech!! to byla degradace lidskosti vůči lidem rolníkům i zemědělcům, dřina a dřina i když na svém ..... 
","bezpáteřní, nedemokratičtí, zkorumpovaní, neschopní se zodpovídat za své činy ",0,0,0,0,0,0,0,0,0,0,0,0,0,0,0,0,0,0,0,0,0,0,0,0,0,0,0,0,0,0,0,0,0,0,0,0,0,0
R_8rMVitCcMW3tGxu,ODS,"lidé, kteří na politiku a společenské otázky najlížení podobně jako já mají tendeci ocenovat otevřenost, inkluzivitu a empatii vůči ruznám názoruům a kulturam.","Představuji si, že lidé, kteří na politiku nahlíží zcela odlišně než já, mají často pevné a tradiční hodnoty ke kterým se silně přiklání a které považují za základ zdravé společnosti.",0,0,0,0,0,0,0,0,0,0,0,0,0,0,0,0,0,0,0,0,0,0,0,0,0,0,1,0,0,0,0,0,0,0,0,0,0,0
R_2CUozEHKYVEDQxg,SPD,Poctiví slušní lidé kteří jsou šikovní a pracovití ,"Lidé co slepě věří mainstreamu. Myslící si že jsou ti lepší inteligentnější, přitom tomu tam vůbec není. Slepé ovce kvůli kterým se chopilo moci zlo. ",0,1,0,0,0,0,0,0,0,0,0,0,0,0,0,0,0,0,0,0,0,0,0,0,0,0,0,0,0,0,0,0,0,0,0,0,0,0
R_8UiUpgWlTMF49Il,ANO,"nesmí to být podvodníci , nesmí lhát ,musí umět přiznat i neúspěch,nenechat se ovlivńovat nikým jiným .","S takovými lidmi se raději o politice nebavím , i když mají jiný názor než já a jsou příjemní, poctiví. Nejsou agresivní,uznávají i jiné názory, nelžou, nepodvádějí .",0,0,0,0,0,0,0,0,0,0,0,0,0,0,0,0,0,0,0,0,0,0,0,0,0,0,0,0,0,0,0,0,0,0,0,0,0,0
R_2kHwqjNdVTCPjhl,,"Získávají fakta z více zdrojů, vracejí se do minulosti, dívají se na problémy z více úhlu pohledu.","Fanatici, kteří nejsou schopni připustit jiný názor, jsou hluční, často využívají argumenty, které nemají podložené žádnými fakty.",0,0,0,0,0,0,0,0,0,0,0,0,0,0,0,0,0,0,0,0,0,0,0,0,0,0,0,0,0,0,0,0,0,0,0,0,0,0
R_2JI72NNyaJ20w3m,STAN,"Dívají se na zprávy o politických tématech, před volbami si vždy projedou jednotlivé programy stran a udělají politickou kalkukačku, aby věděli, jaká má strana priority, ale nespokojí se jen s tím: porovnají jejich výsledky v minulých letech aktivity. Zajímá je rovnoprávnost, spravedlnost.","Neporovnávají jednotlivé zdroje, slepě volí podle osobnosti hlavního politika a ne podle plánu strany či její aktivity v minulosti. Zajímají se primárně o sebe.",0,0,0,0,0,0,0,0,0,0,0,0,0,0,0,0,0,0,0,0,0,0,0,0,0,0,0,0,0,0,0,0,0,0,0,0,0,0
R_2HY6YPsE76oN7Pz,KSCM,"Především se jedná o lidi, kteří poctivě pracují v nejrůznějších profesích a chtějí za svou poctivě odvedenou práci poctivě zaplaceno a očekávají od státu, že peníze z jejich daní budou použity ku prospěchu všech pracujících na kvalitní vzdělávání jejich dětí, na kvalitní zdravotní služby, na péči o zdravotně postižené spoluobčany a na důstojné penze pro lidi, kteří celý život poctivě pracovali pro tuto zemi a poctivě odváděli státu své daně, že stát bude investovat do rozvoje cest, bude podporovat mladé rodiny s dětmi, bude pomáhat zajistit dostupné bydlení mladým rodinám, ale i seniorům. Z peněz daňových poplatníků stát zajistí kvalitní a dostupné energie všem občanům, kvalitní a dostupnou pitnou vodu, bude investovat do ochrany před živelnými pohromami - povodně, sesuvy půdy apod. Stát nebude podporovat lidi, kteří se vyhýbají práci, nebude podporovat dotacemi různé zájmové skupiny, nebude podporovat nelegální migranty dotacemi dokonce často vyššími než dotace pro naše skutečně potřebné spoluobčany, nebude tolerovat migranty, kteří nejsou ochotni přijmout naše zákony a naše kulturní tradice a naučit se náš jazyk - chtějí-li tito lidé u nás být, musí se našim zvyklostem přizpůsobit, ne-li, ať jdou do zemí s tradicemi pro ně blízkými. Žádnou podporu práceschopným lidem (míněno podporu v nezaměstnanosti) déle něž 3-6 měsíců. Neupřednostňovat v žádném ohledu migranty před našimi občany. Umožnit občanům vyjádřit se k důležitým otázkám státu a jeho hospodaření v řádném referendu a výsledky vůle lidu plně respektovat. Nezvyšovat neustále platy politikům na úkor pracujících ve státní sféře jako je policie, záchranné sbory (hasiči), zdravotnictví, školství. Nezvyšovat stavy státních úředníků jako jsou různí poradci na ministerstvech, krajských a okresních úřadech. Pokud na těchto institucích nepracují odborníci v daných oborech a potřebují poradce, pak tyto pracovníky vyměnit za odborníky, kteří poradce nebudou potřebovat. Snížit počet poslanců v poslanecké sněmovně na úroveň obvyklou v ostatních zemích světa podle počtu obyvatel naší země, zrušit senát - pro tak malou zemi, není zapotřebí mít 2 komory parlamentu. Udělat důsledný audit pracovníků ve státní sféře. Důsledně vyšetřit a potrestat všechny politicky odpovědné lidi za ekonomické ztráty způsobené jejich nesprávnými rozhodnutími od r. 1989 (náklady na špatné zakázky pro armádu - padáky, obrněná vozidla, F-35 atd., náklady na sanace bank a jejich prodej, předražené zakázky na budování silnic a dálnic, prodej a následný odkup OKD, machinace s byty OKR, náklady na kuponovou privatizaci atd. - toto by vydalo již na celý román). Já i lidé mně podobní chceme od státu za své daně, kvalitní služby. Vedení státu jsou  naši ""zaměstnanci"" placeni z našich daní, tak po nich oprávněně chceme, aby svou práci dělali kvalitně pro nás - ne pro Brusel nebo USA nebo jiné zájmové skupiny. A pokud to nedělají, pak chceme mít právo je odvolat (běžného občana, který pro svého zaměstnavatele kvalitně nepracuje, zaměstnavatel také vyhodí z práce, tak nevidím žádný rozdíl mezi lidmi řídícími stát a běžným pracujícím občanem).   

 ","Jedná se ve většině případů o lidi s velmi nízkým sociálním cítěním, mající na zřeteli výhradně zisk za každou cenu, zpravidla mají vysoké příjmy a vysoké posty v politice nebo ekonomice, nemají zájem o ostatní občany, jsou sobečtí a sebestřední, podbízejí se silnějším a mocnějším, bývají bezcharakterní - podle svých potřeb se přiklánějí na tu stranu, kde je to pro ně výhodnější v daném okamžiku a v případě potřeby, jsou bez uzardění ochotni se přiklonit i na opačnou stranu než tu, ve které se právě nacházejí - dle hesla : ""kam vítr, tam plášť"", nestydí se lhát a urážejí každého, kdo s nimi nesouhlasí, snaží se své ""protivníky"" (tj. lidi s odlišnými názory), umlčet a zastrašit. Zpravidla nejsou ochotni k diskusi, neuznávají svou ""porážku"", svá tvrzení neopírají o objektivní skutečnosti. ",0,1,0,1,1,0,1,0,0,0,0,0,0,0,0,0,0,0,1,0,0,0,0,0,0,0,0,0,0,0,0,0,0,0,0,0,0,0
R_2iHoXR7uLHd9Rwl,STAN,"Cítí potřebu angažovat se v problematice vztahů mezi lidmi, vztahu k přírodě a budoucnosti našich dětí. Stále a stále se potýkají s nezájmem spoluobčanů, jejich sobeckostí, nesnášenlivostí a ztrátou jejich historické paměti. Přesto znovu se snaží...","Vnímám politiku  společnost výrazně. Pokud se někdo vůbec nezajímá, pak je lhostejný k lidem, uzavřený do sebe a svých problémů, sobecký a závistivý. Bohužel dosti často i hloupý.",0,0,0,0,0,0,0,0,0,1,0,0,0,0,0,0,0,0,0,0,0,0,0,0,0,0,1,1,1,0,0,0,0,0,0,0,0,0
R_2IznO1ZgdX33OQO,STAN,Respektuji rozhodnuti kazdeho cloveka ale samozrejme si vice rozumim s lidmi kteri nechteji potopit nasi budoucnost,Kazdy ma pravo volit koho chce ale nekteri lide vidi pouze to co hlasi v televizi a neoveruji si opravdova fakta,0,0,1,0,0,0,0,0,0,0,0,0,0,0,0,0,0,0,1,0,0,0,0,0,0,0,0,0,0,0,0,0,0,0,0,0,0,0
R_8FgwYDkwaK9Z50l,,Nevím. Nezajimám se o politiku. ,Nevim. Nezajímám se o to. ,0,0,0,0,0,0,0,0,0,0,0,0,0,0,0,0,0,1,0,0,0,0,0,0,0,0,0,0,0,0,0,0,0,0,0,0,0,0
R_2cuurDZediOsf8m,ANO,"Jsou to normální lidi,  kterých je už málo",Agresivní a odmitajici pripustit jinou moznost,0,0,0,1,0,0,0,0,0,0,0,0,0,0,0,0,0,0,0,0,0,0,0,0,0,0,0,0,0,0,0,0,0,0,0,0,0,0
R_8YBAqi3jV6Cgpu9,ANO,"Klid,zabezpečení, pohoda neokradani, nedělani z lidí blbce chudaky ","Zavření, slepý, nepřemýšlí nechapajici ",0,0,0,0,0,0,0,0,0,0,0,0,0,0,0,0,0,0,0,0,0,0,0,0,0,0,0,0,0,0,0,0,0,0,0,0,0,0
R_2wFADnj83BGkSKZ,ANO,sympatičtí;znalí poměrů;pohodáři,tvrdohlavci chabého rozumu,0,0,0,0,0,0,0,0,0,0,0,0,0,0,0,0,0,0,0,0,0,1,0,0,0,0,0,0,0,0,0,0,0,0,0,0,0,0
R_8kHcDeRYX7Hn9Nb,ANO,Jsou to dobry lidi co umi projevi5 svuj nazor,Lidi co neumi projevit svuj nazor a rikat co chteji oni,0,0,0,0,0,0,0,0,0,0,0,0,0,0,0,0,0,0,0,0,0,0,0,0,0,0,0,0,0,0,0,0,0,0,0,0,0,0
R_22gnDW3Zpx7d2UW,TOP09,"Hned se vším hotoví, zbrklí, ale upřímní ","Hamry, Hamry

Nespokojení, rasisticni ",0,0,0,0,0,0,0,0,0,0,0,0,0,0,0,0,0,0,0,0,0,0,0,0,0,0,0,0,0,0,0,0,0,0,0,0,0,0
R_2oMbVWriG0NtScF,Pirati,"Zajímají se o zahraniční politiku, vzdělávání, síť silnic v ČR je špatná -oproti západním zemím jsme velmi pozadu ve všech těchto tematech","Prahnoucí po pomocí státu, nehodlají se přičinit a jen ždímají systém, neinvestují a jen cerpaji",0,0,0,0,0,0,0,0,0,0,0,0,0,0,0,0,0,0,0,0,0,0,0,0,0,0,0,0,0,0,0,0,0,0,0,0,0,0
R_2J9vxleOxmU5S7L,Pirati,"Snaží se uvažovat, dodrzovat pravidla, jsou liberální, zajímá je ekologie a budoucnost. ",Jsou omezení ve všech ohledech.,0,0,0,0,0,0,0,0,0,0,0,0,0,0,0,0,0,0,0,0,0,0,0,0,0,0,0,0,0,0,0,0,0,0,0,0,0,0
R_2Ihpy2dxM4J81vy,Other,Nesnaží se tolik vnucovat svoje politické názory. ,"Připadá mi, že více vnucují své názory, které prezentují,  že jsou jediné správné. ",0,0,0,0,0,0,0,0,0,0,0,0,0,0,0,0,0,0,0,0,0,0,0,0,0,0,0,0,0,0,0,0,0,0,0,0,0,0
R_231rmEizqGIfvjG,ANO,Tak to opravdu nevím. Jsou to lidé různí.,"Máme demokracii, nevadí mi lidé, kteří mají jiný názor než já.",0,0,0,0,0,0,0,0,0,0,0,0,0,0,0,0,0,1,0,0,0,0,0,0,0,0,0,0,0,0,0,0,0,0,0,0,0,0
R_2IYUZI0ok2zzgyS,ODS,Netuším  co po mě chcete ,Vůbec nemám páru sem nevinný ,0,0,0,0,0,0,0,0,0,0,0,0,0,0,0,0,0,1,0,0,0,0,0,0,0,0,0,0,0,0,0,0,0,0,0,0,0,0
R_2uLGKymicDRIAVz,Pirati,Možná jsou názorově podobní a proto se shodneme i v politických tématech ,Lidé jsou různí a jak se říká sto lidí sto chutí ,0,0,0,0,0,0,0,0,0,0,0,0,0,0,0,0,0,0,0,0,0,0,0,0,0,0,0,0,0,0,0,0,0,0,0,0,0,0
R_2JZNAYmisax4v5L,Pirati,Snaha a lepší svět pro všechny ,"Starý, zabšklý, neinovativní, zaseklý ",0,0,0,0,0,0,0,0,0,0,0,0,0,0,0,0,0,0,0,0,0,0,0,0,0,0,0,0,0,0,0,0,0,0,0,0,0,0
R_8Tu5ZgJHR7t4Lq3,ODS,Zodpovědnost sama za sebe i přes irčitý diskomfort ,"Čekají, že za ně jejich problémy vyřeší někdo jiný",0,0,0,0,0,0,1,0,0,0,0,0,0,0,0,0,0,0,0,0,0,0,0,0,0,0,0,0,0,0,0,0,0,0,0,0,0,0
R_2wTPxMBkRISBvvw,Other,"Mají zdravý selský rozum,nedovolí zničit Československo ","Peníze mají na prvním místě a moc,boj o koryto.",0,0,1,0,0,0,0,0,0,0,0,0,0,0,0,0,0,0,0,0,0,0,0,0,0,0,0,0,0,0,0,0,0,0,0,0,0,0
R_2cGSn8Gjc9vLcv7,ODS,"Lidé se zdravým rozumem , inteligentní ","Nijak, nezajímají mě ",0,0,1,0,0,0,0,0,0,0,0,0,0,0,0,0,0,0,0,0,0,0,0,0,0,0,0,0,0,0,0,0,0,0,0,0,0,0
R_2IQ0Ypf1VdZPOPN,KDU-CSL,"Snaží se neustále zjišťovat a ověřovat fakta, snaží se nepodléhat ideologiím.","Myslí si, že stát je dojná kráva a že starat se sám o sebe je to nejlepší.",0,0,0,0,0,0,0,0,0,0,0,0,0,0,0,0,0,0,0,0,0,0,0,0,0,0,0,0,0,0,0,0,0,0,0,0,0,0
R_2M9jVhGQjh4Jq9W,ANO,"Pracující, loajální, poctivý, nekonfliktní ","Vychcaní, chamtiví, příživníci, co pro svůj prospěch zastřelí vlastní babičku a ještě tvrdí, že to byla sebevražda ",0,1,0,0,0,0,0,0,0,0,0,0,0,0,0,0,0,0,0,0,0,0,0,0,0,0,0,0,0,0,0,0,0,0,0,0,0,0
R_8kLqLoTl48lZ956,ODS,"S velkým všeobecným přehledem. Zajímají se o současné dění doma i ve světě. Čerpají informace z různých zdrojů, mají kritické myšlení. Jsou zaměstnaní nebo podnikají. Jsou plně soběstační. Cestují. Pracují na svém osobním rozvoji.",Nižší vzdělání i intelekt. Pracují jako nekvalifikovaní pracovníci. Nemají přehled o současném dění. Podléhají dezinformacím. Informace si neumí vyhledat a ověřit. Za své neúspěchy obviňují ostatní. ,0,0,0,0,0,0,0,0,0,0,0,0,0,0,0,0,0,0,0,0,0,0,0,0,0,0,0,0,0,1,0,0,0,0,0,0,0,0
R_23e8VxD4TPvalOH,ANO,Maji mozek  a ne jako ovce se tahnout za stadem,Veri vsemu co jim kdo reknd bez ohledu na rozum,0,0,0,0,0,0,0,0,0,0,0,0,0,0,0,0,0,0,0,0,0,1,0,0,0,0,0,0,0,0,0,0,0,0,0,0,0,0
R_2PyTRNMwyxLhvTK,ANO,"Zkušení lidé, kteří pamatují doby minulé. Starší generace.","Mládí, chytří, nezkušení.",0,0,0,0,0,0,0,0,0,0,0,0,0,0,0,0,0,0,0,0,0,0,0,0,0,0,0,0,0,0,0,0,0,0,0,0,0,0
R_2MV4t92oqJOok01,Other,"Záleží jim i na druhých, nejen na svém prospěchu, pracují poctivě a nemyslí jenom na peníze","Jsou to lidé, kteří mají peníze a rozhodně je nezískali poctivou prací,",0,0,0,0,0,0,0,0,0,0,0,0,0,0,0,0,0,0,0,0,0,0,0,0,0,0,0,0,0,0,0,0,0,0,0,0,0,0
R_8TeE1sHtxFRtAoF,ODS,"více doprava, liberální, demokratičtí, podnikatelé, nesnáší Babiše","obyčejí lidé podle Paroubka...Zemanovci, babišovci, konspirátoři, dezoláti, proruští švábi",0,0,0,0,0,0,0,0,0,0,0,0,0,0,1,0,0,0,0,0,0,0,0,0,0,0,0,0,0,0,0,0,0,1,0,0,0,0
R_8ROkv9fJaR2wdZn,Pirati,"Chytrý, laskavý, inteligentní ","Nevzdělaný, hloupý, zlý a nebo zakomplexovaný ",0,0,0,0,0,0,0,0,0,0,0,0,0,0,0,0,0,0,0,0,0,0,0,0,0,0,0,1,0,0,0,0,0,0,0,0,0,0
R_81b23u8L5jEGeT5,ANO,Nemají rádi Babiše ani SPOLu ale radši by volili Babiše než aby spolu zase okrádala naše lidi,Jsou to většinou proruští lidé kteří tvrdí že za komunistů bylo lépe a že si Ukrajina na aktuální situaci může sama,0,0,0,0,0,0,0,0,0,0,0,0,0,0,1,0,0,0,0,0,0,0,0,0,0,0,0,0,0,0,0,0,0,0,0,0,0,0
R_2AQJxpyZhmd8beM,ODS,neumím je vůbec nijak popsat,neumím je nijak popsat,0,0,0,0,0,0,0,0,0,0,0,0,0,0,0,0,0,1,0,0,0,0,0,0,0,0,0,0,0,0,0,0,0,0,0,0,1,0
R_8BUs3osncmaJCVP,TOP09,"Vzdělané lidé, kteří často cestují do zahraničí, umějí cizí jazyky, nechtějí prodat Česko za pivko a pár knedlíků","Blbí, zavistlivé pepíci, kteří svoji žensku prodají za guláš s pivečkem",0,0,0,0,0,0,0,0,0,0,0,0,0,0,0,0,0,0,0,0,0,0,0,0,0,0,0,0,0,0,0,0,0,0,0,0,0,0
R_2sRZfdlsXwE5DR7,,"Nevím, nevim, nevim, nevim ",Nevím a nevím a nevím ,0,0,0,0,0,0,0,0,0,0,0,0,0,0,0,0,0,1,0,0,0,0,0,0,0,0,0,0,0,0,0,0,0,0,0,0,1,0
R_8B3SdtafK6FW6B8,SPD,"Vzdělaní umělci nebo vědci, kteří vyznávají tradiční hodnoty, ale nebrání se smysluplným inovacím. Umí zachovat chladnou hlavu a jsou rozumní. Nedají se opít rohlíkem populistických a ultraprogresivistických stran a stojí nohama pevně při zemi. Jsou zásadoví a to samé čekají od politiků, konzistentnost, vytrvalost, upřímnost a smysl pro spravedlnost.","Lidé, kteří chtějí vše od základu změnit, chaos a nerovnováha je jejich libidem. Jejich pravou tváří je faleš, kterou skrývají za milý úsměv. Jsou ti co se ozývají jako první a nenechají na sobě nic suchou. I kdyby lhali a kradli sebevíc, prospěch chtějí jen pro sebe a ne pro celou společnost. Jejich intelekt mysli je vysoký, ale sociální intelekt zdaleka nevyčnívá jako věž uprostřed města.",0,0,1,0,0,0,0,0,0,0,0,0,0,1,0,0,0,0,0,0,0,0,0,0,0,0,1,0,0,0,0,0,0,0,0,0,0,0
R_2ogzEmbK7Hvy2WZ,SPD,Jsou nasraní z  činnosti vlády,Lidi s odlišným názorem,0,0,0,0,0,0,0,0,0,0,0,0,0,0,0,0,0,0,0,0,0,0,0,0,0,0,0,0,0,0,0,0,0,0,0,0,0,0
R_277JSDZ1LtakYCN,STAN,"Snaží se vybrat stranu, která má k lidem rovné postoje a nikoho neznevýhodňuje na základě rasy nebo sexuální orientace. Stranu, která chápe důležitost toho, co se děje okolo nás a nevidí pouze jednoduchá a jednostranná řešení těžkých situací
","Lidé, kteří se odvolávají na demokracii, přestože vlastně neuznávají jiné názory",0,0,0,0,0,0,0,0,0,0,0,0,0,0,0,0,0,0,0,0,0,0,0,0,0,0,0,0,0,0,0,0,0,0,0,0,0,0
R_8a3SC7iQZGXeE6Z,ANO," spolehlivý,poctivý, pracovitý, loajální ","Slibují co nemůžou slíbit, parazitují na ostatních,lžou jsou nespokehlivý",0,1,0,0,0,0,0,0,0,0,0,0,0,0,0,0,0,0,0,0,0,0,0,0,0,0,0,0,0,0,0,0,0,0,0,0,0,0
R_8hrNMGRdegPVrrj,,"Viz předvhozí odpověď, většinou to jsou kamarádi z vejšky co mají dobře placené práce, umí jazyky, cestují a záleží jim na moderním, svobodném a ""pravdivém"" životě","Volič SPD, asi? :D Jakože já chci hlavně liberální vládu (ale ne příliš - žádný otevřený azyl a vítání imigrantů) co konečně provede pořádně digitalizaci, nastaví směr modernizace ekonomie z montovny a nebude se v komunikaci a koaličních jednání patlat jak jelito... opak toho jsou asi typy voličů SPD nebo některých sekcí ANO a KSČM, ale přesněji to asi necharakterizuju",0,1,0,0,0,1,0,0,0,0,0,0,0,0,0,0,0,0,0,0,0,0,0,0,0,0,0,0,0,0,0,0,0,1,1,0,0,0
R_8z8y9SnVLe9nJey,Other,"nevím, nedokážu popsat. nesoudím.","nevím, nedokážu soudít. ",0,0,0,0,0,0,0,0,0,0,0,0,0,0,0,0,0,1,0,0,0,0,0,0,0,0,0,0,0,0,0,0,0,0,0,0,1,0
R_2pGT9pXYNZG9LAu,ANO,"Ekonomicky nezávislí na státu. Pracující, vlastní názor","Každý máme svůj názor. Volby jsou demokratické. Pokud vyhraje jiná strana, podřídim se",0,1,0,0,0,1,0,0,0,0,0,0,0,0,0,0,0,0,0,0,0,0,0,0,0,0,0,0,0,0,0,0,0,0,0,0,0,0
R_8sR0CvkEK6U3ZNs,Other,"inteligentní, vzdělaní a hodní lidé, kteří nechtějí nikoho obtěžovat ani okrádat.","Rasista, neonacista... a lidé, kteří neposlouchají cizí argumenty a nechtějí se dohodnout na kompromisech",0,0,0,0,0,0,0,0,0,0,0,0,0,0,0,0,0,0,0,0,0,0,0,0,0,0,0,0,0,0,0,0,0,0,0,0,0,0
R_27qSNh0fS9cnbXP,STAN,"snaží se vyhovět i potřebám a požadavkům menšin, posunout Česko na Západ, záleží jim na tom, jak se k sobě navzájem lidi chovají i v diskuzi s lidmi, co mají jiný názor.","Takoví lidé, co brblají, když mají něco státu zaplatit, a pak sami požadují, aby stát utrácel peníze za ně. Nedokážou se vcítit do problémů ostatních lidí, a co se přímo netýká jich, pak podle nich není vůbec důležité.",0,0,0,0,0,0,0,0,0,0,0,0,0,0,0,0,0,0,0,0,0,0,0,0,0,0,0,0,0,0,0,0,0,0,0,0,0,0
R_2qV6CRxoKc1zLfb,ANO,"Vyšší střední třída,2-3 děti ","Jsou buď hodně bohatí,nebo negramotnostní",1,0,0,0,1,0,0,0,0,0,0,0,0,0,0,0,0,0,0,0,0,0,0,0,0,0,0,0,0,0,0,1,0,0,0,0,0,0
R_8LiHHmG8URUkvkM,ODS,Bílý/á heterosexuální pracující muž nebo žena tvořící HDP,Lidi plandající životem a neschopní řídit svůj život,0,1,0,0,0,0,0,0,0,0,0,0,0,0,0,0,0,0,0,0,0,0,0,0,0,0,0,0,0,0,0,0,0,0,0,0,0,0
R_2vNwMSheuxv9o4N,ODS,Jsou to lidi na stejné úrovni jako já.,Pro mne to jsou lidi s nižším vzděláním.,0,0,0,0,0,0,0,0,0,0,0,0,0,0,0,0,0,0,0,0,0,0,0,0,0,0,0,0,0,0,0,0,0,0,0,0,0,0
R_2ATdhjAjVF4KqrL,ODS,pohodář chytrý rozumný inteligentní,Pokud jsou to voliči ANO tak jsou to jen hloupé ovce,0,0,1,0,0,0,0,0,0,0,0,0,0,0,0,0,0,0,0,0,0,0,0,0,0,0,0,0,0,0,0,0,0,1,0,0,0,0
R_2GK7RSrOL081ZQp,ANO,Střední třída rodina dětmi zaměstni,Starší rozvedení podnikatel ,1,0,0,0,1,0,0,0,0,0,0,0,0,0,0,0,0,0,0,0,0,0,0,0,0,0,0,0,0,0,0,0,0,0,0,0,0,0
R_8XiK9tusLQGXFV8,ANO,Ti co stojí nohama pevně na zemi a nemají smyšlené představy. ,"Hodně porovnávají veci, mají smyšlené představy",0,0,0,0,0,0,0,0,0,0,0,0,0,0,0,0,0,0,0,0,0,0,0,0,0,0,0,0,0,0,0,0,0,0,0,0,0,0
R_2Jf6pmtLfEo2x2Z,ANO,"Nevím co je to za lidi,když neví koho volit",Nejsou rozhodli koho volit,0,0,0,0,0,0,0,0,0,0,0,0,0,0,0,0,0,1,0,0,0,0,0,0,0,0,0,0,0,0,0,0,0,0,0,0,0,0
R_2GDPcYTYnsG9kIY,KDU-CSL,W nevim jak to bude možné toto napsat,To vůbec nevím jak to popsat,0,0,0,0,0,0,0,0,0,0,0,0,0,0,0,0,0,0,0,0,0,0,0,0,0,0,0,0,0,0,0,0,0,0,0,0,1,0
R_8V9er22j6TW4RvF,STAN,"Rozumní, přirozeně inteligentní ",Mají svůj názor a to je v demokracii to důležité ,0,0,1,0,0,0,0,0,0,0,0,0,0,0,0,0,0,0,0,0,0,0,0,0,0,0,0,0,0,0,0,0,0,0,0,0,0,0
R_2aa7EOsXcLUAyJz,STAN,"Střední až nižší třída , které pracuje celý život hned po škole...nikdy nedostala žádné úlevy ani přídavky nebo příspěvky, protože na ně s průměrným platem nedosáhne, nemá žádné známé na vysokých postech, takže bude celý život pracovat někde uprostřed ...nedělá ve státním sektoru, takže platově nikdy nedosáhne ani na republikový průměr, i když má vysokou školu a umí min. 1 cizí jazyk a rozčiluje je neustálé upřednostňování jen určitých skupin , které pracují náročností nebo časem méně než my ( jen pro upřesnění, pracuji 8 hodin denně  a nezastavím se, jsem pod tlakem a ve stresu a přidáno dostanu ročně kolem 1.000,-). Žiju ve svém bytě , ale 70% platu mi měsíčně odchází na bydlení a služby , takže mi měsíčně zbývá na zábavu, oblečení nebo tak cca 3.000....Takže na úpravy doma nebo koupi nábytku musím dost dlouho šetřit....Na dovolenou jezdím pokud dostanu nějakou prémii v práci.","Myslí jen na sebe a ne na jiné skupiny lidí, pracovní nebo věkové a nejsou tolerantní nebo zase až moc ",1,1,0,0,0,0,0,0,0,0,0,0,0,0,0,0,0,0,0,0,0,0,0,0,0,0,0,0,0,0,0,0,0,0,0,0,0,0
R_8k1G4erRxUMiFPP,KDU-CSL,"Mladí lidé, studenti vš, těší se ze života ","Všeznalkové, anti- cokoliv ",0,0,0,0,0,0,0,0,0,0,0,0,0,0,0,0,0,0,0,0,0,0,0,0,0,0,0,0,0,0,0,0,0,0,0,0,0,0
R_8OleDw9ubEluryB,Pirati,"Jsou to mladí lidé, kteří nikdy nebudou mit svou nemovitost, protoze si ji nemohou dovolit ","Nemaji toleranci vůči LGBTQ, soudí lidi podle jejich orientace, vzhledu..",0,0,0,0,0,0,0,0,0,0,0,0,0,0,0,0,0,0,0,0,0,0,0,0,0,0,0,0,0,0,0,0,0,0,0,0,0,0
R_820eVgHQLAYCcCc,STAN,Vzdělaní a schopni diskutovat,Většinou jednodušßí kedinci,0,0,0,0,0,0,0,0,0,0,0,0,0,0,0,0,0,0,0,0,0,0,0,0,0,0,0,0,0,0,0,0,0,0,0,0,0,0
R_8q8tpac6qeOvhh6,ANO,"to nelze popsat,nedokážu to popsat",to takhle nelze popsat,0,0,0,0,0,0,0,0,0,0,0,0,0,0,0,0,0,0,0,0,0,0,0,0,0,0,0,0,0,0,0,0,0,0,0,0,0,0
R_8hEw0FKrpnpG2fQ,,Důraz na sociální politiku,Politika je pro ně základní téma,0,0,0,0,0,0,0,0,0,0,0,0,0,0,0,0,0,0,0,0,0,0,0,0,0,0,0,0,0,0,0,0,0,0,0,0,0,0
R_4bUIsz61TonPe60,,"Střední a, starší generace, vysoké vzdělání ",Každý má nárok na svůj názor. Zkušenost ,1,0,0,0,0,0,0,0,0,0,0,0,0,0,0,0,0,0,0,0,0,0,0,0,0,0,0,0,0,0,0,0,0,0,0,0,0,0
R_2y8WXJjHzlGaod4,STAN,"Chtějí demokracii, stejná práva pro všechny, ověřují si informace, vše pořádně prodiskutuji, není jim jedno že se nemohou brát stejnopohlavní páry, že ještě nepřišla důchodová reforma, ","Lidí kteří voli SPD, ti kteří věří lžím, fámám a fake News a konspiračním teoriím a zničili by společnost ",0,0,0,0,0,0,0,0,0,0,0,0,0,0,0,0,0,0,0,0,0,0,0,0,0,0,1,0,0,1,0,0,0,0,1,0,0,0
R_8nOcoMajrwttttq,,"je mi jedno ,jak kdo co vnímá mluvím za sebe, ","Neřeším je, každý má svůj svobodný názor.",0,0,0,0,0,0,0,0,0,0,0,0,0,0,0,0,0,0,0,0,0,0,0,0,1,0,0,0,0,0,0,0,0,0,0,0,0,0
R_8EmdQXWOWSIerA4,ANO,"Jsou to většinou vzdělaní, analytického myšlení schopní lidé, kteří si zdroje informací ověřuji a konfrontují je se skutečnostím a svými žicotními zkušenostmi.","Nejodlišněji vnímají politiku, na rozdíl ode mne , lidé, kteří obhajují jednání ruské vlády a nevzdělaní lidé, kteří prostě nejsou schopni udělat si vlastní obrázek na důsledky současné činnosti Putinovo vedení země a války, nebo neschopnost naší vlády v oblasti ekonomiky.",0,0,0,0,0,0,0,0,0,0,0,0,0,0,0,0,0,0,0,0,0,0,0,0,0,0,0,1,0,0,0,0,0,0,0,0,0,0
R_8ASkcDL8OVfsaA9,Pirati,"Lidé svobodní a svobodomyslní, ale zároveň v určitých otázkách obezřetní, možná konzervativní. Politikou jsou unavení, protože stále politici vedou žabomyší války, stále na sebe házejí špínu a myslí jen sebe. Jsou z nich znechucení, ať se jedná o Babiše, Okamuru nebo i politiky ze spektra, které volí - ODS, TOP 09, Piráti nebo STAN. Nemyslí na blaho státu a jeho občanů, pořád omílají prázdná hesla a fráze, na která ale bohužel lidé slyší. Lidé jako já jsou chudší, ale pracují, snaží se a je jim smutno a jsou naštvaní z toho, že jim stát nepomůže. Že pomůže lidem, kteří se nesnaží a jen ho využívají. Jsou nešťastní z nedostupného bydlení a na  bydlení ani nedosáhnou. Cítí frustraci. ","Lidé, co se vracejí do minulosti, myslí si, že v minulém režimu bylo lépe. Nechtějí se snažit a jen chtějí využívat stát. Nezáleží jim na generacích, které teprve přijdou, záleží jim jen na tom, aby oni se teď měli dobře. ",0,0,0,0,0,1,0,0,0,0,0,0,0,0,1,0,1,0,0,0,0,0,0,0,0,0,0,0,0,0,0,0,0,0,0,0,0,0
R_8z7Uuz2aiFuLDSa,STAN,Nepatřím k nynější mladé generaci PIRÁTI jsou za mne strana pro mladé středoškoláky vysokoškoláky kteří už znají jen tuhle svobodnou dobu ,To jsou právě ti lidé kteří už se narodili do blahobytu😁,0,0,0,0,0,1,0,0,0,0,0,0,0,0,0,0,1,0,0,0,0,0,0,0,0,0,0,0,0,0,0,0,0,0,0,0,0,0
R_2Qg0fe3xnhQNGvS,,Lidi co se více zajímají o to jak přežít než o politiku,Lidi se kterými může být zajímavá diskuze nebo taky úplně nijaká ,0,0,0,0,0,0,0,0,0,0,0,0,0,0,0,0,0,0,0,0,0,0,0,0,0,0,0,0,0,0,0,0,0,0,0,0,0,0
R_8PhggmgcQL32YWB,ANO,"Mají empatii, dokážou se vcítit do problémů společnosti ", Nebudu se vyjadřovat ,0,0,0,0,0,0,0,1,0,0,0,0,0,0,0,0,0,0,0,0,0,0,0,0,0,0,0,0,0,0,0,0,0,0,0,0,0,0
R_2AvD50Q0GWvZHeV,Other,Klidní v hodnocení současné situace. Ochotní k diskuzi. Ovládají své emoce.,"Umí se prosazovat, jsou výřeční a vše dokáží zdůvodnit. Nerespektují jiný názor a jsou absolutně přesvědčeni o své pravdě.",0,0,0,0,0,0,0,0,0,0,0,0,0,0,0,0,0,0,0,0,0,0,0,0,0,0,0,0,0,0,0,0,0,0,0,0,0,0
R_8jJugotYsHEaAqw,,"Lidi, kteří přemýšlí a přeji si lepší život ",Nerozumi společenským problémům a nechají se uchlacholit hezkymi recmi ,0,0,0,0,0,0,0,0,0,0,0,0,0,0,0,0,0,0,0,0,0,0,0,0,0,0,0,0,0,0,1,0,0,0,0,0,0,0
R_2bUFx87HhJFsYU0,STAN,"Moderní přemýšlení, postupování s rozvahou, otevřeni inovacím.","Jsou to lidé, kteří mají extremistické myšlení, mají staré komunistické zvyky a nerozumí pokroku",0,0,0,0,0,0,0,0,0,0,0,0,0,0,0,0,0,0,0,0,0,0,0,0,0,0,0,0,0,0,0,0,0,0,0,0,0,0
R_2THSFEMMIAWlr35,Other,"Lidé, pro které je důležité tvrzení, že méně znamená více, lidé, kteří potřebují vědět, na čem v životě jsou a co mohou čekat, uvědomují si základní problémy","Populisti, všichni jim ublizuji ",0,0,0,0,0,0,0,0,0,0,0,0,0,0,0,0,0,0,0,0,0,0,0,0,0,0,0,0,0,0,0,0,1,0,0,0,0,0
R_2PddOUrL44exM8j,,"Starají se o udržitelnost, jsou proto, aby gayové mohli uzavírat sňatky a adoptovat děti.","Lidé, kteří nepovažují globální oteplování za problém, kteří jsou proti lgbt komunitě, kteří šíří dezinformace/neověřují si informace a věří všemu.",0,0,0,0,1,0,0,0,0,0,0,0,0,0,0,0,0,0,0,0,0,0,0,0,0,0,0,0,0,1,0,0,0,0,0,0,0,0
R_2SWG4EPt9cb6t1v,ANO,"Inteligentní lidé s vyšším vzděláním, sečtělí a tolerantní. Nevěřící dezinformacím","Méně vzdělaní, bez všeobecného přehledu, dezinformátoři. Lidé neochotní si zjišťovat informace z více zdrojů ",0,0,0,0,0,0,0,0,0,0,1,0,0,0,0,0,0,0,0,0,0,0,0,0,0,0,0,0,0,0,0,0,0,0,0,0,0,0
R_2UYqjHyjZUK1Rbh,,"Politika je příliš nezajímá, mají jiné starosti a záliby. Myslí si, že všem politikům jde jen o to, nahrávat si co nejvíce peněz a lidí je zajímají jen před volbami. ","Politikou žijí, pořád to sledují v televizi a na internetu. Věří tomu, co politici říkají. Myslí si, že chtějí pro lidi to nejlepší ",0,0,0,0,0,0,0,0,0,0,0,0,0,0,0,0,0,0,0,0,0,0,0,0,0,0,0,0,0,0,0,0,0,0,0,0,0,0
R_211bsmnKHL2KGul,,Řídí se vlastním rozumem a vlastními pocity,"Bez vlastního myšlení, poslouchají a dělají co jim řeknou ostatní",0,0,1,0,0,0,0,0,0,0,0,0,0,0,0,0,0,0,0,0,0,0,0,0,0,0,0,0,0,0,0,0,0,0,0,0,0,0
R_2NCDpPslDYkyo3c,KSCM," nesnáší lež, jdou za pravdou jak se říká přes mrtvoly a tak v naší společnosti na to zpravidla doplatí
 pravda a čest se v naší společnosti nevyplácí","jedná se o lidi s velkým majetkem, tito lidé nemají žádné svědomí a jsou ochotni přistoupit na cokoli z čeho mají prospěch, dále jsou to lidé  kteří se vyjadřují ke všemu aniž by si zjistili, přečetli informace a fakt neznají život  většiny lidí
",0,0,0,0,0,0,0,1,0,0,1,0,0,0,0,0,0,0,0,0,0,0,0,0,0,0,0,0,0,0,0,0,0,0,0,0,0,0
R_2vbINpXjTX4cXg5,SPD,"Částo jsou pro Rusko, levicově směřovány atd. Neznamená to ale, že tito lidé jsou tak smýšlející všichni",Lidé co milují EU a myslí si že když vystoupíme nebude jídlo a další služby,0,0,0,0,0,0,0,0,0,0,0,0,0,0,0,0,0,0,0,0,0,0,0,0,0,0,0,0,0,0,0,0,0,0,0,0,0,0
R_2H5Ie7llH1lsxHt,ANO,"inteligentní, prozíravý, s dobrou pamětí","hloupí, nezkušení, ovlivnitelní",0,0,0,0,0,0,0,0,0,0,0,0,0,0,0,0,0,0,0,0,0,0,0,0,0,0,0,0,0,0,1,0,0,0,0,0,0,0
R_8gHNvWxSrDMylSV,TOP09,"Pozitivni vztah k demokracii a svobode, stale hledani pravdy a toho co je spravne, moralni, udrzitelne, v souladu s civilizaci a hodnotami. Jsou alespon obcas aktivni a dokazou se zapojit, odmitaji proudy ktere vedou k diskriminaci, k napadni ostatnich, extremismu.. a dokazou srovnat toho, kdo to s excesy opravdu prehani.","Problemy s prijmy, casto exekuce, nenaplnene osobni ambice, neschopnost vyuzit moznosti, ktere demokracie a trzni ekonomika lidem nabizi. Hledaji rad, ktery zaridi mensi rozdil mezi jimi a uspesnymi lidmi. Nemaji jako prioritu vzdelani, nechteji aby nas vedli nejlepsi, preferuji ty, kteri dokazi zpusobit potize ideologickym oponentum. Konzumuji/siri dobrovolne propagandu, dezinformace a konspirace, pokud maji pocit ze jim muze prospet v destrukci systemu. Pravda nebo svoboda pro ne nemaji velkou vahu a biji se za ne jenom kdz z toho citi prospech.",0,0,0,0,0,1,0,0,0,0,0,0,0,0,0,0,0,0,0,0,0,0,0,0,1,0,0,0,0,1,0,0,0,0,0,0,0,0
R_2f7FImKs5jnWKXW,ANO,"v hnutí Ano jsou lidé konkrétní dostojí svých slibů,nezadlužují republiku","piráti jsou lidé kteří slibovali digitalizaci ,ale neuspěli.Mohli se poučit z vyspělejších zemí jeko je Německo,Francie",0,0,0,0,0,0,0,0,0,0,0,0,0,0,1,0,0,0,0,0,0,0,0,0,0,0,0,0,0,0,0,0,0,0,0,1,0,0
R_8COBBg3W1SxyAbz,Other,"Liberální levice - sociálně citliví, ""woke"", chtějí progresivní daně, efektivní sociální politiku, jsou pro ochranu klimatu, pro rovnost, lidská práva","Jsou to bigoti, chtějí zachovat privilegia bílých hetero mužů, mají rasistické a xenofobní tendence, jsou proti narovnání práv žen a menšin, nevadí jim vulgární vystupování politiků, mají nízkou sociální inteligenci, obdivují bohaté lidi, chtějí, aby se Ukrajina vzdala...",0,0,0,0,0,0,0,0,0,0,0,0,0,0,0,0,0,0,0,0,0,0,0,0,0,0,0,0,0,0,0,1,0,0,0,0,0,0
R_8hANcFP5cu5kiCG,,"Dost znechucení tím, co se nejen u nás, ale i celkově ve světě děje. Jít volit,koho? Většinou menší zlo, následující zruší to, co vymysleli a prosadili jeho předchůdci, snaží se žít, jak to jde a na politiku a politiky moc nemyslí. ","Pokud mi nebudou násilně vnucovat to svoje, budu s nimi vycházet stejně dobře, jako s těmi, kteří jsou mi svými názory blízcí. Ať už má kdokoliv na cokoliv jiný názor než já, musí repektovat ten můj, jediným přínosem může pro nás být, pokud si navzájem budeme umět naslouchat a budeme se snažit si nějak porozumět, říct si a obhájit si svůj názor, aniiž bychom se u toho museli napadat a porvat do krve. ",0,0,0,0,0,0,0,0,0,0,0,0,0,0,0,0,0,0,0,0,0,0,0,0,0,0,0,0,0,0,0,0,0,0,0,0,0,0
R_2CITipfPuCCK8f3,Pirati,"Inteligentní, racionálně smýšlející ","Konzervativně, zaslepeně ",0,0,0,0,0,0,0,0,0,0,0,0,0,0,0,0,0,0,0,0,0,0,0,0,0,0,0,0,0,0,0,0,0,0,0,0,0,0
R_2zL3zKN8rL5NzGN,ANO,"Nenávidím násilí, válku,,  agresi, raději  se podřídím než bych bojovala , ","Agresoři, vychytrali prospěcháři, neberou ohled na druhé ",0,0,0,0,0,0,0,0,0,0,0,0,0,0,0,0,0,0,0,0,0,0,0,0,0,0,0,0,0,0,0,0,0,0,0,0,0,0
R_8xbdWOKvf2LjXhL,Pirati,"Liberálové, podporující menšiny jako třeba LGBT. Podporující demokratický systém a svobodu slova, možnost žít život tak, jak je v mých schopnostech. Nespoléhání se na stát, na úplatky, ale na vlastní iniciativu. ","Chtějí ven z EU, chtějí se izolovat od okolního světa. Chtějí autoritářský režim, někým se nechat vést. Bojí se podnikat vlastní rozhodnutí a spoléhat se pouze na sebe, na své dovednosti a schopnosti.",0,0,0,0,0,1,0,0,0,0,0,0,0,0,0,0,0,0,0,0,0,0,0,0,0,0,0,0,0,0,0,0,0,0,0,0,0,0
R_8cBRf0orRtCLcm5,,Ne díky ne díky ne díky ne díky ne díky ne díky ne díky ,Lidi bez mozku co volí podle jak lépe se bude mít jejich ,0,0,0,0,0,0,0,0,0,0,0,0,0,0,0,0,0,0,0,0,0,0,0,0,0,0,0,0,0,0,0,0,0,0,0,0,0,0
R_2pg9k96xgfVTHfn,TOP09,"Pravicový, vzdělaní lidé. Podporující to, že každý má to co si vypracoval.","Dezolát. Vadí mu ti, kteří mají víc. Nechtějí pracovat a něco budovat.",0,0,0,0,0,0,0,0,0,0,0,0,0,0,0,0,0,0,0,0,1,0,0,0,0,0,0,0,0,0,0,0,0,0,0,0,0,0
R_2pnwVRRHSQQ3TvW,ANO,"Senioři, kteří mají střední nebo nižší  důchod. ","Chtějí nechat lidi pracovat co nejdéle, aby jím nemusely být vypláceny důchody po delší dobu. 
Nezáleží jim na lidech, neustálém zdražování... mysli jen na své blaho",1,0,0,0,0,0,0,0,0,0,0,0,0,0,0,0,0,0,0,0,1,0,0,0,0,0,0,0,0,0,0,0,0,0,0,0,0,0
R_8hTmAuoZGqXayii,TOP09,S lidmi jako já máme společně tématy a všichni jsou spokojený. ,"S lidmi, které jsou odlišné než já, snažím se o politice nebavit. Stejně každý má svůj názor a je těžko někoho přesvědčovat o opak. ",0,0,0,0,0,0,0,1,0,0,0,0,0,0,0,0,0,0,0,0,0,0,0,0,0,0,0,0,0,0,0,0,0,0,0,0,0,0
R_2w63Z5e5wKLqwpk,ODS,Nic co by popisovalo stejného voliče strany ,Převážně důchodci a soc. Slabší ,0,0,0,0,0,0,0,0,0,0,0,0,0,0,0,0,0,0,0,0,0,0,0,0,0,0,0,0,0,0,0,0,0,0,0,0,0,0
R_8nPhdffvyC2v6gN,KDU-CSL,"Jsme na stejné vlně, ale někdy se také můžeme názory lišit. Celkově jsem otevřená diskuzi s těmito lidmi.","Každý si může mít svůj názor, pokud mi daný člověk nenutí jeho názory můžu s ním vycházet a prodiskutovat jeho politické názory.",0,0,0,0,0,0,0,0,0,0,0,0,0,0,0,0,0,0,0,0,0,0,0,0,0,0,0,0,0,0,0,0,0,0,0,0,0,0
R_8lqCpxFa1YH2Bzz,,"Lidé, kteří přemýšlejí nad důsledky politických slibů a jednáním  politických špiček, přemýšlejí o tom, jaké budou mít jejich sliby a jejich jednání  skutečný dopad na  ekonomickou realitu České republiky. Nepodléhají tedy velkohubým  populistickým a předvolebním prohlášením, ať již zleva či zprava politického spektra a umějí si zdůvodnit, proč ten který politik  či jeho strana, mluví tak jak mluví.   ","Podléhají populismu, planým předvolebním slibům, aniž by si uměli říct, jestli jsou tyto sliby realistické a jestli něco skutečně přinesou budoucnosti České republiky. Víc jim záleží na marketingu kampaně, na planých slibech slibujících zlepšení jejich finančního postavení než na hloubce a smysluplnosti volebních programů.  ",0,0,0,0,0,0,0,0,0,0,0,0,0,1,0,0,0,0,0,0,0,0,0,0,0,0,0,0,0,0,0,0,0,0,0,0,0,0
R_8hF6LDzRP3BHrVt,ANO,Jsou to lidé ochotni naslouchat jiným názorům a občas i přijmout určité kompromisy.,"Jsou to lidé, kteří zaujímají extrémní levicový či pravicový názor a kteří nejsou ochotni přijmout žádnou diskuzi a slevit ze svých názorů.",0,0,0,0,0,0,0,0,0,0,0,0,0,0,0,0,0,0,0,0,0,0,0,0,0,0,0,0,0,0,0,0,0,0,0,0,0,0
R_8XZDbrUXEH6lS3D,SPD,Stejná věková generace nebo podobný životní styl ,Starší nebo naopak mladší než jsem ja,0,0,0,0,0,0,0,1,0,0,0,0,0,0,0,0,0,0,0,0,0,0,0,0,0,0,0,0,0,0,0,0,0,0,0,0,0,0
R_8gMl2jhE9BoAfoz,ANO,Lidé s výborným vkusem a stejnými názory. ,S takovými lidmi se o politice vůbec nebaví.,0,0,0,0,0,0,0,1,0,0,0,0,0,0,0,0,0,0,0,0,0,0,0,0,0,0,0,0,0,0,0,0,0,0,0,0,0,0
R_8pf1aqEuWtZO9p7,Pirati,S nima je dobře pobavit a rozveselit se,"Politický závislý, není to správně. Musíš žít pro sebe a rodinu a ne pro politiku. Stejně nic nezměnila ",0,0,0,0,0,0,0,0,0,0,0,0,0,0,0,0,0,0,0,0,0,0,0,1,0,0,0,0,0,0,0,0,0,0,0,0,0,0
R_8CIWiZjFtUp2rhQ,ANO,"muž staršího věku
bezpartijní
dobře zajištěný","muž středního věku
podnikatel
vysokoškolák",0,0,0,0,0,0,0,0,0,0,0,0,0,0,0,0,0,0,0,1,0,0,0,0,0,0,0,0,0,0,0,0,0,0,0,0,0,0
R_2j266ZnUgAAuhSE,STAN,"Lidé minimálně s maturitou, rádi cestují a poznávají nové lidi a kraje. Nemají problém bavit se o jakýchkoli tématech a jsou schopni přijmout kritiku a uznat chybu","Lidé kteří nemají přehled o světě, přebírají názor jen z jedné strany, nejsou schopni dialogu, většinou chtějí co nejvíce bez vlastního přičinění ",0,0,0,0,0,0,0,0,0,0,0,0,0,0,0,0,0,0,0,0,0,0,0,0,0,0,0,0,0,0,0,0,0,0,0,0,0,0
R_2ZtePvLQfAZO4kF,TOP09,"Opírají se o životní zkušenost a vĕdí, že nejdražší je to, co je zadarmo. Svůj názor si vytvářejí po analýze více zdrojů. Snaží se myslet i na budoucnost s udržitelný rozvojem. Vidí ekonomiku spojenou s ekologiì a bohužel vliv lidí žijících jen pro současnost.
 ","Lidé spoléhají na nové vůdce, případně lidé vycházející z novinových titulků, pro které je pohodlnější povrchové myšlení",0,0,0,0,0,0,0,0,0,0,0,0,0,0,0,0,0,0,0,0,0,0,0,0,0,0,0,0,0,0,0,0,0,0,0,0,0,0
R_8yrdRzDaBgIyZow,ODS,"Pravicoví konzervativní, zodpovedná politika bez zadlužování.","Nižší třída, rádi by vše dostali od státu, bez ohledu na hospodaření. ",0,0,0,0,0,0,0,0,0,0,0,0,0,0,0,0,0,0,0,1,0,0,0,0,0,0,0,0,0,0,0,0,0,0,0,0,0,0
R_8PjR65jQRSiJici,,Nevím ?...................,Nevím ...................,0,0,0,0,0,0,0,0,0,0,0,0,0,0,0,0,0,1,0,0,0,0,0,0,0,0,0,0,0,0,0,0,0,0,0,0,1,0
R_82PZjupyY98yu7N,STAN,"člověk střední třídy, který s penězi vychází, ale nemůže je rozhazovat","bohatí podnikatelé, co chtějí výhody hlavně pro sebe",1,0,0,0,0,0,0,0,0,0,0,0,0,0,0,0,0,0,0,0,0,0,0,0,0,0,0,0,0,0,0,1,0,0,0,0,0,0
R_82XJmQLPsPgWZp7,Other,Lidé kteří svými názory bych zařadil napsáno od středu,Lidé prosazující 'oboustranný' extrémizmus a násilí,0,0,0,0,0,0,0,0,0,0,0,0,0,0,0,0,0,0,0,0,0,0,0,0,0,0,0,0,0,0,0,0,0,0,0,0,0,0
R_8p5v0IZyEVadAej,,"Zodvovědní, inteligentní ","Cílevědomí, prospěchářšťí",0,0,0,0,0,0,0,0,0,0,0,0,0,0,0,0,0,0,0,0,0,0,0,0,0,0,0,0,0,0,0,0,0,0,0,0,0,0
R_8M6C1V791cJlgIW,,"Spolehlivý, drží dané slovo, dokáže uznat pravdu oponenta ","Zpátečníci, nemoderní, alibismus, populisti ",0,0,0,0,0,0,0,0,0,0,0,0,0,0,0,0,0,0,0,0,0,0,0,0,0,0,0,0,0,0,0,0,1,0,0,0,0,0
R_80PamNqhWrwc7Ia,ANO,"normální obyčejní lidé, kteří mají nyní velmi malé prostředky na své zdraví, dovolené, koníčky","velice konfliktní lidé, kteří si myslí, že naše minulost byla opravdu špatná",0,0,0,1,0,0,0,0,0,0,0,0,0,0,0,0,0,0,0,0,0,0,0,0,0,0,0,0,0,0,0,0,0,0,0,0,0,0
R_89fQRHCxLRDeM93,ANO,"Člověk střední vrstvy, s normálním platem a prací na plný úvazek ","Lidi, kteří jsou na jiné vlně než já, kteří řeší jiné problémy ",1,0,0,1,0,0,0,0,0,0,0,0,0,0,0,0,0,0,0,0,0,0,0,0,0,0,0,0,0,0,0,0,0,0,0,0,0,0
R_8ZVQGJEQpvaj2E7,ANO,"Finančně gramotní, vzdělání, zajímající se o seberozvoj, řeší otázku udržitelnosti, mají hodnoty ","Finančně negramotní, nevzdělaní, pořád si na něco stěžují, nedělají nic proto aby se měly lépe ",0,0,0,0,0,0,0,0,0,0,0,0,0,0,0,0,0,0,0,0,0,0,0,0,0,0,0,1,0,0,0,0,0,0,0,0,0,0
R_81pwHmwRWmchsZu,,"Lidé, kteří už dávno prohlédli tuto hru na politiky a vedení státu a nemají zájem se jí dál účastnit.","tito lidé stále věří, že za ně někdo něco vyřeší a to i na úkor jiné skupiny lidí, kterou oni nemají rádi, nesnáší...potřebuji a chtějí se mít lépe, ale za cenu omezení někoho jiného...nebo jiné skupiny...tito lidé absolutně nechápou základní pravidla přirozenosti vývoje a života a nejspíš ani vesmíru a nejspíš ani matičky Země",0,0,0,0,0,0,0,0,0,0,0,0,0,0,0,0,0,0,0,0,0,0,0,0,0,0,0,0,0,0,0,0,0,0,0,0,0,0
R_2OltcRU3gp8FuTL,,"Rádi žijí, cestují. Nebojí se práce,  výzev. ","Chtějí jen výhody, nechce se jim pracovat. Jsou vypočítaví, nemyslí na budoucnost.",0,1,0,0,0,0,0,0,0,0,0,0,0,0,0,0,0,0,0,0,1,0,0,0,0,0,0,0,0,0,0,0,0,0,0,0,0,0
R_8osXFB1QlXmtp7z,,"Znechuceny tim, co se tady deje","Ti, kteri se zenou jenom za penezi a jdou pres ""mrtvoly""",0,0,0,0,0,0,0,0,0,0,0,0,0,0,0,0,0,0,0,0,0,0,0,0,0,0,0,0,0,0,0,0,0,0,0,0,0,0
R_2Rq2vuU99t5Tlm1,,"Lidé, kteří jsou schopni změnit svůj názor na základě různých diskuzí a zjištěných informací. Jsou schopni kritický zhodnotit nové poznatky.","Lidi, kteří se ode mě nejvíce lidí, jsou většinou ti lidé, kteří politikou absolutně žijou, nejsou schopni žádné změny názorů a jsou ve svých názorech velmi zatvrzelí. A také nejsou schopni kritického myšlení.",0,0,0,0,0,0,0,0,0,0,0,0,0,0,0,0,0,0,0,0,0,0,0,0,0,0,0,0,0,0,0,0,0,0,0,0,0,0
R_2tLjT2y0hzOE1uU,STAN,"Vyssi vzdelani, dobrý prijem a zivotni standard, hodnoty jdou pro ne dulezite a jsou ochotni pro ne neco obetovat, zajimaji se o spol.deni a politiku, maji vseobecny prehled, je pro ne zasadni demokracie,nesnasi komunisty a fasisty","Maji nizsi vzdelani, hur placenou praci, dluhy, politiku spis nesleduji, ze svych problemu obvinuji politiky, nehladaji chyby u sebe, je pro ne jednodussi se ridit tim,co jim kdo rekne,nez nest odpovednost za vlastni rozhodovani,vzhlizi k silnym vudcum a veri jejich slibum,prestoze jim jsou naprosto lhostejni a opovrhuji jimi, slysi pouze na okamzita a snadna reseni,nemysli na budoucnost.",0,0,0,0,0,0,0,0,0,0,0,0,0,0,0,0,1,0,0,0,0,0,0,0,0,0,0,0,0,0,0,0,0,0,0,0,0,0
R_8nuUtS5Hl38F373,TOP09,"Lidi, co si o politice nedělají iluze a volí to ""menší zlo."" Lidi co vědí, že na složité problémy neexistují jednoduchá řešení a proto se nedají zlákat populisty.","Jsou to často lidi méně vzdělaní, méně inteligentní, jednodušší, naivní (ale samozřejmě ne všichni jsou takoví). Věří krásně znějícím populistickým prohlášením.",0,0,0,0,0,0,0,0,0,0,0,0,0,1,0,0,0,0,0,0,0,0,0,0,0,0,0,0,0,0,1,0,1,0,0,0,0,0
R_8HwhZYjBfbdESpX,Pirati,"Lidi se středním a vyšším vzděláním, ověřující si informace. Ochotni změnit tvůj názor.","Jsou to lidé kteří jsou ovlivněni fake news, dezinformacemi, obvykle starší osoby, případě velice mladí. Dle mého názoru jsou to i osoby s nižším vzděláním.",1,0,0,0,0,0,0,0,0,0,0,0,0,0,0,0,0,0,0,0,0,0,0,0,0,0,0,0,0,1,0,0,0,0,0,0,0,0
R_2IhhsMYcDLIKtsB,ODS,"lidé s komplexním myšlením, jsou schopní chápat souvislosti a ne uvažovat izolovaně","lidé kteří většinou nemají dobré vzdělání, respektive nejsou ve svém oboru dobří a jsou naštvaní na všechny okolo. Bohužel jejich situace primárně vychází z nich samotných, což nedokážou pochopit.",0,0,0,0,0,0,0,0,0,0,0,0,0,0,0,0,0,0,0,0,0,0,0,0,0,0,0,0,0,0,0,0,0,0,0,0,0,1
R_2DqfaZATUqaW1F4,ANO,"lidé, kteří mají paměť na to co strany nabízejí před volbami a pak dělají něco jiného","lidi, kteří nemají svůj názor a nechají se manipulovat lhaním pětikoalice a ovlivněni českou televizi, panem Moravcem a podobně",0,0,0,0,0,0,0,0,0,0,0,0,0,0,0,0,0,0,0,0,0,0,0,0,0,0,0,0,0,0,1,0,0,0,0,0,0,0
R_2OfuO8fL4CMsDVf,ANO,Takové lidi nesoudim a pokud nechteji nebavime se o politice,"Nikoho podle toho, koho voli nesoudim",0,0,0,0,0,0,0,0,0,0,0,0,0,0,0,0,0,0,0,0,0,0,0,0,0,0,0,0,0,0,0,0,0,0,0,0,0,0
R_2WPhN6wQJDr4R5J,,Vubec je nezajímá politika ,Nevim co napsat nezajímá mě politika ,0,0,0,0,0,0,0,0,0,0,0,0,0,0,0,0,0,0,0,0,0,0,0,0,0,0,0,0,0,0,0,0,0,0,0,0,0,0
R_29r5r8sg264QW9r,KSCM,Můžou to být lidé různí. I tito lidé mi mohou být  nesympatičti.,"Lidé jsou různí. Můžou se chovat různě volit. Pokud to není fanatik a je to dobrý člověk je jedno, co volí.",0,0,0,0,0,0,0,0,0,0,0,0,0,0,0,0,0,0,0,0,0,0,0,0,0,0,0,0,0,0,0,0,0,0,0,0,0,0
R_2Ku7BMCkEM3IS7T,,"Politika je vůbec nezajímá. Občas jdou volit,když si myslí,že strana co by zvítězila,by zde dokázala něco podstatného změnit.","Jsou to lidé,co se vyznají v politice,chodí pravidelně volit a o každé ze stran dokáží neco povědět.",0,0,0,0,0,0,0,0,0,0,0,0,0,0,0,0,0,0,0,0,0,0,0,0,0,0,0,0,0,0,0,0,0,0,0,0,0,0
R_25KQTnKSCF7tJrX,STAN,"Ctí demokracii, přejí si, aby stát co nejméně omezoval přirozený rozvoj ve všech oblastech lidské činnosti (za dodržení etického jednání vůči lidem i přírodě) a dokázal podpořit potřebné, aby se co nejvíce mohli začlenit do běžného života.","Mají pocit, že stát se má o ně vždy postarat, nerespektují potřeby a názory druhých.",0,0,0,0,0,0,0,0,0,0,0,0,0,0,0,0,0,0,0,0,0,0,0,0,0,0,0,0,0,0,0,0,0,0,0,0,0,0
R_8c5bkVGY3vwQrtX,ANO,"Obyčejní lidé,kteří vyznávají pravdu,nesnáší lež,tunelování ČR,a současnou vládu",Tupé ovce vyznávající tuhle současnou šílenou vládu,0,0,0,0,0,0,0,0,0,0,1,0,0,0,0,0,0,0,0,0,0,0,0,0,0,0,0,0,0,0,0,0,0,0,0,0,0,0
R_22RyXDABFycsiNB,ANO,"empatičtí, cílevědomí, ambiciózní, společensky prospěšní ",lidé závislí na dávkách bez přínosu společnosti ,0,0,0,0,0,0,0,0,0,0,0,0,0,0,0,0,0,0,0,0,0,0,0,0,0,0,1,0,0,0,0,0,0,0,0,0,0,0
R_8eICa7rSWJTcPWl,ANO,"Ponauceny, vtlzdelany , sebejisti",By měli být vzdelany,0,0,0,0,0,0,0,0,0,0,0,0,0,0,0,0,0,0,0,0,0,0,0,0,0,0,0,0,0,0,0,0,0,0,0,0,0,0
R_2xWY8IdTZfSryCs,STAN,"Nebojí se dělat radikální změny, nespoléhají se ve všem na stát, jsou přístupni kompromisům","Lidé, kteří spoléhají na to,že je někdo zachrání a jsou neustále nespokojení, protože lidé, kteří nespoléhají na sebe, budou vždy nespokojení ",0,0,0,0,0,0,0,0,0,0,0,0,0,0,0,0,0,0,0,0,0,0,0,0,0,0,0,0,0,0,0,0,0,0,0,0,0,0
R_8atoHHw7ClfVRxT,STAN,"Zajímají se o politiku, jsou to mladí lidé, VŠ vzdělání.","Venkované, málo vzdělaní, úplatní (věří politikům, co jim slibují vyšší mzdu/důchod), neochotní diskutovat",0,0,0,0,0,0,0,0,0,0,0,0,0,0,0,0,0,0,0,0,0,0,0,0,0,0,0,0,0,0,0,0,0,0,0,0,0,0
R_2hPuYg9THgGWUnf,KSCM,Tyto lidé mají pouze stejný názor a představu o životě jako já.Rád s nimi najdu společnou řeč a nejsem žádný organizátor a starám se spíše sám o sebe a o své blaho a tak by to měl mít každý se mnou sympatizující.,"Tyto lidé mají stejná práva a povinnosti jako já a stejně tak i názory.Je na každém z nás koho preferuje a zcela odsuzuji nějaké škatulkování.Je demokracie,tak ať je se vším všudy ",0,0,0,0,0,0,0,1,0,0,0,0,0,0,0,0,0,0,0,0,0,0,0,0,0,0,0,0,0,0,0,0,0,0,0,1,0,0
R_2ypwKack4daDwCe,,"Běžný občan státu, který nenadává na každou změnu a chápe, že některé reformy jsou nutné, i když bolestivé ","Lidé, kteří bezvýhradně čekají na to, že se o ně stát bezvýhradně postará, dále tací, kteří všechny kroky všech politiků vidí jako zlo proti občanům státu ",0,0,0,1,0,0,0,0,0,0,0,0,0,0,0,0,0,0,0,0,0,0,0,0,0,0,0,0,0,0,0,0,0,0,0,0,0,0
R_2QT0BTyb7KwiBhq,,"Liberální, demokratického smýšlení, jsou si však vědomi, že k uhájení svobod je třeba někdy použít méně demokratické postupy.","Nedemokratičtí, neliberální, jednodušší.",0,0,0,0,0,1,0,0,0,0,0,0,0,0,0,0,0,0,0,0,0,0,0,0,0,0,0,0,0,0,0,0,0,0,0,0,0,0
R_8gh5kAIVwvawrZv,,"Lidé, kteří jsou celkově nespokojení se situací v ČR","Nevím jak popsat, stojí si za svým ",0,0,0,0,0,0,0,0,0,0,0,0,0,0,0,0,0,0,0,0,0,0,0,0,0,0,0,0,0,0,0,0,0,0,0,0,1,0
R_21do4hXQZNjg3Pa,,"Nikoho takového neznám. Mají sice názory podobné, ale stále si myslí, že existence politiky je správná a že bez politiky nemůže  stát a svět existovat. Já si naopak myslím, že politika by měla být trestná nebo aspoň zakázaná.","Jsou to všichni, kteří věří, že politika má přínos pro stát a pro občany. Jdou volit, protože doufají, že volůby něco změní. Věří v politickou agitku. Věří politikům",0,0,0,0,0,0,0,0,0,0,0,0,0,0,0,0,0,0,0,0,0,0,0,0,0,0,0,0,0,0,0,0,0,0,0,0,0,0
R_2nOQ8UPjpGY0QOs,,"pravicově smýšlející, kteří se chtějí starat sami o sebe","levicově smýšlející, co nic samostatně nevymyslí",0,0,0,0,0,0,0,0,0,0,0,0,0,0,0,0,0,0,0,0,0,0,0,0,0,0,0,0,0,0,0,0,0,0,0,0,0,0
R_8WrSVpD2wSaowF3,ANO,"Lídé, kteří vědí že nic není jen černé nebo bílé a že je potřeba zajímat se do hloubky. Zárověň si nesmíme idealizovat politiky, bohužel často mají i své osobní zájmy.","nevedu otevřené rozhovory o politice, je to občas zdroj  rozčilování. Vadí mi lidé, kteří zjednodušují bez znalosti daného problému a jeho okolností",0,0,0,0,0,0,0,0,0,0,0,0,0,0,0,0,0,0,0,0,0,0,0,0,0,0,0,0,0,0,0,0,0,0,0,0,0,0
R_8tjvkYmL41MidiN,ANO,"mírní, spolehliví, dobří, mírumilovní","zkorumpovaní, necitliví, myslí na svůj prospěch",0,0,0,0,0,0,0,0,0,0,0,0,0,0,0,0,0,0,0,0,0,0,0,0,0,0,0,0,0,0,0,0,0,0,0,0,0,0
R_2LS9Z2FkGZlQAPF,Other,"Svobodní, chytří, normální ","Primitivové s nízkým IQ, nebo podporovatelé EU",0,0,0,1,0,1,0,0,0,0,0,0,0,0,0,0,0,0,0,0,0,0,0,0,0,0,0,0,0,0,0,0,0,0,0,0,0,0
R_8PQV7NsxLRGwoS8,TOP09,Nevim nenapada me jak popsat ,"Nudni, nechápavý , nezajimavy",0,0,0,0,0,0,0,0,0,0,0,0,0,0,0,0,0,0,0,0,0,0,0,0,0,0,0,0,0,0,0,0,0,0,0,0,0,0
R_2kUN85nDQNpwiPW,ANO,"Obyčejní lidé s obyčejnými, ale pro ně důležitými problémy.","Lidé, co mají jiný politický názor.",0,0,0,1,0,0,0,0,0,0,0,0,0,0,0,0,0,0,0,0,0,0,0,0,0,0,0,0,0,0,0,0,0,0,0,0,0,0
R_8DUcyQKtzhbxtkA,STAN,Politika není důležitá a můj život neovlivňuje.,"Závislí na státu,,za všechno mohou ostatní.",0,0,0,0,0,0,0,0,0,0,0,0,0,0,0,0,0,0,0,0,0,0,0,0,0,0,0,0,0,0,0,0,0,0,0,0,0,0
R_8y15OIUsNaPP9GK,ANO,"Jsou sympaticti, klidní,  pracovití, radsi řeší práci nebo osobní věci než politiku. Rádi se vzdělávaji a učí se nové věci. ","Jsou sobecti, mají rádi jen peníze pro sebe a nemysli na ostatní. Rozum jim nic neříká ",0,1,0,0,0,0,0,0,0,0,0,0,0,0,0,0,0,0,0,0,0,1,0,0,0,0,0,0,1,0,0,0,0,0,0,0,0,0
R_2kjI3W4xVFRxQFd,KSCM,"Lidé, kteří si nenechají nikým vnutit žádné myšlenky a radši si sami zanalyzují dostupné informace.","Lidé, kteří nepotřebují o ničem důkazy.",0,0,0,0,0,0,0,0,0,0,0,0,0,0,0,0,0,0,0,0,0,0,0,0,0,0,0,0,0,0,0,0,0,0,0,0,0,0
R_8TMBqsd7BL6vRj6,,"Lidé, kteří smýšlejí o polotice jako já, bývají spíše klidní a praktičtí. Myslí si, že politika je složitá a že volby toho moc nezmení. Mají pocit, že politici často slibují věci, které pak nesplní. Nevěří moc tomu, že jeden politik nebo strana dokáže skutečně vyřešit velké problémy. Proto raději věnují čas svému životu a rodině než politice. Tito lidé mají pocit, že je lepší se starat o vlastní spokojenost než čekat, že něco vyřeší vláda nebo volby.","Lidé, kteří přemýšlí o politice úplně jinak než já, často politiku sledují velmi pozorně. Rádi čtou zprávy, diskutují o politice a mají silné názory na to, kdo by měl být zvolen a proč. Věří, že volby jsou důležité a že každý hlas může něco změnit. Títo lidé se často zapojují do různých politických akcí nebo podporují určité strany či politiky. Mají pocit, že politika ovlivňuje jejich životy a že se o ni musí zajímat, aby se věci zlepšily. Mohou mít velká očekávání a doufají, že volba správného člověka nebo strany pomůže změnit svět k lepšímu.",0,0,0,0,1,0,0,0,0,0,0,0,0,0,0,0,1,0,0,0,0,0,0,0,0,0,0,0,0,0,0,0,0,0,0,0,0,0
R_8qqKiSFQG2y6O5H,Other,"S těmito lidmi se cítím na stejné vlně, mohu si s nimi popovídat o čemkoliv.","Lidé s jiným názorem, kterému já nerozumím a nemohu s ním souhlasit.",0,0,0,0,0,0,0,0,0,0,0,0,0,0,0,0,0,0,0,0,0,0,0,0,0,0,0,0,0,0,0,0,0,0,0,0,0,0
R_8n62UG91Rp1RlaS,Pirati,Volime piraty protoze cesko potrebuje zmenu a ne jen kecy starych lidi.,"Muj otec by volil SPD a Okamuru, pritom ja si myslim ze mluvi nesmysly",0,0,0,0,0,0,0,0,0,0,0,0,0,0,0,0,0,0,0,0,0,0,0,0,0,0,0,0,0,0,0,0,0,0,1,0,0,0
R_2CxT05DraTjdne3,STAN,"Chápou, že společenská situace je složitější, neobviňují současnou vládu, ale jako vývoj společnosti. Hodnotí jednotlivce podle dovedností a chování a ne podle toho, čím jsou. Nezačínají diskuze typu “ti dnešní mladí”.","Takoví lidé sdílejí řetězové zprávy na sociálních sítích, vyjadřují nenávistné postoje vůči různým skupinám lidí, EU, Fialovi… jsou negativní vůči jakémukoli nutnému pokitickému rozhodnutí.",0,0,0,0,0,0,0,1,0,0,0,0,0,0,0,0,0,0,0,0,0,0,0,0,0,0,0,0,0,0,0,0,0,0,0,0,0,0
R_2OIdeQjEGai2CsA,Pirati,"Stejné koníčky a názor na svět. Rozhled v sociální, kulturní sféře","Mají klapky na očích a jsou důvěřivý bez ověření informaci, ktere strana publikuje",0,0,0,0,0,0,0,0,0,0,0,0,0,0,0,0,0,0,0,0,0,0,0,0,0,0,0,0,0,0,0,0,0,0,0,0,0,0
R_8GNgG18ybvQFBcZ,TOP09,"Liberální, mladší člověk, žijící ve větším meste","Zklamaný, starší člověk s nižším vzděláním",0,0,0,0,0,0,0,0,0,0,0,0,0,0,0,0,0,0,0,0,0,0,0,0,0,0,0,0,0,0,0,0,0,0,0,0,0,0
R_8UXOQsnSfrEeY93,ANO,"Mají dost současné vlády, chtějí změnu","Nemyslící blbci, kteří seurputně drží svého, i když musí vidět, že je to špatné",0,0,0,0,0,0,0,0,0,0,0,0,0,0,0,0,0,0,0,0,0,0,0,0,0,0,0,0,0,0,0,0,0,0,0,0,0,0
R_8SwcBTBwK2sJNfo,STAN,"Lidé s vysokou školou, lidé zvyklí si informace ověřovat. Lidé na vyšších pozicích, kteří chápou důsledky a hrozby politického populismu.","Většinou to jsou lidi téměř bez vzdělání, kteří sice potřebují peníze, ale nejsou ochotni se vzdát svých zlozvyků (např. kouření). Ale protože potřebuji peníze, které jim určitě politické strany slibuji (ANO, SPD), jdou ochotni uvěřit nesmyslům a dezinformacím, které si neověřuji a bezmezně jim věří. ",0,0,0,0,0,0,0,0,0,0,0,0,0,0,0,0,0,0,0,0,0,0,0,0,0,0,0,0,0,1,0,0,0,1,1,0,0,0
R_2oBkm6dGmL7oQ8M,STAN,"Mají vyšší vzdělání, zkušenosti a zážitky s různými situacemi. 
Empatie, vzájemná úcta, slušné chování - tak by se měli chovat všichni bez rozdílu..","Každý se rozhodujeme a jednáme podle zkušeností a prostředí, ve kterém žijeme, s kým žijeme.. 
Každý jsme něco zažili, proto chápu, když někdo preferuje někoho jiného a má jiné názory než já. 
Lidi se většinou chovají jako hloupé ovce, následují stádo..",0,0,0,0,0,0,0,0,0,0,0,0,0,0,0,0,0,0,0,0,0,0,0,0,0,0,0,0,0,0,0,0,0,0,0,0,0,0
R_26gUUMKHPGzI95e,ANO,Jsou to normálně myslící lidé,Každý má právo na svůj názor.,0,0,0,0,0,0,0,0,0,0,0,0,0,0,0,0,0,0,0,0,0,0,0,0,0,0,0,0,0,0,0,0,0,0,0,0,0,0
R_2KD67gznCXdFzfA,,"lidé, co dokážou prokouknout nenasytnost a farizejství, populismus a lež u politiků, vidí činy politiků a jejich důsledky pro občany","u politiků buď neprohlédnou mamon, farizejství, neschopnost, korupci, nabubřelost  a nebo jsou stejní jako ni",0,0,0,0,0,0,0,0,0,0,1,0,0,0,0,0,0,0,0,0,0,0,0,0,0,0,0,0,0,0,0,0,0,0,0,0,0,0
R_8nuyca2MSdw7BKN,ANO,"Racionální, realističtí a poctivý.",Kariéristi a zloději.,0,0,1,0,0,0,0,0,0,0,0,0,0,0,0,0,0,0,0,0,0,0,0,0,0,0,0,0,0,0,0,0,0,0,0,0,0,0
R_8FgIu9uHkX6hU2t,Pirati,"Vzdělaní lidé jakéhokoli věku,kteří jsou ochotni prevzit zodpovědnost za svůj život, nespoléhají na sociální dávky (ale vnímají je jako záchrannou síť v případě nemoci či osobní krize), zajímají se o budoucnost mladších generací, nechtějí žít na dluh (ani konkrétně,ani obratně), u dětí kladou důraz na vzdělávání a slusnost","Závistiví sobečtí starci,kteří tvrdí,že za komunismu bylo lépe, volí Babiše, protože jim přidává na důchodech, nezajímá je klima, budoucnost mladých, bytová krize, mají radost z vítězství Trumpa jen z toho důvodu,že to není vhod demokratickým stranám a věří,že Trump zastaví válku .",0,0,0,0,0,0,1,0,0,0,0,0,0,0,0,0,0,0,0,0,0,0,0,0,0,0,0,0,0,0,0,0,0,1,0,0,0,0
R_85zKtlTkk810wMo,ANO,Je jich v mém okolí poměrně málo. ,"Nevím, takhle o tom neuvažuji. ",0,0,0,0,0,0,0,0,0,0,0,0,0,0,0,0,0,0,0,0,0,0,0,0,0,0,0,0,0,0,0,0,0,0,0,0,1,0
R_28gP7S6YrFDASUV,,"Že to jsou lidé, kteří se sice politickými otázkami zabývají, o politice se někdy spolu pobaví, ale mají především jiné problémy k řešení, než politiku.","Nevím, co přesně byste chtěli slyšet. Prostě jsou to lidé s některými radikálními názory, se kterými nesouhlasím, ale neznamená, že se s nimi nebavím. ",0,0,0,0,0,0,0,0,0,0,0,0,0,0,0,0,0,0,0,0,0,0,0,0,0,0,0,0,0,0,0,0,0,0,0,0,1,0
R_24nOT4poUkvXR8R,STAN,"Lidé, kteří se snaží nedělat problémy a nechat ostatní žít. Zároveň vyznávají tradiční hodnoty.","Radikálové, kteří vymýšlejí nesmysly a snaží se vládnout tvrdou rukou.",0,0,0,0,0,0,0,0,0,0,0,0,0,0,0,0,0,0,0,0,0,0,0,0,0,0,0,0,0,0,0,0,0,0,0,0,0,0
R_2RVBlMxlDuP5uby,,"Jsou to lidé,kteří se nezabývají vlastním prospěchem,ale přitom neubližují nikomu ani nikomu nestraní.","Myslím si,že každý má právo mít vlastní politický postoj,kterému věří a za ním si stojí.Nesouhlasím s lidmi,kteří jsou tzv.kam vítr tam plášť,kde čekají na nějaké výhody z toho plynoucí",0,0,0,0,0,0,0,0,0,0,0,0,0,0,0,0,0,0,0,0,0,0,0,0,0,0,0,0,0,0,0,0,0,0,0,0,0,0
R_8CV58USMs5eBg1S,ANO,tito voliči loajální k volené straně,"jsou to také jen lidí a mají právo na své názory
",0,0,0,0,0,0,0,0,0,0,0,0,0,0,0,0,0,0,0,0,0,0,0,0,0,0,0,0,0,0,0,0,0,0,0,0,0,0
R_2NlyVT4MELznqPT,STAN,Zajímají se o politiku trochu stejně jako já ,Vůbec se o politiku nezajímá a nechodí ani k volbám ,0,0,0,0,0,0,0,0,0,0,0,0,0,0,0,0,0,0,0,0,0,0,0,0,0,0,0,0,0,0,0,0,0,0,0,0,0,0
R_8hvAo6rI1caa45X,SPD,Lidé podobné jako já vnímám politiku ,Normální člověk jako já ,0,0,0,0,0,0,0,0,0,0,0,0,0,0,0,0,0,0,0,0,0,0,1,0,0,0,0,0,0,0,0,0,0,0,0,0,0,0
R_8QrW8zmcgmMwta7,SPD,"Lidé, kteří spoléhají sami na sebe. Lidé, pro které jsou preference v tomto pořadí: rodina, sousedé, obec, stát. Lidé, kterým nevadí jiný politický názor, ale vadí jim třeba plýtvání veřejnými prostředky typu podplácení naší líné a uřvané menšiny prostřednictvím štědrých dávek, klientelismus, zlodějské neziskovky (ne všechny, pouze cca 98 procent). Nemohu napsat vše, nemám k dispozici několik desítek hodin.","Tito lidé jsou, na rozdíl ode mne a podobných, agresivní a nesnášenliví vůči odlišným názorům. Typický příklad: volební shromáždění ODS, STaN apod. probíhá v klidu. Volební meeting např. ANO - vždy tam přijdou příznivci výše uvedených vyřvávat svoje moudrá a napadat ostatní.",0,0,0,0,1,0,0,0,0,0,0,0,0,0,0,0,0,0,0,0,0,0,0,0,0,0,1,0,0,0,0,0,0,1,0,1,0,0
R_26BN1gtbxujcyxX,Other,rasisti homofobií nacionalisté nesmíš nic říct ani zveřejnit ,Karijerysti manipanti ,0,0,0,0,0,0,0,0,0,0,0,0,0,0,0,0,0,0,0,0,0,0,0,0,0,0,0,0,0,0,0,0,0,0,0,0,0,0
R_8F2MMuJdz45YQH7,Pirati,Volnomyslenkarsti hippieci. ,"Rasisti a komunisti, kteri nejsou otevreni novym vecem",0,0,0,0,0,0,0,0,0,0,0,0,0,0,0,0,0,0,0,0,0,0,0,0,0,0,0,0,0,0,0,0,0,0,0,0,0,0
R_845AaG6O44UbRkK,STAN,"Laskavý, moudri, demokrati, schony videt veci tak hak jsou, nepodleha populismu, uprimny, nelžu, spravedlivy, realista","Podkehajici populismu, lzou, nerealisti, sibci, hlupci",0,0,0,0,0,0,0,0,0,0,0,0,0,0,0,0,0,0,0,0,0,0,0,0,0,0,0,0,0,0,0,0,0,0,0,0,0,0
R_8rloBfst5nCHzSr,ANO,Chápu to každý má názor nějaký ,Každý má svůj názor a já to respektují ,0,0,0,0,0,0,0,0,0,0,0,0,0,0,0,0,0,0,0,0,0,0,0,0,0,0,0,0,0,0,0,0,0,0,0,0,0,1
R_8Sd8ErHXfKTY6K4,KSCM,Aby uznali i dobré věci minulého režimu. ,Jsou krátkozrací a nepřemýšlejí co může nastat. Někteří volí podle vzhledu,0,0,0,0,0,0,0,0,0,0,0,0,0,0,0,0,0,0,0,0,0,0,0,0,0,0,0,0,0,0,0,0,0,0,0,0,0,0
R_2lD2XXPcWHBbdSN,Other,jsou to lidi s kritickým myšlením a berou v potaz více úhlů pohledu,"takové ovce, co věří všemu ve zprávách",0,0,0,0,0,0,0,0,0,0,0,0,0,0,0,0,0,0,0,0,0,0,0,0,0,0,0,0,0,0,0,0,0,0,0,0,0,0
R_2dNgSPufnH1XBcf,ANO,"starší lidé,kteří už něco prožili.","každý má své zkušenosti a vize do budoucna,svůj názor nebo sdílí názor někoho jiného.",0,0,0,0,0,0,0,0,0,0,0,0,0,0,0,0,0,0,0,0,0,0,0,0,0,0,0,0,0,0,0,0,0,0,0,0,0,0
R_8CvbjhQ1E8cyt3Q,,Jsou to lidé se stejným vnímáním a řešení problémů.,"Jsou to lidé s odlišným vnímáním důležitých věcí, které jsou pro naší společnost důležité. Lidé s jiným uvažováním a prioritami.",0,0,0,0,0,0,0,1,0,0,0,0,0,0,0,0,0,0,0,0,0,0,0,0,0,0,1,0,0,0,0,0,0,0,0,0,0,0
R_2vjOfGQseuRCOFd,ANO,"nijak, s lidmi se o politice nebavím","Nijak, o politice se s lidmi většinou nebavím",0,0,0,0,0,0,0,0,0,0,0,0,0,0,0,0,0,0,0,0,0,0,0,0,0,0,0,0,0,0,0,0,0,0,0,0,0,0
R_2JQIZSf9V4kX0S0,STAN,"Vzdělání, se všeobecnými rozhledem","Nevzdělaní, ignorantští",0,0,0,0,0,0,0,0,0,0,0,0,0,0,0,0,0,0,0,0,0,0,0,0,0,0,0,1,0,0,0,0,0,0,0,0,0,0
R_2S0M4LIS0jlGrjd,ANO,"Nevím, jak smýšlí ostatní lidé ","Nevím, nerozumím tomu",0,0,0,0,0,0,0,0,0,0,0,0,0,0,0,0,0,1,0,0,0,0,0,0,0,0,0,0,0,0,0,0,0,0,0,0,1,0
R_8Fs099HhnpoSwqN,ANO,nevim me to moc nezajma lidi,moc lidi nevmimam jsem sama sebou,0,0,0,0,0,0,0,0,0,0,0,0,0,0,0,0,0,0,0,0,0,0,0,0,0,0,0,0,0,0,0,0,0,0,0,0,0,0
R_8r7AKoMOAqFXgM9,ODS,"Lidé, kteří se zajímají o dění kolem sebe, chovají se slušně, jsou ochotni nezištně pomáhat a dělá jim to radost.
Nemají rádi velkohubé politiky, nevolí KSČM, SPD a ano. Ví, v čem tkví hrozba populismu. ","Voliči SPD, KSČM a ANO. Lidé, kteří nejsou ochotni přemýšlet o ničem jiném, než vlastním prospěchu. Milují populisty. ",0,0,0,0,0,0,0,0,0,0,0,0,0,0,1,1,0,0,0,0,0,0,0,0,0,0,0,0,0,0,0,0,1,1,1,0,0,0
R_2QtDiDohZE7xYhi,Pirati,"Tolerantní lidé, proevropsky smýšlející, přemýšliví, s kritickým myšlením.","Jsou to lidé s nižším vzděláním, mnohdy už postarší. Lidé lehce zmanipulovatelní, snadno podléhající dezinformacím.",0,0,0,0,0,0,0,0,0,0,0,0,0,0,0,0,0,0,0,0,0,0,0,0,0,0,0,0,0,1,0,0,0,0,0,0,0,0
R_81uparszfBTKXge,Pirati,"Středové zaměření, s akcentací na sociální stránku, ale také na menší podnikatele a OSVČ. za důležité považují zdravotnictví, vzdělávání (nehrazené) a ekologii.","radiálové, věřící dezinformacím",0,0,0,0,0,0,0,0,0,0,0,0,0,0,0,0,0,0,0,0,0,0,0,0,0,0,0,0,0,1,0,0,0,0,0,0,0,0
R_8gI8ymQBjIcZSHQ,ANO,"Primárně jimjde o to kam naše země směřuje. Je třeba zajistit chod hospodáství, průmyslu. Nebýt jen montovnou. Je smutné že evropský vývozce elektřiny, kterým ČR beze sporu je, má nejdtažší elektřinu.
Tahle vláda fialové bídy musí skončit. ","Před volbami se nechali oklamat. Po volbách si nechtějí přiznat, že se nechali oklamat. Takže dál ze sebe nechají dělat hlupáky.
Nejhorší však je, že kvůli těmto lidem a fialové vládě naše česká zem dostala další ránu ze které se budeme horko těžko vzpamatovávat několik generací.",0,0,0,0,0,0,0,0,0,0,0,0,0,0,0,0,1,0,0,0,0,0,0,0,0,0,0,0,0,0,1,0,0,0,0,0,0,0
R_2C9mv3ug4NMoS7P,STAN,"zajímají se o dění doma i ve světě, ",zatvrzelí a neochotní přijmout jiné stanovisko,0,0,0,0,0,0,0,0,0,0,0,0,0,0,0,0,0,0,0,0,0,0,0,0,0,0,0,0,0,0,0,0,0,0,0,1,0,0
R_2GoZiySZaeoBnYl,ANO,"může to být kdokoliv, mladý ,starý, dělník, důchodce, úředník apod. , takový člověk se nedá popsat","nevím, podle mne jsou to lidé stejní jako já, jen mají jiný názor, který jim neupírám a předpokládám, že oni tolerují ten můj",0,0,0,0,0,0,0,0,0,0,0,0,0,0,0,0,0,0,0,0,0,0,0,0,0,0,0,0,0,0,0,0,0,0,0,0,1,0
R_2Hzv02b47egjMW4,ANO,"Jak jsem již psala, o politice se veřejně nebavím, takže nemohu popsat lidi, kteří mají stejné politické smýšlení, jako mám já. ","Těžko se popisují lidé, kteří mají jiný názor na politickou situaci než já. Každopádně, pokud bych někde řekla, že budu volit ANO, byla bych veřejně pranýřována, takže to raději nikde neříkám. Proto nevím, jak popsat lidi, kteří mají o politice jiný názor. Této diskuzi se vyhýbám. ",0,0,0,0,0,0,0,0,0,0,0,0,0,0,0,0,0,0,0,0,0,0,0,0,0,0,0,0,0,0,0,0,0,1,0,0,1,0
R_8vdl4LX1gNZYhSI,Other,"mají zájem a berou to jako svou zodpovědnost se o sebe postarat finančně, žijí zdravý životní styl a dbají na prevenci, berou operaci jako poslední možnost a nebojí se být odlišní. spoří si","Jsou to lidi s vyznáním, nejsou tak finančně gramotní jako já.",0,0,0,0,0,0,1,0,0,0,0,0,0,0,0,0,0,0,0,0,0,0,0,0,0,0,0,0,0,0,0,0,0,0,0,0,0,0
R_2A1lRSrQB8cD2ek,ODS,Normální lidé žijící normální rodinný život ,"To úplně nevím, těžko říct. ",0,0,0,1,1,0,0,0,0,0,0,0,0,0,0,0,0,0,0,0,0,0,0,0,0,0,0,0,0,0,0,0,0,0,0,0,1,0
R_8jVDlYyt2sAjArv,ANO,obyčejní rozumní lidé milující svobodu a demokracii,"S takto odlišnými lidmi se prakticky nestýkám, aktivně je nevyhledávám a tak je tedy těžko mohu popsat.
V obecné rovině mohu jen konstatovat jejich názorovou nesympatičnost.",0,0,1,0,0,1,0,0,0,0,0,0,0,0,0,0,0,0,0,0,0,0,0,0,0,0,0,0,0,0,0,0,0,0,0,0,0,0
R_2qo2G5i8Lq91iSJ,Other,"Většinou vědeckého zaměření s vysokoškolským vzděláním, demokraticky orientovani. ","Lidé s nižším vzděláním, často extremisticky ovlivňovaní se sklonem k dezinformacím. ",0,0,0,0,0,0,0,0,0,0,0,0,0,0,0,0,0,0,0,0,0,0,0,0,0,0,0,0,0,1,0,0,0,0,0,0,0,0
R_2rTTn46MX3W6qLh,ODS,"Stredni az vyssi trida, vzdelani, s detmi, spolehaji se na sebe - ne na stat","Nizsi vzdelani, za vse muzou ostatni (stat, cizinci, …), chteji aby se o ne postaral na 100% stat",0,0,0,0,0,0,0,0,0,0,0,0,0,0,0,0,0,0,0,0,0,0,0,0,0,0,0,0,0,0,0,0,0,0,0,0,0,0
R_2MSwEIKfpEQJgwY,STAN,"je ochotný naslouchat názoru jiných lidí, dokáže argumentovat bez nadávek, obviňování či násilí, je ochotný ke kompromisu, je slušný, dodržuje zákony a jiné normy, chápe nutnost úspor v rozpočtu (že nelze snižovat daně a zároveň zvedat platy a důchody), považuje za normální chodit do práce, je-li to v jeho možnostech, pomáhá ostatním","mají pocit, že se o ně postará stát, že není zapotřebí chodit do práce, ale stačí počkat na dávky, nejsou ochotni ke kompromisu, neumí přijmout názor někoho jiného, při debatě umí jen útočit a nadávat, nedodržují zákony, mají plná ústa svých práv, ale nechtějí mít žádné povinnosti, volí toho, kdo jim něco slíbí, ale neřeší realitu a zda je možné tyto sliby splnit",0,1,0,1,0,0,0,0,0,0,0,0,0,0,0,0,0,0,0,0,1,0,0,0,0,0,0,0,0,0,0,0,0,0,0,0,0,0
R_2xnnl8hB4ZmT7Vv,Pirati,Jedná se stredo-levicového voliče s velkým fokusem na lidskou důstojnost a sociální spravedlnost. ,"Jedná se o lidi, kteří se vymezují proti menšinám. Jsou extrémně zahledění na ekonomické otázky. Mají tendence utiskovat jednotlivce na úkor celku. Jsou to populistické skupiny.",0,0,0,0,0,0,0,0,0,0,0,0,0,0,0,0,0,0,0,0,0,0,0,0,0,0,0,0,0,0,0,0,1,0,0,0,0,0
R_8emwUiNOCtkBjCp,ANO,Vysoké prijmy rodina lidi všeho věku ,"Nízké příjmy sami, bez rodiny",0,0,0,0,1,0,0,0,0,0,0,0,0,0,0,0,0,0,0,0,0,0,0,1,0,0,0,0,0,0,0,0,0,0,0,0,0,0
R_8PhjWRI6DPtLGBX,ANO,Mají stejný názor. Každý člověk má právo na svůj názor,Každý má právo na svůj názor,0,0,0,0,0,0,0,1,0,0,0,0,0,0,0,0,0,0,0,0,0,0,0,0,0,0,0,0,0,0,0,0,0,0,0,0,0,0
R_20CvIXTLyyNTX6p,ANO,"Budou odtažití, nedůvěřivý, váhavý, tvrdohlavý, příjemný ","Radostný, přetvařující, zvláštní,",0,0,0,0,0,0,0,0,0,0,0,0,0,0,0,0,0,0,0,0,0,0,0,0,0,0,0,0,0,0,0,0,0,0,0,0,0,0
R_2iD7XRoUVixay2g,Other,Lidé se selským rozumem s empatii hlavně nemyslí jen na sebe a nelžou.,"Myslí  na svůj prospěch. Nesnáší jiný názor než ten svůj, vysmívají se ostatním nálepkují. arogantní",0,0,1,0,0,0,0,0,0,0,0,0,0,0,0,0,0,0,0,0,0,0,0,0,0,0,0,0,0,0,0,0,0,0,0,0,0,0
R_2PBvjC24NxA6czr,ANO,ne nejsme nic a nikdo o koho se zajimam,ne nenenene ne ne ne ne ,0,0,0,0,0,0,0,0,0,0,0,0,0,0,0,0,0,0,0,0,0,0,0,0,0,0,0,0,0,0,0,0,0,0,0,0,0,0
R_2dN70ZVRNYzTntK,,"Momentálně jsem zaměřena na vlastní rodinu, děti, politika jde aktuálně mimo mě. Je to téma, které vyvolává hádky, nepochopení a nerada se pouštím do těchto debat. Priority mám momentálně jinde a rozhodování, dělání názorů a řešení politiky nechávám na jiných. Na nikoho nejsem zlá za jeho názor a nikoho nepřesvědčuji. Každý má právo volit dle sebe.","Lidé kteří ve všem vidí chybu vlády, nadávají neustále a především veřejně na vládu a jednotlivce v ní. Přesvědčují ostatní o své pravdě a jsou agresivní.",0,0,0,0,1,0,0,0,0,0,0,0,0,0,0,0,0,0,0,0,0,0,0,0,0,0,0,0,0,0,0,0,0,0,0,0,0,0
R_8I3JLshWrt7fHpY,ANO,"Rozumní lidé,kteří nechtějí drahé potraviny, léky, služby. Lepší život v důchodu.","Lidi,kteří jsou bohatí a nezáleží jim na chudších lidech.",0,0,1,0,0,0,0,0,0,0,0,0,0,0,0,0,0,0,0,0,0,0,0,0,0,0,0,0,0,0,0,1,0,0,0,0,0,0
R_2vxPkGoP3rHSZA5,ODS,"Praktičtí, spravedliví, smysl pro pořádek, rozhodní ","Pasivní, vše za ně musí vyřešit někdo jiný, neinformovaní ",0,0,0,0,0,0,0,0,0,0,0,0,0,0,0,0,0,0,0,0,0,0,0,0,0,0,0,0,0,0,0,0,0,0,0,0,0,0
R_2EhUXRdONVVkCAX,STAN,"Lidé, kteří jsou inteligentní, zajímají se o svět kolem sebe. Mají dostatek peněz na bydlení, jídlo a na své koníčky, ale peníze pro ně nejsou to nejdůležitější. Jsou poměrně spokojeni se svým životem, proto nepotřebují hodnotit druhé nebo jim závidět. Mají dostatečné vzdělání či zkušenosti na to, aby dokázali vyhodnotit dlouhodobé dopady rozhodnutí politiků a nenechali se zlákat populistickými sliby. ","Lidé, kteří nejsou spokojeni se svým životem a potřebují z té nespokojenosti někoho vinit - nesympatickou vládnoucí volební stranu, lidi jiných národností, rasy či genderu, lidi s vyššími příjmy apod. Často se jedná o lidi, kteří mají omezený rozhled, ať už geografický nebo z důvodu nedostatku vzdělání. Nechají se zlákat prázdnými sliby a populistickými nabídkami, obzvláště pokud z toho kouká krátkodobý finanční přínos. ",0,0,0,0,0,0,0,0,0,0,0,0,0,1,0,0,0,0,0,0,0,0,0,0,0,0,0,0,0,0,1,0,1,0,0,0,0,0
R_8E0sBys9EC2Flqo,ODS,"Jsou to pravičáci. Ve větší míře podporují vládní koalici. Jsou hlavně pro demokracii, členství v EU a NATO. Chápou, že se mění celosvětově klima a planeta se otepluje.","Populistické, extremisté, zpátečníci, autoritáři, přiklánějí se na východ ( Rusko, Čína)",0,0,0,0,0,0,0,0,0,0,0,0,0,0,0,0,1,0,0,0,0,0,0,0,0,0,0,0,0,0,0,0,1,0,0,0,0,0
R_2WOPDLlkAlfhLAt,ANO,"Normální, solidarita, pracující pokud to zdraví dovolí, rozumný, ","Namyslení, jen pro sebe, bezohlední,",0,1,1,1,0,0,0,0,0,0,0,0,0,0,0,0,0,0,0,0,0,0,0,0,0,0,0,0,0,0,0,0,0,0,0,0,0,0
R_8GpoxMcwzE7bZZW,STAN,Mám ráda upřímné jednání ,Tak budou volit komunisty a hnutí ano,0,0,0,0,0,0,0,0,0,0,0,0,0,0,0,0,0,0,0,0,0,0,0,0,0,0,0,0,0,0,0,0,0,1,0,0,0,0
R_2rPpo3CrhSBWcxT,STAN,"Snaží se volit menší zlo, protože nic jiného nám nezbývá","Lidi z horších poměrů, co si myslí, že volba populistických stran vylepší jejich životní situaci",0,0,0,0,0,0,0,0,0,0,0,0,0,0,0,0,0,0,0,0,0,0,0,0,0,0,0,0,0,0,0,0,1,0,0,0,0,0
R_8okhxQhZmmCkDCd,SPD,"Do války na Ukrajině bych se nijak nemíchala a k uprchlíkům z Ukrajiny bych se chovala stejně jako k jiným uprchlíkům, zvláště bych se hned z počátku zajímala o jejich finanční situaci a nevyplácela všem podporu, i když jí vůbec nepotřebovali. Především bych na Zelenského i Putina apelovala, aby se snažili co nejdříve ukončit válku. Rozhodně bych odmítla se války jakkoli účastnit, neposílala bych zbraně ani jedné zemi, zachovala bych neutralitu.","Jsou to lidé, velmi podporující Ukrajinu a pomoc Ukrajině i za cenu toho, že by naše země musela vstoupit do války a znamenalo to 3. světovou válku. Jsou to též lidé, kteří fanaticky prosazovali očkování proti Covidu a všechna opatření spojená s pandemií.",0,0,0,0,0,0,0,0,0,0,0,0,0,0,0,0,0,0,0,0,0,0,0,0,0,0,0,0,0,0,0,0,0,0,0,0,0,0
R_2oaKmKrZ5J2F2K3,Other,"Lidé se zdravým rozumem, vzdělaní ","Bez rozhledu, naivní, méně vzdelani",0,0,1,0,0,0,0,0,0,0,0,0,0,0,0,0,0,0,0,0,0,0,0,0,0,0,0,0,0,0,1,0,0,0,0,0,0,0
R_8PYT5dmwCMZtVjV,,"svoboda je spojená se zodpovědností, toto nelze oddělit. nikdo se nemám jen vézt, každý může a měl by něco pro společenství, kde žije, dělat, něco odvádět. ",nezajímám se o politiku,0,0,0,0,0,1,1,0,0,0,0,0,0,0,0,0,0,0,0,0,0,0,0,0,0,0,0,0,0,0,0,0,0,0,0,0,0,0
R_8Rk563eheLMyf5f,,Jsou to lidé dobře se orientující v mezinárodní politice a vyznávají princip demokracie,Jsou to lidé orientovaní na východ a nevyznávající princip demokracie.,0,0,0,0,0,0,0,0,0,0,0,0,0,0,0,0,0,0,0,0,0,0,0,0,0,0,0,0,0,0,0,0,0,0,0,0,0,0
R_2pneCiBSlxLwnuc,,"Vysokoškoláci, se zájmem o ekologii, biozemědělství, technologie, sport a zdravý životní styl.
Lehce “alternativní” pro dnešní svět.","Tvrdohlaví, méně vzdělaní, vez zájmu o souvislosti, věří běžným médiím a všem, co slyší. ",0,0,0,0,0,0,0,0,0,0,0,0,0,0,0,0,0,0,0,0,0,0,1,0,0,0,0,0,0,0,0,0,0,0,0,0,0,0
R_21aCXpNi2E363n1,,"Je jim to celkem jedno, protoze zadna strana neni spravna. Zadna nezajisti blahobyt a aby se lide meli dobre.","Resi vse dukladne, kazdeho clena strany si progoogli.",0,0,0,0,0,0,0,0,0,0,0,0,0,0,0,0,0,0,0,0,0,0,0,0,0,0,0,0,0,0,0,0,0,0,0,0,0,0
R_2LcqdmIyvRRFSrW,SPD,"Podporovatelé Donalda Trumpa a jeho politiky, konce války na Ukrajině. Lidé s negativním postojem k současné podobě EU. Lidé, kteří si velice váží své svobody, práva na vlastní názor a na to navazujicí svobodu slova. Lidé nepodléhajicí lži o CO2, elektromobilitě a obnovitelných zdrojích. Jsou to lidé, kteří si na sobě nenechají testovat vakcíny.","Proimigrační, probruselští, ""zelení"", klávesnicoví váleční hrdinové, kteří hltají polopravdy až čisté lži z masových médií.",0,0,0,0,0,1,0,0,0,0,0,0,0,0,0,0,0,0,0,0,0,0,0,0,0,0,0,0,0,0,0,0,0,0,0,0,0,0
R_2KY9yNCT71ZGpmV,STAN,Informování inteligentní ,"Bez informací, neověřují si žádné informace",0,0,0,0,0,0,0,0,0,0,0,0,0,0,0,0,0,0,0,0,0,0,0,0,0,0,0,0,0,0,0,0,0,0,0,0,0,0
R_2VRb2jv2JuHuAMx,Pirati,Prijemni pratelsti nejsou to blbci,Arogantni sebestredno blbci,0,0,0,0,0,0,0,0,0,0,0,0,0,0,0,0,0,0,0,0,0,0,0,0,0,0,0,0,0,0,0,0,0,0,0,0,0,0
R_2thWfngkR36KFpf,KDU-CSL,"křestané, hodnota rodiny (máma+ tata+ dítě) jiný vzorec ne, ","komunisti, propagace LGBT, propagace potratu, eutanazie",0,0,0,0,1,0,0,0,0,0,0,0,0,0,0,0,0,0,0,0,0,0,0,0,0,0,0,0,0,0,0,0,0,0,0,0,0,0
R_8Pu62zofxkSpTfX,SPD,"Tito lidé se většinou dělí na dvě naprosto odlišné bubliny. Pokud jsou v politýckých otázkách stejně smýšlející jako já a pochází i ze stejné společenské vrstvy, tak jsou naprosto střízliví ve svých názorech, hledají si informace i jinde než jen poslouchají veřejnoprávní televizi a čtou podplacený tisk, uvažují samostatně a  dělají si vlastní závěry. 
Pak je tu skupina lidí, nenáviděná většinou národa, která se mnou nemá vůbec nic společného (co se týče vzdělání, zaměstnání, záliby apod.), ale vyznávají třeba stejný politický směr. ","Jsou příznivci Evropské unie, nevadí jim migrace, třídí odpad, jedou často eko-bio, smýšlejí pozitivně o elektrických autech a udržitelnosti věcí a v covidovém období s enechávali s radostí očkovat. Nutno podotknout, že jsou možná odlišní ode mě, ale mám ve svém okolí spoustu takových lidí a tyto odlišnosti nejsou pro mě problém.",0,0,0,0,0,0,0,1,0,0,0,0,0,0,0,0,0,0,0,0,0,0,0,0,0,0,0,0,0,0,0,0,0,0,0,0,0,0
R_8gSCqhmNaGODR9i,ANO,Realiste kteri spolehaji prevazne na sebe.,Natahuji ruce ke statu a mysli si ze maji na vse narok,0,0,0,0,0,0,0,0,0,0,0,0,0,0,0,0,0,0,0,0,0,0,0,0,0,0,0,0,0,0,0,0,0,0,0,0,0,0
R_8vivhSBAU44BOQD,ODS,"Lidi, kteri se desi vlivu Ruska a maji obavu z dezinformaci. Obavaji se vyse statniho dluhu a obranyschopnosti nasi zeme. Nemaji radi populisty. Chteli by, aby byly dane snazsi (kdo vymyslel ten strasny system vyjimek?), aby se prestalo obchodovat s chudobou a lidi meli rovny pristup ke vzdelani. ","LIde, kteri chteji jednoducha reseni na tezke problemy. Lide, kteri si mysli, ze za komunistu se zilo lepe. Lide, kteri se neobavaji Ruska a totalitnich rezimu vubec. ",0,0,0,0,0,0,0,0,0,0,1,0,0,1,0,0,0,0,0,0,0,0,0,0,0,0,0,0,0,0,0,0,0,0,0,0,0,0
R_2OLr8vC0N5R8cQp,ODS,"Na první místa žěbříčku hodnot staví svobodu, demokracii a lidská práva. Dokáží respektovat odlišné názory u druhých lidí, pokud tito neohrožují demokracii a práva dalších lidí. Uvědomují si, co jsou nyní skutečně vážné problémy, např. že ruská agrese  a další totalitní režimy (Čína, Írán, Severní Korea) jsou teď zásadní hrozbou, proti které je prvořadé se postavit, např. co největší podporou Ukrajiny (včetně vojenské). Jsou to lidé, kteří jsou liberálové v původním slova smyslu, že respektují svobodu ostatních a nemají pocit, že by stát nebo nějaké avantgardní skupiny měly ostatním lidem zakazovat nebo přikazovat, čím mají jezdit, čím topit, co mají jíst, pít apod. Odmítají např. zvýšené daně na slazené nápoje. Jsou ohleduplní vůči životnímu prostředí, dělají a pdporují praktické kroky, jako jsou adaptační opatření, zelené střechy, obnovitelné zdroje energie, omezení plýtvání, ale jsou proti byroktratickým nařízením a zákazům, jako je zákaz spalovacích motorů, zavádění modrých zón ve městěch apod. Nemyslí si, že by stát nebo samospráva měly lidi vychovávat, ale že jim mají sloužit. Jsou pro to, aby všem menšinám byla zaručena rovná politická práva, jsou proti diskriminaci žen, sexuálních menšin apod., ale vadí jim aktuální hysterie kolem politické korektnosti. Pohled na pěknou ženu nepovažují za obtěžování, odmítají pozitivní diskriminaci a kvóty, nemyslí si že vtip o Romech nebo o homosexuálech je nějaký strašný hřích, za který by se měl člověk stydět. Vadí jim nucená digitalizace, když např. město zpoplatní parkování a ani na místo neumístí automaty, takže kdo nemá v mobilu data a banku, je ztracen.","Jsou to lidé ze dvou odlišných extrémů, kteří mají společné asi to, že jsou ""fanatici"" ve svém názoru a proto se s nimi těžko mohu ztotožnit, i když názory na některá konkrétní témata míváme někdy stejné či podobné. Nechtějí připustit, že můžeme mít rozdílné zájmy, své zájmy vidí jako danou pravdu.

Na jedné straně jsou to lidé, kterým vadí liberální demokracie, kapitalismus, obdivují vládu silné ruky, aktuálně třeba podporují Putina, Orbána a Fica. Odmítají podporu Ukrajiny. Nezajímá je, kde stát na některé věci vezme, chtějí jen výhody pro sebe (svou sociální skupinu). Jsou proti menšinám, stereotypně odmítají všechny imigranty, nostalgicky vzpomínají na minulý režim apod. Voliči SPD, Stačilo, PRO, část voličů ANO.

Na straně druhé jsou to lidé pro mě až příliš progresivističtí, kteří trpí sebemrskačstvím, že za všechny problémy lidí v Africe nebo v Palestině můžeme my, jako kdyby Češi někdy měli nějaké kolonie. Pořád bychom se měli někomu omlouvat nebo za jejich despotické a neschopné režimy, které si volí, řešit problémy. V otázce životního prostředí jsou dogmatičtí, všchno by chtěli řešit zákazy, razatními opatřeními, staví ochranu ŽP nad lidská práva. Pohrdají naší Západmí kulturou, obdivují teroristy z Hamásu apod., pohoršují se nad vtipy, které by se mohly někoho dotknout. Z aut si udělali fetiš a symbol všeho zla, stejně jako z toho, když člověk chce bydlet v domku se zahradou a ne v malém bytě ve středu města. Rádi by jen sdíleli a zakázali soukromé vlastnictví, zaváděli vysoké daně, aby bylo na všechny jejich projekty. Nerespektují, že někteří z nás chtějí dožít tak, jak si zvykli, a vnucují jim svůj životní styl, jako jediný správný. Nejraději by zavedli před sexem písemné prohlášení s ověřenými podpisy, takže odstraší lidi od seznamování. Přenáší důkazní břemeno z úřadu na občana, protože je pro ně lepší odsoudit nevinného, než aby jim někdy unikl viník. Voliči Zelených, část voličů Pirátů,",0,0,0,0,0,1,0,0,0,0,0,0,0,0,0,0,0,0,1,0,0,0,0,0,0,0,1,0,0,0,0,0,0,1,1,1,0,0
R_83m6MnpAJsPrukF,STAN,"Lidé, kteří jsou vzdělaní. Nejsou nutně VŠ vzdělaní, ale mají zájem o dění ve společnosti. Politika a to, kam se bude ubírat náš stát, jim není jedno. Umí rozpoznat dezinformace a dohledávat a ověřovat informace. Umí svůj názor vyjádřit civilizovaně a jsou schopni diskutovat. ","Neumí rozeznat dezinformace. Jsou sobečtí a záleží jim pouze na sobě či své agendě, co bude s ostatními uz je nezajímá. Často neumí o svých názorech diskutovat civilizovaně a s klidem, místo normální argumentace přechází rychle do útoku a hádky.",0,0,0,0,0,0,0,1,0,0,1,0,0,0,0,0,0,0,0,0,0,0,1,0,0,0,0,0,0,1,0,0,0,0,0,0,0,0
R_8HFStuVcOO3sfLH,TOP09,Lidi podle politických názorů nehodnotím,"Každý má svůj názor a preference díky podmínkám a prostředí, ve kterém žijeme a jsme ním utvářeni/formováni",0,0,0,0,0,0,0,0,0,0,0,0,0,0,0,0,0,0,0,0,0,0,0,0,0,0,0,0,0,0,0,0,0,0,0,0,0,0
R_2gp9h2cW37qvtpl,ANO,"Lidé, kteří jsou znechucení současnou vládou pětikoalice, kteří chtějí menší výdaje a ochotu pomáhat lidem","Lidé, kteří upřednostňují špatnou životní situaci všech občanů na úkor pravice, na úkor zdánlivé reprezentativnosti současné vlády",0,0,0,0,0,0,0,0,0,0,0,0,0,0,0,0,0,0,0,0,0,0,0,0,0,0,0,0,0,0,0,0,0,0,0,0,0,0
R_8agZhAJ89mbsuNu,ANO,Lidi kteří pořad za vše platí zdražuje se ,Mají dost peněz žijí úplně jinak,0,0,0,0,0,0,0,0,0,0,0,0,0,0,0,0,0,0,0,0,0,0,0,0,0,0,0,0,0,0,0,0,0,0,0,0,0,0
R_808KjDLj3D60nzC,,Já nevim opravdu nevím nevím ,Jsou mnohem více Konzervativní ,0,0,0,0,0,0,0,0,0,0,0,0,0,0,0,0,0,1,0,0,0,0,0,0,0,0,0,0,0,0,0,0,0,0,0,0,0,0
R_8qsOZYehwiQ4HzJ,STAN,"Samostatní, pracovití, nezávislí občané","Líní lidé, kteří chtějí vše zadarmo.",0,1,0,0,0,1,0,0,0,0,0,0,0,0,0,0,0,0,0,0,0,0,0,0,0,0,0,0,0,0,0,0,0,0,0,0,0,0
R_8wjyIh0asf8PaiD,KSCM,"Každý má právo volby, jsem rada",Každý člověk má svůj názor,0,0,0,0,0,0,0,0,0,0,0,0,0,0,0,0,0,0,0,0,0,0,0,0,0,0,0,0,0,0,0,0,0,0,0,0,0,0
R_2V23GozLnvCRwFb,Pirati,"Jsou to lidé, kterým záleží na politickém dění a kteří kladou důraz na čest a zodpovědnost politiků. Umějí kriticky myslet, odhalovat populismus a manipulace. Dokážou se o sebe postarat, nezneužívají podporu a dotace. Zapojují se aktivně do společenského dění, dle možností i do dobrovolnických aktivit a podporují smysluplné projekty případně i finančně (dary). Účastní se voleb, přičemž předem hodnotí programy stran a postoje kandidátů.","Lidé, kteří volí politiky podle toho, jaké výhody jim naslibují bez ohledu na to, jaké dopady to bude mít pro společnost jako celek (stát). Jsou horší než ti, kdo nevolí vůbec.",0,0,0,0,0,0,1,0,0,0,0,0,0,0,0,0,0,0,0,0,0,0,0,0,0,0,1,0,0,0,0,0,0,0,0,0,0,0
R_2HqVLiBHMFpW6n2,ANO,S těmito lidmi se rada budu bavit o politice či jiných zajímavých tématech ,"Kazdy ma právo na svůj názor. Neodsuzuji lidi, kteří se mnou v mých názorech nesouhlasí ",0,0,0,0,0,0,0,0,0,0,0,0,0,0,0,0,0,0,0,0,0,0,0,0,0,0,0,0,0,0,0,0,0,0,0,0,0,0
R_8CqwyupPgyd3tsk,,Bez argumentů o ní nemluví. ,"Moc ji řeší, nadávají bez argumentů a pořádo ni mluví. ",0,0,0,0,0,0,0,0,0,0,0,0,0,0,0,0,0,0,0,0,0,0,0,0,0,0,0,0,0,0,0,0,0,0,0,0,0,0
R_8bJTYuk8kH46hHP,KDU-CSL,"Tito lidé nejsou nějak moc znalí v politice, vyrůstali v prostředí křesťanského.","Chtějí jen peníze pro sebe, neumí myslet kriticky a zjistit si,co jsou ověřené informace a naletí na nesplnitelné sliby.",0,0,0,0,0,0,0,0,0,0,0,0,0,0,0,0,0,0,0,0,0,0,0,0,0,0,0,0,0,0,0,0,0,0,0,0,0,0
R_82X698PP5Nt2BEV,STAN,"Lidé, kteří věří v demokracii a vše, co s ní souvisí - práva, i povinnosti. Lidé, kteří mají a přebírají zodpovědnost za své činy, za své chování, za svá rozhodnutí. Lidé, kteří jsou ohleduplní k druhým, nechtějí omezovat základní lidská práva ostatních občanů. Lidé, kteří se snaží pomáhat.","Lidé, kteří následují populisty, neověřují si informace, věří dezinformacím a šíří je dál. Lidé, kteří sympatizují s autoritářskými režimy. Lidé, kterým chybí empatie a hledí jen na své osobní zájmy. Lidé, kteří chtějí sahat na základní práva ostatním občanům. Lidé, kteří jsou rasisty, homofoby, sexisty nebo sympatizují s jinými diskriminacemi.",0,0,0,0,0,0,1,0,0,0,0,0,0,0,0,0,0,0,0,0,0,0,0,0,0,0,0,0,0,1,0,0,1,0,0,0,0,0
R_8kuABc9OC0f99Pd,ANO,"O politiku se zajímám jen okrajově, nakláním se ke stranám kde cítím podporu a menší zlo než u ostatních","Člověk který je velmi zapalený do politiky, vše zná a sleduje a je zastánce komunistické strany",0,0,0,0,0,0,0,0,0,0,0,0,0,0,0,0,0,0,0,0,0,0,0,0,0,0,0,0,0,0,0,0,0,0,0,0,0,0
R_2aUgLtZWxxglqff,STAN,"Připadají si zmanipulovaní a zahlceni informacemi jejichž pravdivost si nemohou přímo a jednoduše ověřit. Chtěli by něco jako řízenou demokracii, ale ví, že to není možné a žádný osvícený panovník neexistuje. Věříme na vědu a historií ověřené pravdy o dobrých lidech a narůstající moudrost, pomocí které se většina lidí do budoucna snad zachrání a vychová k moudřejším a tím lidštějším vztahum mezi sebou.","Suverenní a sobečtí. K ostatním bezohledně rozhodní a chytří. Jejich motivace je osobní prospěch a být v mocenském postavení ke svým bližním. Přitom chytře předstírat, že jim jde o prospěch lidí.",0,0,0,0,0,0,0,0,0,0,0,0,0,0,0,0,0,0,0,0,0,0,0,0,0,0,0,0,0,0,0,0,0,0,0,0,0,0
R_2axqSJ2MFmFoZq1,STAN,"lidi, kteří jsou rozumní, známí, nejsou idioti","to je spousta lidí většina je v pohodě, a debil se najde všude",0,0,1,0,0,0,0,0,0,0,0,0,0,0,0,0,0,0,0,0,0,0,0,0,0,0,0,0,0,0,0,0,0,0,0,0,0,0
R_8uWmPek7cIxyVjt,ODS,Volič pravice se sociálním cítěním.,"Není to nikdo, každý má nárok na svůj názor
",0,0,0,0,0,0,0,0,0,0,0,0,0,0,0,0,0,0,0,0,0,0,0,0,0,0,0,0,0,0,0,0,0,0,0,0,0,0
R_2UrkMOij34l1e1j,,"Nemají vyhraněný názor, jsou otevření a respektují jiné pohledy a svobodu volby",Nejsou otevření diskusi a neumí si obhájit svůj názor ,0,0,0,0,0,1,0,0,0,0,0,0,0,0,0,0,0,0,1,0,0,0,0,0,0,0,0,0,0,0,0,0,0,0,0,0,0,0
R_8fIJxBTr4ZK7IXf,,Lidi kteří uvažují o problémech v širších souvislostech a nejsou krátkozrací při zásadních otázkách. ,"Lidi bez širšího pohledu, často věřící dezinformacím.  Často hluční ve svých názorech a nekompromisní. Je trapné to napsat, ale většinou se jedná o hloupější lidi… ",0,0,0,0,0,0,0,0,0,0,0,0,0,0,0,0,0,0,0,0,0,0,0,0,0,0,0,0,0,1,0,0,0,0,0,0,0,0
R_23VIGB49nxmA2t3,Other,"Není jim jedno to, jak se zástupci této strany chovali v době své moci. ","Kam vítr, tam plášť. ",0,0,0,0,0,0,0,0,0,0,0,0,0,0,0,0,0,0,0,0,0,0,0,0,0,0,0,0,0,0,0,0,0,0,0,0,0,0
R_82kLHhAVxGe4GPL,ANO,"osoby, kteří mají rádi řád, nízké ceny a inflaci. Kteří chtějí nízké prodejní ceny nemovitostí, kteří nemají rádi uprchlíky ","osoby, které mají rádi uprachlíky, ukrajince. Kteří podporují svatby gayů a leseb ",0,0,0,0,0,0,0,0,0,0,0,0,0,0,0,0,0,0,0,0,0,0,0,0,0,0,0,0,0,0,0,0,0,0,0,0,0,0
R_8PTwOTlPwE3qL52,Other,Normální lidi. Nevidím na nich nic speciálního. ,taky takový normální lidi. jen je politicky nechápu.,0,0,0,1,0,0,0,0,0,0,0,0,0,0,0,0,0,0,0,0,0,0,1,0,0,0,0,0,0,0,0,0,0,0,0,0,0,0
R_2X09V2XRvqR4xVp,ODS,Takový člověk je zastánce politiky která podporuje podnikání a vytváří pozitivní prostředí pro rozvoj firem. Vnímá důležitost svobody slova a vytváření otevřené společnosti kde se mohou všichni vyjádřit. Chce zjednodušení s zprůhlednění procesu ze strany státu čímž chce odstranit byrokratické překážky také pro firmy a živnostníky. Rad by aby zde byly podmínky pro vytvoření vhodných podmínek pro zahraniční firmy. ,"Člověk, který se nezajímá o politiku nerozumí jí ani na úrovni základních principů. Svou volební preferenci odvíjí od neověřených informací nebo nereálných slibů nebo úspěšnosti/sympatičnosti na sociálních sítích nebo pouze na základě sexuální orientace.",0,0,0,0,0,1,0,1,0,0,0,0,0,0,0,0,1,0,0,0,0,0,0,0,0,0,0,0,0,0,0,0,0,0,0,0,0,0
R_8PROCTWcekAokYV,TOP09,"Pracoviti, přicetni lide, važici si svobody",Komouši zastarali.. jejich rodiče byli stb a nebo byvali komouši,0,1,0,0,0,1,0,0,0,0,0,0,0,0,0,0,0,0,0,0,0,0,0,0,0,0,0,0,0,0,0,0,0,0,0,0,0,0
R_8J7CnFLRHHXxNpT,Pirati,"Odpůrci komunistů a komunismu vůbec, liberálové, inteligentní, přátelští, empatičtí, zajímají se o dění kolem sebe, ochranu přírody a zvířat.","lidé s komunistckým myšlením, neempatičtí, sobečtí, hledající jen vlastní prospěch, méně inteligentní, bez rozhledu",0,0,0,0,0,0,0,0,0,0,0,0,0,0,0,0,0,0,0,0,0,0,0,0,0,0,0,0,0,0,0,0,0,0,0,0,0,0
R_8IbChJ8hsE5lAk1,ODS,"pracovití, podnikaví, uznávají demokracii, člověk se má především postarat sám o sebe a ne spoléhat na stát, který se neustále zadlužuje kvůli pochybným slibům populistů","hlavní rozdíl bude v tom, že ti lidé chtějí co nejvíce brát od státu a volí jen podle toho, kolik příspěvků a dávek strana/politik slíbí",0,1,0,0,0,0,0,0,0,0,0,0,0,1,0,0,0,0,0,0,0,0,0,0,0,0,0,0,0,0,0,0,0,0,0,0,0,0
R_8PiLQPz3k355vEe,ANO,mají rozum a vidí co se děje,bud nevidí nebo jsou zloději,0,0,1,0,0,0,0,0,0,0,0,0,0,0,0,0,0,0,0,0,0,0,0,0,0,0,0,0,0,0,0,0,0,0,0,0,0,0
R_2mJb5UniYo5QFdn,ANO,"Mají většinou vyšší vzdělání, nejsou spokojeni se současnou vládou, jejíž výsledky považují za nesocialni, protichůdné vlastním volebním slibům. ","Zastávají určitá dogmata, která si nedají logickými argumenty vyvrátit. Jsou spíše pravicoví, mají menší sociální cítění. ",0,0,0,0,0,0,0,0,0,0,0,0,0,0,0,0,0,0,0,0,0,0,0,0,0,0,0,0,0,0,0,0,0,0,0,0,0,0
R_8QhrCNtghe0yQ08,STAN,Žij a nech žít. Nenutí nikomu svůj názor. Před rozhodnutím se pořádně informují.,"Neschopní nést odpovědnost za své činy. Vše svádějí na ostatní, své okolí, společnost. Rozhodují se emočně, ne podle informací. Věří dezinformacím ",0,0,0,0,0,0,0,0,0,0,0,0,0,0,0,0,0,0,0,0,0,0,0,0,0,1,1,0,0,1,0,0,0,0,0,0,0,0
R_2LCCLnO6trAeG8h,STAN,"Člověk toho typu musí mít nadhled. Řešit budoucnost nejen nás, ale i našich dětí. Spolupracovat s ostatními zeměmi. Soucit a pochopení, přitom jasný řád a důslednost","Extremisti. Lidi typu “po nás potopa, hlavně, že se mám teď dobře”. Hloupý lidé, že nevidí dál než do svého talíře",0,0,0,0,0,0,0,0,0,0,0,0,0,0,0,0,0,0,0,0,0,0,0,0,0,0,0,1,0,0,0,0,0,0,0,0,0,0
R_89tVwWB3BICMRwo,,"Chápou věci v souvislostech. Nezajímá je jen momentální situace a momentální změna, ale i dopady, které to bude mít dlouhodobě. Mají zájem o celospolečenské ""dobro"", které překračuje hranice toho, co se jich přímo dotýká. Např. i když z opatření bude nejvíc benefitovat někdo jiný než oni - tak pokud vnímají, že daná skupina to skutečně potřebuje a celospolečensky je to prospěšné, tak to vnímají jako dobrou věc. Jdou otevření, zvídaví a chtějí věci pochopit. Nevnímají věci černobíle, ale snaží se zhodnotit plusy a mínusy a pak z toho teprve dělat závěr. Jsou ochotni přistoupit i na řešení, která nejsou veskrze ""příjemná"", pokud u nich vnímají dlouhodobý přínos, nebo že jsou nutná, popř. je třeba udělat kompromis.","Myslím, že takoví lidé nebudou vnímat věci v souvislostech, budou věci brát jen podle toho, jak přímo ovlivňují je - 
 a co je subjektivně štve. Nezvažují celospolečenský aspekt - buď proto, že jim to nedochází, nedokáží to relevantně zhodnotit, jsou sobečtí, nebo se o nic jiného než o sebe nezajímají. Nechají se ""ukecat"" populistickými sliby, snížením cen, zákazem imigrace apod., ale nevnímají celkový kontext, dopad a dlouhodobé hledisko.",0,0,0,0,0,0,0,0,0,0,0,0,0,0,0,0,0,0,0,0,0,0,0,0,0,0,0,0,0,0,1,0,1,0,0,0,0,0
R_822s0bOwCEfmJOj,,"Popsala bych je jako lidi, kteri opravdu vi, co je to demokracie. Nejsou to ovce, vetsinou jsou to oide, kteei k volbam nejdou, protoze vi, ze stádo jinych ma uplne jine mysleni a nekdy se az divite, kdo ma tady praho volit. Nehlede na to, ze neni z koho volit. Jsou to lide s uplne jinou mentalitou nez českou.","OVCE! Lide, kteei nečtou skutecnou pravdu a veei, ze media ukazuji pravdu.",0,0,0,0,0,0,0,0,0,0,0,0,0,0,0,0,0,0,0,0,0,0,0,0,0,0,0,0,0,0,0,0,0,0,0,0,0,0
R_2oU4w91zD1tEq7z,STAN,Věří v budoucnost EU a v demokracii. Jsou schopni si ověřovat informace ,"Většinou jde o lidi, kteří věří dezinformacím. Nemají vlastní názor a mají zpackaný život. Tudíž inklinují ke stranám, které jim slibují, že se budou mít lépe. I když to není pravda.",0,0,0,0,0,0,0,0,0,0,0,0,0,0,0,0,0,0,0,0,0,0,0,0,0,0,0,0,0,1,0,0,0,0,0,0,0,0
R_2Em25KVodHkalXs,,"Ihned vy odvolali vládu. Dávali by peníze vybrané na daních lidem v ČR a neposílali je na Ukrajinu, kde se póze ztratí. Přemýšleli, zdali pro nás ještě stále je účast v EU větší přínos než negativní dopady. Obnovili by automobilový průmysl. Neprodali by nikdy státní podniky (pivovary,aerolinky,…), aby i naše země měla své významné prodejce na trhu. Zmeninili by systém školství. Zakázali by dávat/podsouvat detem možnost, ze jsou jiné pohlaví než se narodiliy. ","Věří, že dnešní vláda to myslí dobře s chce pomoct lidem. Věří v nynější systém nastavený v EU. Věří, že jediná cesta jak ukončit válku na Ukrajině je silou a stále posílat Ukrajině zbraně,munici s hlavně nase peníze. Věří, že vysoké ceny potravin a energií nemůže vláda. Chápou, že všichni Ukrajinci zde v ČR by měli brát dávky a nemusí pracovat, Mojou si zde dělat co chtějí a chovat se jak kdyby jim to
Tu patřilo.  ",0,0,0,0,0,0,0,0,0,0,0,0,0,0,0,0,0,0,0,0,1,0,0,0,0,0,0,0,0,0,0,0,0,0,0,1,0,0
R_8OlxL2FxiBBTWGr,,Nevim co mam napsat moc nerozumim otazce .,Nerozhodný nezajimavy,0,0,0,0,0,0,0,0,0,0,0,0,0,0,0,0,0,0,0,0,0,0,0,0,0,0,0,0,0,0,0,0,0,0,0,0,0,0
R_2QSW1YncRgjSFJD,STAN,"Myslim, ze se jedna o lidi vesmes VS vzdelani, pripadne takovych, kteri sice vysokou nedokoncili, ale jsou to chytri podnikavi jedinci s vyssimi ambicemi.
Jsou ve stredni/vyssi stredni tride. Maji solidni prijem a ziji pomerne pohodlne zivoty, i kdyz napriklad otazka vlastniho bydleni pro ne muze byt pri soucasnych cenach komplikovana. Maji urcite zivotni hodnoty, kterymi se ridi a ktere jsou pro ne podstatne. Dokazi kriticky premyslet a vyhodnotit plane sliby a populisticka gesta. Maji prehled o historii. Zajimaji se o ekologii, globalni oteplovani a zmenu klimatu, snazi se ke svym rozhodnutim pristupovat strategicky. ","Myslim, ze se casto jedna o lidi s nizsim vzdelanim a nizsim prijmem, kteri maji jiny nahled na zivot a na svet zejmena skrze to, ze se nachazeji na jinem stupni Maslowovy pyramidy potreb a jelikoz musi resit jine problemy a hledat uspokojeni zakladnejsich potreb mnohem sloziteji nez ja, jsou pak nachylnejsi k heslum a slibum nabizejicim snadnejsi a rychlejsi reseni. Uvedu-li priklad, tak pokud musi kazdy mesic resit jestli zaplati vsechny nutne vydaje, uz jim nezbyde prostor resit, jake nakoupit maso/obleceni, aby bylo z eko chovu/udrzitelnych podminek. ",0,0,0,0,0,0,0,0,0,0,0,0,0,1,0,0,0,0,0,0,0,0,0,0,0,0,0,0,0,0,0,0,0,0,0,0,0,0
R_8iJ05kTNb1YXuRX,,Nevím. Neřeším politiku. Těžko říct.,Neřeším politiku ať si každý má svůj názor.,0,0,0,0,0,0,0,0,0,0,0,0,0,0,0,0,0,1,0,0,0,0,0,0,0,0,0,0,0,0,0,0,0,0,0,0,0,0
R_8cVeMVGaGEkkP2F,,Lidé nejsou stejní každý jsme jiný ,Lidé s jinými názory což je normální ,0,0,0,0,0,0,0,0,0,0,0,0,0,0,0,0,0,0,0,0,0,0,1,0,0,0,0,0,0,0,0,0,0,0,0,0,0,0
R_2xGcePEV0GvJntC,TOP09,nikdy jsem takto neuvažoval,nejsou ochotni ke kompromisům,0,0,0,0,0,0,0,0,0,0,0,0,0,0,0,0,0,0,0,0,0,0,0,0,0,0,0,0,0,0,0,0,0,0,0,0,0,0
R_8QfP3hhu0p5cr5o,STAN,Zodpovídají za svůj blahobyt sami na svou zodpovědnost ,"Stát se musí postarat o chudé, nikdo se nesmí mít dobře, hlavně nesmí do Čech přijít Ukrajinci ",0,0,0,0,0,0,1,0,0,0,0,0,0,0,0,0,0,0,0,0,0,0,0,0,0,0,0,0,0,0,0,0,0,0,0,0,0,0
R_2jlTU7kkzNQqbEP,ANO,"Mladí, pracijici lide .dal nevím co napsat",Nevím co na tuto otázku napsat ,0,0,0,0,0,0,0,0,0,0,0,0,0,0,0,0,0,1,0,0,0,0,0,0,0,0,0,0,0,0,0,0,0,0,0,0,1,0
R_82nSbZabBg0uyAM,,Zajímá mne to a sleduji politiků ,"Chodí volit, mají naději že jejich hlas něco změní ",0,0,0,0,0,0,0,0,0,0,0,0,0,0,0,0,0,0,0,0,0,0,0,0,0,0,0,0,0,0,0,0,0,0,0,0,0,0
R_8rTHzK5q2zovOPa,,"Určitě nebudou fanatici, nebudou se v politice pohybovat za každou cenu. Budou si vážit života a své rodiny ","Určitě tyto lidi nebudu přesvědčovat, že je tato strana špatná. Myslim, si, že každý člověk má právo na svůj názor, a také já také nechci ztrácet svůj zbývající čas života něčím, v co nevěřím ",0,0,0,0,1,0,0,0,0,0,0,0,0,0,0,0,0,0,0,0,0,0,0,0,0,0,0,0,0,0,0,0,0,0,0,0,0,0
R_2npXkZQRCHDpNbe,SPD,"Jsou empaticti,chtějí pomáhat lidem,zvířatům a nemyslí jen na svoje potřeby. ","Mysli hlavně na sebe či podporují skupinu lidí, kteří mě nezajímají příklad uprchlíci či jiné menšiny.",0,0,0,0,0,0,0,0,0,0,0,0,0,0,0,0,0,0,0,0,0,0,0,0,0,0,0,0,0,0,0,0,0,0,0,0,0,0
R_2CjTLIvcr1hhA7N,ODS,"Agresivní, neprizpusobivi a nechtějí přijmout názor jiných ",Jiného názoru kteří mají odlišné názory a jsou jinak založení ,0,0,0,0,0,0,0,0,0,0,0,0,0,0,0,0,0,0,0,0,0,0,0,0,0,0,0,0,0,0,0,0,0,0,0,0,0,0
R_2QhYaMFWLpvnxet,ANO,Se zájmem něco změnit.Porozumet politice a ne vykřikovat pláně výhrůžky a nadávat na politiku,"Lidé, kteří vykřikuji,že je vše špatně.Zaryti bez možnosti,aby bylo něco jinak.Extremiste.Bohati lidé, kteří chtějí manipulovat s lidmi ",0,0,0,0,0,0,0,0,0,0,0,0,0,0,0,0,0,0,0,0,0,0,0,0,0,0,0,0,0,0,1,1,0,0,0,0,0,0
R_22NeacmvQLI0G2d,SPD,lidé kteří používají mozek,lidé bez životních zkušeností,0,0,0,0,0,0,0,0,0,0,0,0,0,0,0,0,0,0,0,0,0,0,0,0,0,0,0,0,0,0,0,0,0,0,0,0,0,0
R_27g6wS1fRGhv113,STAN,"Všichni do nějaké míry nesou odpovědnost za problém, na řešení by se měli podílet všichni, všichni by se měli účastnit voleb, měli by dělat nějaký vlastní předvolební průzkum toho co jim kdo slibuje a jaká je reálná šance že to skutečně splní apod. Což dle mého názoru většina lidí nedělá (štve mě to ale také to chápu)","Odmítání odpovědnosti za problém at už vlastní nebo jejich vyvolené strany/politik, vydi sebe a jejich vyvoleným stranu jako jakési zachránce a všichni ostatní jsou ti, kteří mohou za problémy 
Popsala bych jako blahoskloní radikálové bez jakékoliv sebereflexe a bez schopnosti kriticky přemýšlet ",0,0,0,0,0,0,1,0,0,0,0,0,0,0,0,0,0,0,0,0,0,0,0,0,0,1,0,0,0,0,0,0,0,0,0,0,0,0
R_8PdHxdvnpTwMwXC,ODS,Jako lidi co dokáží aspoň porozumět lidím s těžkým životem (těžkou životní situací) a snaží se je jakkoliv podpořit např. rodina postiženého chlapce nemá peníze na speciální auto a nikdo jim nechce přispět,"Nijak bych je nepopsala. Každý má nějaký názor, které se shodovat nemusí ",0,0,0,0,1,0,0,0,0,0,0,0,0,0,0,0,0,0,0,0,0,0,0,0,0,0,0,0,0,0,0,0,0,0,0,0,0,0
R_8zqhHzbi4qeGLgG,ANO,"Zamestnani lide v neumeleckych sferach, ucitele, delnici, urednici, seniori","1/Clovek s umeleckym zamerenim. 
2/Velmi mlady clovek bez zivotnich zkusenosti, idealista.",0,0,0,0,0,0,0,0,0,0,0,0,0,0,0,0,0,0,0,0,0,0,0,0,0,0,0,0,0,0,0,0,0,0,0,0,0,0
R_2oAUt57hVpgnboG,Pirati,"otimističtí, mírně zfetovaní, bez prakticého vzdělání, všehoschopní","čestní, technicky vzdělaní, s širokým rozhledem, nezištní, pracovití,zcestovalí",0,0,0,0,0,0,0,0,0,0,0,0,0,0,0,0,0,0,0,0,1,0,0,0,0,0,0,0,0,0,0,0,0,0,0,0,0,0
R_84VHQxFDrb68Bcl,STAN,"Nevím, podporují strany, které neschvalují Putina","Nevím , podporuje Babiše ",0,0,0,0,0,0,0,0,0,0,0,0,0,0,0,0,0,1,0,0,0,0,0,0,0,0,0,0,0,0,0,0,0,1,0,0,1,0
R_82cyl10NRwyd2Fz,ANO,"Lidi kolem 25-35 let, kteří pochází z mého kraje.","Pražáčci, kteří si myslí, že svou volbou spasí svět a pak si stěžují na online diskuzích, jak je vše drahé.",0,0,0,0,0,0,0,0,0,0,0,0,0,0,0,0,0,0,0,0,0,0,0,0,0,0,0,0,0,0,0,0,0,0,0,0,0,0
R_82K3A5M5g6oVWJz,STAN,"Opak toho, co jsem psala předtím. Lidi, co respektují životní volby ostatních a jsou otevření. Lidi, co jim není jedno, jak se žije menšinám a chovají se zodpovědně vůči ostatním i vůči planetě. ","Lidé, kteří jsou zaměření primárně na sebe nebo blízké okolí - ve smyslu určitého zúženého pohledu, který nevnímá problémy v širším měřítku a nedokáže přijmout perspektivu, že někdo jiný chce a potřebuje žít jinak. Lidé, kteří si myslí, že jejich vlastní způsob vidění světa je jediný správný a že ho všichni mají mít stejný a pokud nemají, jsou něčím horší.  ",0,0,0,0,0,0,1,0,0,0,0,0,0,0,0,0,0,0,1,0,0,0,0,0,0,0,1,0,0,0,0,0,0,0,0,0,0,0
R_87gIsG2mojZqxyN,ANO,"Přínos politické situace není vždy o straně, ale především o lidech. Někdy je záměr dobrý a provedení katastrofální. Někteří lidé ví co a jak a oblast hodně prospívá. ","Chtělo by to přiblížit oblast, ať už se jedná o důchody, ekologii, atd. Asi jsem na tom středu, ale každý má svůj názor, ostatní, pokud mne a mé zájmy přímo neohrožují, neřeším.",0,0,0,0,0,0,0,0,0,0,0,0,0,0,0,0,0,0,0,0,0,0,0,0,0,0,0,0,0,0,0,0,0,0,0,0,0,0
R_8pSBOjMrsubKPuM,STAN,"Mysli na budoucnost rozumným pohledem, žádný extremisté ",Extremistické až rasistické názory. Nedokážené základní vzdělání atd,0,0,1,0,0,0,0,0,0,0,0,0,0,0,0,0,0,0,0,0,0,0,0,0,0,0,0,0,0,0,0,0,0,0,0,0,0,0
R_8BW7mz6J4RAuKJ6,,"jsou pohodoví, pracovití a přemýšlí o tom co bude do budoucna",moc nepřemýšlí co do budoucna se může stát a stojí si jen za svým cílem,0,1,0,0,0,0,0,0,0,0,0,0,0,0,0,0,0,0,0,0,0,0,0,0,0,0,0,0,0,0,0,0,0,0,0,0,0,0
R_2QuB9lgC190iU1C,ODS,"zajimaji se o budocnost nejen svou, ale i svych potomku a dalsich generaci, mysli na nasi zemi, at uz ve smyslu udrzitelnosti planety nebo nasi republiky. vi co je demokracie a vazi si techto moznosti co tu mame.  ","velmi nizke IQ, pravdepodobne cerne pleti, sotva zakladni vzdelani, zadne pojeti o politice, mysli si ze babisovo tiktoky nas asi spasi a ze dal nebude krast",0,0,0,0,0,0,0,0,0,0,0,0,0,0,0,0,0,0,0,0,0,0,0,0,0,0,0,0,0,0,0,0,0,0,0,0,0,0
R_25zo9QRE1UKiFTb,ANO,Rozumně uvažující lidi s ekonomickým a politickým přehledem.,Staré struktury ktrí by rádi nastolili přežité doby.,0,0,1,0,0,0,0,0,0,0,0,0,0,0,0,0,0,0,0,0,0,0,0,0,0,0,0,0,0,0,0,0,0,0,0,0,0,0
R_2U3qIoU2BHXSgzh,,"Popsala bych je jako rozumne uvazujici lidi, kteri jsou schopni logickeho premysleni, a zaroven nepostradaji empatii.","Myslim si, ze kazdy clovek vnima politiku odlisne. Asi nikdo se s nikym nemuze shodnout ve vsem, a to je v poradku. Rekla bych, ze jsem pomerne tolerantni a respektujici osoba, pokud nazory ostatnich neomezuji nebo neohrozuji druhe. Vzdy se snazim pro lidi najit pochopeni, coz je podle me velmi dulezite. Politicke nazory velmi souvisi se zkusenostmi a prozitky daneho cloveka, casto i s vychovou a inteligenci, tudiz se snazim ostatni neodsuzovat. Ovsem nekteri lide jsou vylozene omezeni a arogantni, a stoji si tvrdohlave za svym nazorem, i kdyz lze jednoduchymi argumenty dokazat, ze je nespravny.",0,0,1,0,0,0,0,0,0,0,0,0,0,0,0,0,0,0,0,0,0,0,0,0,0,0,0,0,0,0,0,0,0,0,0,0,0,1
R_2ZKWoC7v5BQaRHr,,Lidi jako já se o politiku zajímají okrajově a soustředí se jen na určitě věci které jej zajímají. Tolik o politice s ostatními nemluví protože nechtějí vyvolávat zbytečné debaty a že zkušenosti se snaží vyhnout konfliktům.,Lidi co mají svůj názor ,0,0,0,0,0,0,0,0,0,0,0,0,0,0,0,0,0,0,0,0,0,0,0,0,0,0,0,0,0,0,0,0,0,0,0,0,0,0
R_8sC8g6jmUAYoM9z,ANO,Lidé kteří nemají rádi Ameriku,lidé kteří mají rádi změny,0,0,0,0,0,0,0,0,0,0,0,0,0,0,0,0,0,0,0,0,0,0,0,0,0,0,0,0,0,0,0,0,0,0,0,0,0,0
R_8qKgt0NYoIzUDHV,SPD,"Neškatulkuji lidi podle toho, koho volili. O politice se s přáteli nebavím. ","Pokud se názor známého neshoduje s tím jeho, je to problém. Potom dochází ke slovním urážkám a zbytečným hádkám.",0,0,0,0,0,0,0,0,0,0,0,0,0,0,0,0,0,0,0,0,0,0,0,0,0,0,0,0,0,0,0,0,0,0,0,0,0,0
R_8cDprTdoNwtaMNP,ANO,"Zahr. politika: myslí si, že agresor je Rusko a Palestinci, nikoli Ukrajina a Izrael.   
Ekonomika: chápe, že v zájmu dalších generací je nutné šetřit a zavádět nějaká nepopulární opatření. Nechápe ale, že si vládnoucí politici jsou zároveň schopni beze studu zvyšovat platy a vymýšlet další benefity. Také pochybuje o jejich inteligenci, když i přesto věří, že budou v příštích volbách opět zvolení (-:
Udržitelnost: také chápe že jsou nutná opatření ekologická, nemyslí si však, že to, co se v rámci EU dosud vymyslelo, je vždy to pravé (např. nesmyslná podpora elektromobility)
 ","Tito lidé jsou dost různí, takže asi není jednoduché, je obecně popsat. 
Lidi kolem mě, kteří mají opačné názory na zahraniční politiku, se většinou vyznačují egoismem a absencí empatie. (Jak jinak popsat např. člověka, který vytýká Ukrajině, že bojuje za svou zemi, prodlužuje tím válečný konflikt a v Česku se nám ""kvůli nim"" zdražují energie???)
Co se týká ekologie, lidé kteří vědomě  netřídí odpad nebo jinak znečišťují životní prostředí, jsou podle mě primitivové. Anebo jim jde o zisk za každou cenu, takže taktéž egoisté. Pokud jde např. o elektromobilitu, nevzpomínám si, že bych někdy potkal někoho, kdo má elektromobil nebo tomuto ""trendu"" fandí. Stejně tak ve svém okolí neznám nikoho, kdo by tuto vládu za její ekonomická rozhodnutí nějak chválil.",0,0,0,0,0,0,0,0,0,0,0,0,0,0,0,0,0,0,0,0,0,0,0,0,0,0,0,0,0,0,0,0,0,0,0,0,0,0
R_8LjwqMhFuXTY4OC,ANO,Voliči ano ano ano ano ano ano,"Volič ksčm, spd, pirátů",0,0,0,0,0,0,0,0,0,0,0,0,0,0,1,0,0,0,0,0,0,0,0,0,0,0,0,0,0,0,0,0,0,0,1,0,0,0
R_8I7197zbEsFvkYx,STAN,"Jsou to lidé střední vrstvy, jako jsem já, kteří musí přemýšlet, jak ušetřit, aby vyšli s výplatou. Mají zdravý pohled na tento bláznivý svět a nenechají se ovlivnit stupidními bláboly politiků","Představuji si dvě kategorie. První jsou velice bohatí lidé, kteří neřeší finance. Za peníze si mohou koupit vše, vč. ""zdraví, mládí ...""
Druhou skupinou jsou nevzdělaní lidé zpravidla nejnižší vrstvy, kteří jsou velice ovlivnitelní a navíc mnoha věcem v politice nerozumí a tím pádem si nedokáží udělat svůj názor. A takovéto lidi politici využívají",1,0,0,0,0,0,0,0,0,0,0,1,0,0,0,0,0,0,0,0,0,0,0,0,0,0,0,1,0,0,1,1,0,0,0,0,0,0
R_8JF85n59pDRsCoJ,ANO,"Do politiky se radši nemíchám, nakolik tomu tolik nerozumím.","Jsou angažovaní do politiky, často se o ní baví.",0,0,0,0,0,0,0,0,0,0,0,0,0,0,0,0,0,0,0,0,0,0,0,0,0,0,0,0,0,0,0,0,0,0,0,0,0,0
R_2PT50mcq77bKjLf,SPD,Tak hlavně bych chtěla aby se Česko postaralo o problémy co se dějí tady. Nechápu že na děti kteří potřebují drahou operaci musí vybrat rodiče od obyčejných lidí. Ale na pomoc Ukrajině se finance našly a vlastně i na lidi této národnosti.  Chápu že pomoc potřebovali ale nemuseli mít úplně vše zdarma.,Myslím že většina takových jsou sobci a nebo by pomohli lidem na stejné úrovni co jsou oni sami. Mě je třeba jedno komu pomůžu když vím že bude za tu pomoc rád ,0,0,0,1,1,0,0,0,0,0,0,0,0,0,0,0,0,0,0,0,0,0,0,0,0,0,0,0,0,0,0,0,0,0,0,0,0,0
R_2CPTPYO7NQ1M0uI,ANO,Popsala bych je jako lidu který mi jsou víc blízký a víc si mužem povídat a rozumět když mame stejný nazor,Beru to tak že každý má právo mít svůj vlastní názor a je dobrý si o něm promluvit ,0,0,1,0,0,0,0,1,0,0,0,0,0,0,0,0,0,0,0,0,0,0,0,0,0,0,0,0,0,0,0,0,0,0,0,0,0,0
R_229LOyfUfP0lTYI,Pirati,"liberální, neverici lacným slibum politiku ","dezoláti, príznivci Ruska, Putina, SPD, konzervativní, nabožensky založení ",0,0,0,0,0,0,0,0,0,0,0,0,0,0,0,0,0,0,0,0,0,0,0,0,0,0,0,0,0,0,0,0,0,0,1,0,0,0
R_20vIu1NWbA7LJSU,Other,"Politika má vliv, si tak jako lidé. Záleží jenna nás jaký život, se rozhodneme žít.",Upjatí. Nekompromisní. Odmítajíci... zatvzelý,0,0,0,0,0,0,0,0,0,0,0,0,0,0,0,0,0,0,0,0,0,0,0,0,0,0,0,0,0,0,0,0,0,0,0,0,0,0
R_2RP5xvQlKSsx02u,ANO,"obyčejní lidé,kteří mají zdraví selský rozum.","jsou to lidí,kteří koukají jen na vlastní prospěch a ostatní lidé je nezajímají.",0,0,1,0,0,0,0,0,0,0,0,0,0,0,0,0,0,0,0,0,0,0,0,0,0,0,0,0,0,0,0,0,0,0,0,0,0,0
R_2xXilwjHxwkDMsh,,"Střed, který se snaží o bezkonfliktní žití.","Mají právo na svůj názor, pokud ho nebudu vnucovat mně",0,0,0,0,0,0,0,0,0,0,0,0,0,0,0,0,0,0,0,0,0,0,0,0,0,0,0,0,0,0,0,0,0,0,0,0,0,0
R_8M39BtIZsLvWpTk,STAN,"Politici na úkor zadluzenosti vydávají neuváženě příspěvky a dotace. Sliby z předvolebních akcí dodržují jen výjimečně především kvůli koaličním smlouvám. Hospodaření státu se mi dlouhodobě nelíbí, jelikož poslední slovo mají většinou lidé, kteří mnohdy v daném oboru mají nulové zkušenosti a vzdělání (viz. mnozí ministři). ","Lidé kteří věří předvolebním slibům bez ohledu na předchozí činy stran, které chtějí volit. ",0,0,0,0,0,0,0,0,0,0,0,0,0,0,0,0,0,0,0,0,0,0,0,0,0,0,0,0,0,0,0,0,0,0,0,0,0,0
R_2F3Qz3n2T5CsaoI,ANO,Můžou to být lidé z různých vrstev a různého postavení. Nerozlisuji lidi podle jejich politického postavení. Buď je mi sympatický nebo ne. ,"Nevím jaký by takový člověk měl být. Může být na stejné úrovni jako já, akorát s odlisnymi názory. ",0,0,0,0,0,0,0,0,0,0,0,0,0,0,0,0,0,0,0,0,0,0,0,0,0,0,0,0,0,0,0,0,0,0,0,0,1,0
R_28L9XuvSAD2l83v,,Nevim nedokážu posoudit  neznám konkrétní lidi,Nevím o nikom takle znamym,0,0,0,0,0,0,0,0,0,0,0,0,0,0,0,0,0,0,0,0,0,0,0,0,0,0,0,0,0,0,0,0,0,0,0,0,1,0
R_2EAp8rGSsfjSlEM,STAN,"Lidi, kteří používají hlavu, mají přehled, umějí počítat.","naletí na falešné informace, jsou zaslepeni ideologií, jsou rasisté.",0,0,0,0,0,0,0,0,0,0,0,0,0,0,0,0,0,0,0,0,0,0,0,0,0,0,0,0,0,0,0,0,0,0,0,0,0,0
R_81vdBIrijqUaaQx,,"jsou to lidi v pohodě, ale i snima může mít člověk rozdílné názory, ale jsou schoný vést smysluplnou politickou debatu, a nemají problém přiznat, že se spletli. Rozhodně dokažou tvrdit, že i jejich politická strana, nedělá správné kroky, a je to jenom ku neprospěchu.","Jsou to lidé, co nechájí snadno opít rohlíkem (koblihou), veří každé lži kterou jejich guru vysloví a nejsou ani schopni si někde vyhledat zda je to pravda či ne.
Např: když před ně jejich guru postaví červené jablko a bude tvrdit že je zelené, tak také oni budou tvrdit, že je zelené.
S takovými lidmi nemá smysl vést nějakou smysluplnou debatu.",0,0,0,0,0,0,0,0,0,0,0,0,0,0,0,0,0,0,0,0,0,0,0,0,0,0,0,0,0,0,0,0,0,0,0,0,0,0
R_8EA4z17bMbH7Dyx,STAN,nevim nevim nevim nevim nevim,nevim nevim nevim nevim nevim,0,0,0,0,0,0,0,0,0,0,0,0,0,0,0,0,0,0,0,0,0,0,0,0,0,0,0,0,0,0,0,0,0,0,0,0,0,0
R_8DxlRkECkSITYCB,ODS,"Jsou to lidé se kterými vyhledávám kontakt. Mají argumenty/hodnocení situací, se kterými se umíme vzájemně ztotožnit. Pokud však umí vést společenskou zábavu pouze na tyto témata, je konverzace v delším časovém horizontu také náročná (opět zde beru v úvahu hodnocení náhodného společenského setkání, jako je např. ples, zahradní párty u přátel atd., nikoliv politický klub a jeho diskuzní setkání).","Jsem-li v kontaktu s člověkem, který má výrazně odlišné politické názory než já, snažím se tomuto tématu vyhnout v konverzacích nebo't nejsem přesvědčena, že mám právo mu jeho názor kritizovat. Nejde-li se vyhnout těmto tématům, vyslechnu si jeho názor, ale nedávám na něj zpětný komentář.Je-li ta osoba dostatečně vyzrálá pochopí, že o politice se nechci bavit a přejdeme k něčemu jinému. Osoby, které mají silné nutkání prezentovat politické přesvědčení ostatním, potažmo svůj názor prosazovat, nevyhledávám. Tyto osoby považuji za netaktní a jejich chování za nevhodné (nyní beru do hodnocení situaci, kdy se nejedná o politické setkání, nýbrž o náhodné společenské setkání, jako např. ples, zahradní párty u přátel atd.) ",0,0,0,0,0,0,0,0,0,0,0,0,0,0,0,0,0,0,0,0,0,0,0,0,0,0,0,0,0,0,0,0,0,0,0,0,0,0
R_2fowz6VJY8kFRbF,ANO,"Lidé co se chtějí mít dobře, nechtějí se dřít pro pár korun a většinu své výplaty dát státu na daně a pojišťovnám. Chtějí pracovat a fungovat","Lidé na sociálních dávkách, nezaměstnaní/věčně na neschopence, ženy co nikdy nepracovaly, zažily jen být na “mateřské” ",0,1,0,0,0,0,0,0,0,0,0,0,0,0,0,0,0,0,0,0,0,0,0,0,0,0,0,0,0,0,0,0,0,0,0,0,0,0
R_81uy6d9JD06Q0KI,TOP09,"Skromní, ví co chtějí, co chtějí dosáhnout, rozumí problémům, ví o co se jedná a za čím si jít.","Dostatečná neznalost problému, velmi vysoká zainteresovanost a náležitost ke straně.
Nesympatičnost a neústupnost v názorech ostatních.",0,0,1,0,0,0,0,0,0,0,0,0,0,0,0,0,0,0,0,0,0,0,0,0,0,0,0,0,0,0,0,0,0,0,0,0,0,0
R_2mdUVSz5tnm6JAm,ODS,"Střední třída, zaměstnaní, děti, společensky aktivní.",střední třída. zaměstnaní.,1,0,0,0,1,0,0,0,0,0,0,0,0,0,0,0,0,0,0,1,0,0,0,0,0,0,0,0,0,0,0,0,0,0,0,0,0,0
R_8G6NvxGFOG43OVR,ANO,každý člověk volí podle sebe ale když se najde člověk který je na tom stejně jako já tak si o tom povídáme,Každý člověk má svou hlavu a každý si volí koho chce nikoho neodsuzuji,0,0,0,0,0,0,0,0,0,0,0,0,0,0,0,0,0,0,0,0,0,0,0,0,0,0,0,0,0,0,0,0,0,0,0,0,0,0
R_2dzsJza8lVyT14D,ODS,"Budou to lidé otevření, vnímaví, inteligentní, tolerantní a hledící do budoucna, hledající vzájemné souvislosti a myslící spíše na druhé a blaho celku než sami na sebe - přesto to nebudou zanícení socialisti nebo snad dokonce komunisté - jen umí vyvažovat realitu s potřebami.","Asi to budou lidé, kteří mají samozřejmě jiné názorové postoje, jinak vnímají realitu a politiku. Budou to lidé, kteří méně myslí na budoucnost a celek, ale spíše na současnost a sami sebe. Budou to lidé s menším rozhledem, vnímavostí a spíše materiálně založení. Možná budou ovládáni také osobním strachem či obavami, lidé krátkozrací a snadno ovlivnitelní - možná to bude i nižším vzděláním nebo tím, že nedokáží myslet v souvislostech.",0,0,0,0,0,0,0,0,0,0,0,0,0,0,0,0,0,0,0,0,0,0,0,0,0,0,0,0,0,0,1,0,0,0,0,0,0,0
R_8emP4Il0pY17HSV,,"Nesouhlasí s EU, s politikou evropské unie, nesouhlasí se zavedením eura. Nepodporují válku na Ukrajině","Voliči, kteří podporují proukrajinskou politiku a pomoc Ukrajině",0,0,0,0,0,0,0,0,0,0,0,0,0,0,0,0,0,0,0,0,0,0,0,0,0,0,0,0,0,0,0,0,0,0,0,0,0,0
R_2oTO38MxWa6EINA,KDU-CSL,"Lidé, kteří mají pevný hodnotový základ, jsou konzervativně založení, prozápadní, podporují členství v EU a NATO... ","Voliči KSČM, SPD, ANO a spol. - populisté, extremisté, neřeší morálku... ",0,0,0,0,0,0,0,0,0,0,0,0,0,0,0,0,0,0,0,0,0,0,0,0,0,0,0,0,0,0,0,0,1,1,1,0,0,0
R_8EhpCnP2p7CFct5,Other,dělají politiku jako službu lidu země,"jsou to lidé , kteří nedělají politiku jako službu lidu, ale jen jako svoji obživu.",0,0,0,0,0,0,0,0,0,0,0,0,0,0,0,0,0,0,0,0,0,0,0,0,0,0,0,0,0,0,0,0,0,0,0,0,0,0
R_27VxlWn7IcK3Rfi,ODS,"Lidé spoléhající především na sebe, podporu státu vyžadují pouze v případech krize. Nejsou aktivisticky zaměření. Mírně konzervativní názory a nezacházejí do extrémů. ","Voliči extrémistických stran, ať nalevo nebo napravo, levicový volič. Lidé vyžadující zásahy a sociální podporu od státu. Členové různých výrazně ""ekologických"" organizací. ",0,0,0,0,0,0,0,0,0,0,0,0,0,0,0,0,0,0,0,0,0,0,0,0,0,0,0,0,0,0,0,0,0,0,0,0,0,0
R_2RempYZcfLftBIZ,,"Lidé s vlastním názorem, muj postoj není dan jako ten správný pro všechny ",Lidé s vlastním nazorem,0,0,0,0,0,0,0,0,0,0,0,0,0,0,0,0,0,0,0,0,0,0,0,0,0,0,0,0,0,0,0,0,0,0,0,0,0,0
R_2OBRptQrOmyOlw9,Pirati,"Jsou otevření názorům, nehledí na situaci pouze negativně.",Tito lidé jsou většinou nevzdělaní a nejsou otevření novým názorům,0,0,0,0,0,0,0,0,0,0,0,0,0,0,0,0,0,0,0,0,0,0,0,0,0,0,0,1,0,0,0,0,0,0,0,0,0,0
R_2Jr8wXTSxGx4dXA,,"Máme velmi podobné vnímání těchto problémů, kdy se maximálně třeba lišíme názory v tom, jak přesně by se daný problém měl řešit","Ve svém okolí mám především lidi, co vnímají tyto problémy velmi podobně, takže se lišíme jen v drobnostech - čili nedovedu úplně odpovědět",0,0,0,0,0,0,0,0,0,0,0,0,0,0,0,0,0,0,0,0,0,0,0,0,0,0,0,0,0,0,0,0,0,0,0,0,0,0
R_2nHq9DB4xtrwEcC,KSCM,"normální, poctivý, klidný, slušný","zloději,hlupáci,lháři,ignoranti",0,0,0,1,0,0,0,0,0,0,0,0,0,0,0,0,0,0,0,0,0,0,0,0,0,0,0,0,0,1,0,0,0,0,0,0,0,0
R_8EiD80xQfKlFw4r,,"Myslí na budoucnost mladých, např. dostupnější bydlení, levnější hypotéky. Podporují homosexuální páry v oblasti manželství a adopce. Zastávají názor, že žena si může se svým tělem dělat, co chce -> dovolené interrupce.","Jsou to lidé, co nemyslí na budoucnost mladých, chtějí, aby interrupce byly zakázané, aby homosexuální páry nemohly být v manželství a nemohly adoptovat dítě.",0,0,0,0,0,0,0,0,0,0,0,0,0,0,0,0,0,0,0,0,0,0,0,0,0,0,0,0,0,0,0,0,0,0,0,0,0,0
R_8GVYz91jX2tbeZr,TOP09,"Jsou to mladí lidé, kteří to vnímají úplně stejně jako já ",Hold má každý svůj názor :) v tom je svoboda slova ,0,0,0,0,0,0,0,0,0,0,0,0,0,0,0,0,0,0,0,0,0,0,0,0,1,0,0,0,0,0,0,0,0,0,0,0,0,0
R_2Fyc1SgH004DlPa,ODS,Dokáží si po přemýšlet o budoucnosti reálně ,Demagogicky uvažující ,0,0,0,0,0,0,0,0,0,0,0,0,0,0,0,0,0,0,0,0,0,0,0,0,0,0,0,0,0,0,0,0,1,0,0,0,0,0
R_8nTW11N5492Zz1E,Pirati,"Nezajímá je politika, většinou nechodí vilit",Obdivuji takové lidi,0,0,0,0,0,0,0,0,0,0,0,0,0,0,0,0,0,0,0,0,0,0,0,0,0,0,0,0,0,0,0,0,0,0,0,0,0,0
R_8F9sKeDEHoYY04A,TOP09,"Lidé, kteří vědí, že reformy nejsou příjemné, ale více než nutné, že nemůžeme podporovat lidi, kteří nepracují, lidé, kteří jsou tolerantní, chtějí chránit demokraci! ","Voliči KSČM a voliči SPD, xenofobové, lidé, kteří si myslí, že reformy nejsou důležité",0,0,0,0,0,0,0,0,0,0,0,0,0,0,0,0,0,0,0,0,0,0,0,0,0,0,0,0,0,0,0,0,0,0,1,0,0,0
R_6pYobCS8wNzpmBS,," Představte si lidi, kteří vnímají politiku a společenské problémy podobně jako Vy,","Představte si lidi, kteří vnímají politiku",0,0,0,0,0,0,0,0,0,0,0,0,0,0,0,0,0,0,0,0,0,0,0,0,0,0,0,0,0,0,0,0,0,0,0,0,0,0
R_8MED6gWYnMoW26G,STAN,"lidi kteří věří v to , že se nad slbšími nelze povyšovat , ale je jim povinnost pomoci",sobci a omezení lidé ,0,0,0,0,0,0,0,0,0,0,0,0,0,0,0,0,0,0,0,0,0,0,0,0,0,0,0,0,0,0,0,0,0,0,0,0,0,0
R_8hHggLa3Z3Lu3nN,STAN,"S nepříliš velkým zájmem o politické dění, ale s obavami o budoucí vývoj v otázkách demokracie a otevřenosti společnosti obecně. Zájem o životní prostředí, rurální oblasti, ale žijí v městských oblastech a rekreují se v rurálních.","Rezervovaní, bez zájmu ověřovat si informace, s tendencí podléhat dezinformacím a s nostalgií na časy dřívějších státních zřízeních. Neochotni k diskuzi",0,0,0,0,0,0,0,1,0,0,0,0,0,0,0,0,0,0,0,0,0,0,0,0,0,0,0,0,0,1,0,0,0,0,0,0,0,0
R_8pEtUqCEPKXoxPv,,"nezajímají se o politiku, je to zcela zbytečné. Pochopit politiku je dost obtížné, zvláště není-li zaměřena na blaho občanů. Neustálé hádky mezi politiky nepřinášejí pro případné voliče žádnou motivaci volit (kohokoliv)","Zbohatlíci. Pro ně je zřejmě současná politická scéna velmi pozitivní. Jak jinak si vysvětlit obrovské zisky některých firem, které se schovávají za nicneříkající jména, ale ve skutečnosti jsou vlastněny právě politiky.",0,0,0,0,0,0,0,0,0,0,0,0,0,0,0,0,0,0,0,0,0,0,0,0,0,0,0,0,0,0,0,0,0,0,0,0,0,0
R_8AG2vK2SlXpqSiO,ODS,Zajimaji se o problemy a nenechaji se ovlivnit populisty a slibovaci,Nerozumi tomu a nechaji se snadno ovlivnit populisty,0,0,0,0,0,0,0,0,0,0,0,1,0,1,0,0,0,0,0,0,0,0,0,0,0,0,0,0,0,0,1,0,1,0,0,0,0,0
R_8azv2qpPvLUsTE5,STAN,"Lidé, kteří si uvědomují, že demokracie je pouze tím nejlepším ze všech špatných lidstvu známých politických systémů a zřízení. Tíhnoucí k pravicové politice, avšak uvědomující si, že v Česku chybí jakákoliv skutečně pravicová strana. Nesnášející populismus, komunismus, nacismus, fašismus a další formy extrémismu. Nesnášející jánabráchismus, klientelismus a všechny ostatní formy korupce. Skupina lidí, která si jasně uvědomuje, že človek má nejen svá práva, ale také povinnosti. A stát mu má co nejméně komplikovat život ať už nesmyslnou byrokracií, nebo třeba nefunkčním právním a justičním systémem, v němž mají zloději a násilníci větší práva a možnosti než jejich oběti. Lidé věřící v rovná práva všech lidí, ale také v jejich jasné limity, například nepřípustnosti ovlivňování světské moci náboženskými prvky a dogmaty a prosazování teze „naše země, naše pravidla a naše kultura“, kdy ti, co se nehodlají v rámci svých možností přizpůsobit a chtějí prosazovat pouze svá pravidla, tam nemají co pohledávat.","Takových jsou 3 skupiny.
1) Lidé neschopní používat mozek a neschopní si srovnat svůj život. Dojiči státu, co nikdy neudělají nic navíc, nejlépe by nedělali vůbec nic, všichni jim ubližují, sami za nic nemůžou a jen natahují ruku.
2) Rektální alpinisté, kteří jsou ochotni pro vlastní prospěch obětovat naprosto cokoliv a kohokoliv. Aby se dostali k moci, spojí se s kýmkoliv. Odstraňují ze svého okolí každého, kdo s nimi nesouhlasí. Do této skupiny patří i ti na vrcholu tohoto žebříčku, tj. ti, co už nikomu do zadku nelezou, ale naopak ho mají jak vrata pro všechny své ovečky a přisluhovače.
3) Kulturně a společensky nepřizpůsobiví. K tomuto se víc vyjadřovat nehodlám, dostatečně jsem to udělal v předchozí otázce.",0,0,0,0,0,0,0,0,0,0,0,0,0,0,0,0,0,0,0,0,0,0,0,0,0,0,0,0,0,0,0,0,0,0,0,1,0,0
R_8aAOgz7hnQvyUgN,ANO,Mají takzvaný selský rozum.,Nemají tazvaný selský rozum.,0,0,1,0,0,0,0,0,0,0,0,0,0,0,0,0,0,0,0,0,0,1,0,0,0,0,0,0,0,0,0,0,0,0,0,0,0,0
R_8dAhFHmf6A0Tohj,KDU-CSL,Lidi kteří zažili komunismus a ví čeho byli schopni.,"Jsou to buď prospěcháři a nebo lidi, kteří se nechají oklamat sliby které nemůžou být reálné.",0,0,0,0,0,0,0,0,0,0,0,0,0,0,0,0,0,0,0,0,0,0,0,0,0,0,0,0,0,0,1,0,0,0,0,0,0,0
R_2CTaAxfHUj2XVB6,STAN,Nedokáži popsat. O politice se se svými přáteli nebavím.,To je různé. Respektuji různé názory.,0,0,0,0,0,0,0,0,0,0,0,0,0,0,0,0,0,0,0,0,0,0,0,0,0,0,0,0,0,0,0,0,0,0,0,0,0,1
R_8Gw9OVOc8r8VIkK,,"Lidé co si dohledávají informace z různých zdrojů i staršího data. Lidé ktřeří přemýšlí nad dostupnými informacemi a neberou je tak, jak je (obzvláště média) dnes servírují. Jsou schopni si udělat vlastní názor. ","Problémem pro mne nejsou lidé jinak smýšlející politicky, ale lidé, kteří přejímají názory od jiných / z médií. Pouze informace konzumují a nepřemýšlí nad nimi. Aneb ""Pepa říkal, že... tak já budu volit tyhle."". Jinak osobně nejsem vyhraněna vůči lidém s jjiným politickým názorem, pokud mají rozumné odůvodnění, proč takto smýšlejí. ",0,0,0,0,0,0,0,0,0,0,0,0,0,0,0,0,0,0,0,0,0,1,0,0,0,0,0,0,0,0,0,0,0,0,0,0,0,0
R_2IyhZndRsVxGnpp,ANO,"nemají politiku rádi protože pro nbás politici nic nedělají 
","něktečí lidi mají politiku rádi , ale ká ji nesnáším jsou tam divný lidi, kteří nedělají pro nás lidi nic dobrého. Pakují se penezi a lidi chudnou a nemají co jíst a podobně. ",0,0,0,0,0,0,0,0,0,0,0,0,0,0,0,0,0,0,0,0,0,0,0,0,0,0,0,0,0,0,0,0,0,0,0,0,0,0
R_8Ld7JdbbQV67IKC,,"nevím, nevím, nevím, nevím, nevím","mevím, nevím, nevím, nevím",0,0,0,0,0,0,0,0,0,0,0,0,0,0,0,0,0,1,0,0,0,0,0,0,0,0,0,0,0,0,0,0,0,0,0,0,1,0
R_2rUfCvPXByXDq5l,ODS,"Myslím si, že takoví lidé jsou schopní se zamyslet, mimo jiné dokážou prokázat kritické myšlení. Jedná se o příjemné, pohodové lidi, kteří nechtějí ostatním škodit a mají rozumné názory.","Jsou útoční, nepříjemní, mají zcela opačné názory na řadu věcí, šíří dezinformace apod.",0,0,1,0,0,0,0,0,0,0,0,0,0,0,0,0,0,0,0,0,0,0,0,0,0,0,0,0,0,1,0,0,0,0,0,0,0,0
R_8bVv24DKZsU9rLv,ODS,rozumně přemýšlející lidé,"důchodci - neslyším, nevidím, hlavně že mě přidají 100kč a po nás potopa",0,0,1,0,0,0,0,0,0,0,0,0,0,0,0,0,0,0,0,0,0,0,0,0,0,0,0,0,0,0,0,0,0,0,0,0,0,0
R_8ozqexe3disfQT3,Pirati,"pohodáři, nekonfliktní choleryci","nerváci, důchodci a taky máničky",0,0,0,0,0,0,0,0,0,0,0,0,0,0,0,0,0,0,0,0,0,0,0,0,0,0,0,0,0,0,0,0,0,0,0,0,0,0
R_8KPlN5rypK9HG09,ODS,Někdo s podobnou životní zkušeností a pravděpodobně s vyšším vzděláním.,"Někdo s kým si moc nerozumím a nemáme mnoho společného. Pravděpodobně jde o velice mladého člověka s minimální životní zkušeností a radikálními názory nebo naopak o staršího seniora, který se snadno nechá ovlivnit (média, sliby ...).",0,0,0,0,0,0,0,0,0,0,0,0,0,0,0,0,0,0,0,0,0,0,0,0,0,0,1,0,0,0,1,0,0,0,0,0,0,0
R_21jgrOzxxFjin6n,ODS,"vzdělaní, zajímají se o různá společenská témata, ochotni naslouchat, chápou jiné kultury","lidé s nižším vzděláním, z jiných poměrů, většinou neumí cizí jazyk, neznají moc jiné země a kultury",0,0,0,0,0,0,0,0,0,0,0,0,0,0,0,0,0,0,0,0,0,0,0,0,0,0,0,0,0,0,0,0,0,0,0,0,0,0
R_8Pb3VWGxr6zMpUk,STAN,chtějí aby se měřílo ku prospěchu všem  stejně  ,"nevím, nedovedu si představit",0,0,0,0,0,0,0,0,0,0,0,0,0,0,0,0,0,0,0,0,0,0,0,0,0,0,0,0,0,0,0,0,0,0,0,0,1,0
R_8KllgpIrmU5o5Lg,ANO,Jsou  na stejné vlně. Existuje mnoho témat hovoru. Pozitivní vibrace. Nemusím se ostýchat říct svůj názor.,"Nejde dlouho debatovat s někým kdo je názorově na protipólu. Nemůžeme se shodnout prakticky v ničem. Pokud jsou lidé ze zcela odlišných poměrů (např. dělnická profese a manažerská profese), často se nemohou pochopit co se týče např. nákladů za život, vydělávání peněz, náročnosti profese, odchodu do důchodu ani hledání práce. Citlivější otázky typu manželství a rodičovství homosexuálů v naší společnosti patří stále mezi tabu témata. Proto řada lidí v těchto otázkách reagují silně emocionálně. Snažím se komunikaci na politická témata vyhýbat, neboť často vede k hádkám a negativním emocím.",0,0,0,0,0,0,0,0,0,0,0,0,0,0,0,0,0,0,0,0,1,0,0,0,0,0,1,0,0,0,0,0,0,0,0,0,0,0
R_2PuMTEfNItjx26e,ODS,Notujeme si. Vzájemně se hecujeme a doplňujeme si informace,Neumím říct. O politice se raději s blízkými nebavime,0,0,0,0,0,0,0,0,0,0,0,0,0,0,0,0,0,0,0,0,0,0,0,0,0,0,0,0,0,0,0,0,0,0,0,0,1,0
R_8QPGgY2lVWIp3CB,Other,Jsou nanejvýš v pohodě a nic zbytečně nehrotí,"Každý má právo na svůj názor, nesoudím lidi podle jejich politického přesvědčení ",0,0,0,0,0,0,0,0,0,0,0,0,0,0,0,0,0,0,0,0,0,0,0,0,0,0,0,0,0,0,0,0,0,0,0,0,0,0
R_2gGZfQTcloD0n29,SPD,Nerozumí vůbec politice. Bohužel,Nerozumí vůbec politice.,0,0,0,0,0,0,0,0,0,0,0,0,0,0,0,0,0,0,0,0,0,0,0,0,0,0,0,0,0,0,0,0,0,0,0,0,0,0
R_8XoqUyVhonA29zz,Other,"sympatie, nevím co víc k tomu dodat..","nesympatie, ale ať si každý volí koho chce",0,0,0,0,0,0,0,0,0,0,0,0,0,0,0,0,0,1,0,0,0,0,0,0,0,0,0,0,0,0,0,0,0,0,0,0,0,0
R_2tKfL3DkLenY3vq,ODS,"vysokoskolsky vzdelani lide, rozumneho postaveni, majici deti, ","asi nekdo z vyclenenych oblasti s minimalni urovni vzdelani, sledujiciho tv nova, cte blesk a travi vecery v hospode",0,0,1,0,0,0,0,0,0,0,0,0,0,0,0,0,0,0,0,0,0,0,0,0,0,0,0,0,0,0,0,0,0,0,0,0,0,0
R_2lSwUKznyHCwJAC,ANO,"Chytří, vnímaví, není jim lhostejné vše kolem nich.","Každý máme svůj názor, někdo je více demokrat, někdo komunista. To neznamená, že je to blbec, ignorant nebo nevím jak tyto osoby popsat když mají jiný názor než já.",0,0,0,0,0,0,0,0,0,0,0,0,0,0,0,0,0,0,0,0,0,0,0,0,0,0,0,0,0,0,0,0,0,0,0,0,1,0
R_2v7VwzO6tmmWXOw,TOP09,"Většinou jsou to vysokošláci, podnikatelé, živnostníci, převážně mladší lidé. Lidi jako já myslí na budoucnost, vidí šílené výsledky zadlužení naší vlády, nenechají se ukecat pro pár tisíc teď. Jsou to lidé, kteří pracující celý život, kteří se snaží se postarat o svoji rodinu, tak aby i v budoucnu pro ně něco zbylo. Také jsou to lidé, kteří cestují, dokáží si tedy udělat obrázek, jak to v ostatních zemích funguje a že my jsme velice ""sociální"" stát i když komunisté nejsou u moci skoro 40 let. Jsou to podnikatelé, kteří mají vlastní firmy a vidí, že okolo 20% jde jenom na důchodové pojištění, které ani nemusí ten zaměstnanec nikdy vidět. Jsou to OSVČ, kteří platí skoro 30% na sociální pojištění, ale pokud náhodou onemocní, tak jim nikdo nedá nemocenskou jako v obyčejném pracovním poměru a přijdou tak o své výdělky. ","Lidé naprosto odlišní ode mě budou volit levicové strany. Budou si stát za názory, že vláda by měla lidem pomáhat, že dříve se měli lépe. Budou pořád opakovat, že je všechno drahé a že za všechno může současná vláda. Budou to většinou lidé důchodového věku nebo lidé, kteří mají nižší vzdělání a tudíž i méně placenou práci nebo to mohou být i vysokoškoláci, kteří ale pracují ve státním sektoru a jejich plat tedy závisí na státu. Většinou se takoví lidé nechají ""utáhnout na vařenou nudli"", nemyslí na budoucnost - peníze chci teď, ale že moje děti/vnoučata třeba nebudou moc nikdy odejít do důchodu to je nezajímá. Můžou to taky být lidí, kteří celý život moc nepracovali a žili z dávek nebo žili za minulého režimu, kdy moc pracovat nemuseli a všechno včetně bytu dostali od státu, ženské chodili do důchodu brzy atd. ",0,1,0,0,1,0,0,0,0,0,0,0,0,0,0,0,0,0,0,0,1,0,0,1,0,0,0,0,0,0,1,0,0,0,0,1,0,0
R_2cq5KCqf8qN62xG,ANO,Lidi kteří mají základní rozhled a nejsou spokojeni se současnou vladou,"Jsou to lidi, kteří mají jiný názor, asi moc nemusí řešit své finance a nepočítají každou korunu ",0,0,0,0,0,0,0,0,0,0,0,0,0,0,0,0,0,0,0,0,0,0,0,0,0,0,0,0,0,0,0,0,0,0,0,0,0,0
R_8qqgSICt8vwZ2g3,,"střední třída, vzdělání s maturitou a vyšší, vycházející s příjmy",jednodušší lidi s nižším IQ a většinou tíživější životní/finanční situací,1,0,0,0,0,0,0,0,0,0,0,0,0,0,0,0,0,0,0,0,0,0,0,0,0,0,0,0,0,0,0,0,0,0,0,0,0,0
R_2khCJkmuBEQNth7,KSCM,moje krevní skupina .souhlasím s ní,sympatičtí. ale politicky se neshodneme,0,0,0,0,0,0,0,0,0,0,0,0,0,0,0,0,0,0,0,0,0,0,0,0,0,0,0,0,0,0,0,0,0,0,0,0,0,0
R_2a7m22rFTTgcx8t,KDU-CSL,"Snaha nejen v sociálních systémech něco pozitivně změnit, podpořit rodiny s více dětmi, nepodporovat gender, nepodporovat manželství pro všechny, ale podpořit pouze manželský svazek muže a ženy, bojovat proti všem formám zla, válkám a nenávisti, korupci, nekalým obchodům, lžím, vydíráním apod. Podporovat zdravou výchovu dětí a mládeže, NE volnou výchovu a podobné nesmysly, umožnit ženám postarat se o své děti a dobrou výchovu doma a ne je nastrkat do jeslí a školek. Mít úctu k lidem a ke stáří, žáci i rodiče navrátit úctu a respekt k učitelům a vychovatelům, být např. ohleduplní za volantem a začít opět dodržovat pravidla a neobcházet zákony,...","Myslí jen na sebe, nikoliv na blaho všech (celého národa), rozkrádají, podvádějí, jsou neupřímní, cíleně lžou, obohacují se na úkor druhých,...",0,0,0,0,1,0,0,0,0,0,0,0,0,0,0,0,0,0,1,0,0,0,0,0,0,0,0,0,0,0,0,0,0,0,0,0,0,0
R_8OCyLBe8zgKxCbr,STAN,"Neúčastní se konverzací na téma politika ani s přáteli/rodinou, natož s cizími lidmi. Je jim jedno kdo koho volí. Naštvou se, když se jim někdo snaží vtlouc do hlavy, že tahle strana je strašně super a tahle je strašná. Žádná strana není super na sto procent a v každé se dá najít názor, s kterým člověk nějaký způsobem souhlasí.","Mají jednu oblíbenou stranu, která je naprosto dokonalá a ostatní jsou k ničemu. Snaží se ovlivnit lidi okolo sebe a hádají se do krve za svou milovanou stranu. Řeší nonstop politiku.",0,0,0,0,1,0,0,0,0,0,0,0,0,0,0,0,0,0,0,0,0,0,0,0,0,0,0,0,0,0,1,0,0,0,0,0,0,0
R_2wn3MnlRlofw3vH,ANO,"Mají podobné životní zkušenosti, hodnoty. Vnímají politická témata a jejich priority stejně jako já. Máme podobný názor na řešení situace, nebo na to jakým směrem by se měla společnost, vláda ubírat. 

Btw. u předchozí otázky, kdy se ve 2 otázkách ptáte na můj názor na lidi se kterými mám zcela odlišný názor. Ptáte ve 3. otázce, jak´vnímám ochotu takových dělat kompromisy s ostatními .... v závorce píšete, že jde o lidi se stejným názorem ??? ..... Pokud odpovím dle otázky, pak to bude zcela v rozporu co si myslím o druhé skupině lidí, se kterými nemám stejný názor.","Oni mě vidí jako já je. Mají jiný názor, ale to neznamená že se k sobě musíme chovat hrubě. Je mi jedno kdo koho volí, není mi jedno pokud za mou volbu mne nálepkuje, říká mi, že jsem dezolát, proruská a jiné. Je to velmi nebezpečné a nepatří do politiky. Ztrácí se politická kultura a to se přenáší i na lidi. Máte voliče ze všech věkových vrstev, s různými stupni vzdělání. A popsat je? Pokud musím, tak jen, že jejich názor vychází z jejich životních zkušeností, finanční situace, postavení ve společnosti - proto chápu, že můžou mít jiný názor. Nepochopím, pokud druhé uráží ze to, že mají jiný názor než oni. Pak už je to o charakteru.",0,0,0,0,0,0,0,1,0,0,0,0,0,0,0,0,1,0,0,0,0,0,0,0,0,0,1,0,0,0,0,0,0,0,0,0,0,0
R_8NkVw1vAHjcTf2o,ODS,Lidé se stejným názorem a pohledem na svět.,Lidé kteří jsou ovlivněny dezinformacemi a různými populisty.,0,0,0,0,0,0,0,1,0,0,0,0,0,0,0,0,0,0,0,0,0,0,0,0,0,0,0,0,0,1,0,0,1,0,0,0,0,0
R_2fiLkLrgA2ZY6Fm,ANO,Ti kteří pracují a odvádějí do systému zaslouží odpovídající péči. Ti co ne - nic,Nic systému nepřináší a tudíž by je měl systém vyloučit,0,0,0,0,0,0,0,0,0,0,0,0,0,0,0,0,0,0,0,0,0,0,0,0,0,0,0,0,0,0,0,0,0,0,0,0,0,0
R_2PmFuyBKGCL7SLa,STAN,"Jednalo by se o muže, ale i ženy vyššího věku, žijící ve městech, ať už bydlí na sídlišti či na okraji města. Jsou to většinou ženatí muži, kteří jsou již v důchodu, ale někteří z nich ještě chodí do práce. Občas se starají o vnoučata a jezdí s nimi na výlety, nebo je jinak zabavují. Záleží ovšem na stáří vnoučete. A hlavně podle toho, jak dědečkové, či babičky mají čas a chuť se věnovat malým dětem, ale zároveň děti musí též mít rády své prarodiče.",Takové lidi vlastně ani neznám...,0,1,0,0,1,0,0,0,0,0,0,0,0,0,0,0,0,0,0,0,0,0,0,0,0,0,0,0,0,0,0,0,0,0,0,0,0,0
R_8i8wnCTJHoc1fXJ,,"nevím, politice neholduji","Nevím, politice neholduji",0,0,0,0,0,0,0,0,0,0,0,0,0,0,0,0,0,1,0,0,0,0,0,0,0,0,0,0,0,0,0,0,0,0,0,0,1,0
R_865efbwbeJUofgB,ANO,"jsou znechuceni současnou politickou situací v zemi, máme vládu, která je asociální a nerozumí obyčejným lidem ",neumím se vžít do takových lidí,0,0,0,1,0,0,0,0,0,0,0,0,0,0,0,0,0,0,0,0,0,0,0,0,0,0,0,0,0,0,0,0,0,0,0,0,1,0
R_2Cfio5EFc02OYj9,STAN,"samostatní, umějí si poradit, spokojení","nevzdělaní, problémy s penězi, nesamostatní",0,0,0,0,0,0,0,0,0,0,0,0,0,0,0,0,0,0,0,0,0,0,0,0,0,0,0,1,0,0,0,0,0,0,0,0,0,0
R_8Kp3lS0BamLpQxi,SPD,"Jsou to lidé-vlastenci, kteří nezaprodávají svoji vlast.Také si ji chtějí chránit pro sebe a své potomky. Vědí, že stoprocentně platí heslo""bez práce nejsou koláče"", a neobdivují se  lidem přisátým na ""státní kasu"", nicnedělkům a vejžirkům z neziskovek a nadací. Zároveň se snaží své potomky učit úctě ke všem generacím, ke svým učitelům a vážit si i přátelství,kamarádství
a nevěřit kdejakým prolhancům.","Jsou to chudáci, kteří věří blábolům téměř zločinců a hlupáků. Většina těchto lidí jsou ale lidé poslušní, ktaří až prozřou, tak možná udělají skutečnou revoluci.",0,1,0,0,0,0,0,0,0,0,0,0,0,0,0,0,0,0,0,0,0,0,0,0,0,0,0,0,0,0,0,0,0,0,0,0,0,0
R_8rPm4goPyZU09bC,,Většinou jsou to moji kamarádi ,Máji na to právo pokud neškodí ,0,0,0,0,0,0,0,0,0,0,0,0,0,0,0,0,0,0,0,0,0,0,0,0,0,0,0,0,0,0,0,0,0,0,0,0,0,0
R_2McyTqvr3sStt5j,ANO,"normální obyčejní lidé, kteří pomáhají druhým a potřebným",Jsou lační po moci a po penězích,0,0,0,1,0,0,0,0,0,0,0,0,0,0,0,0,0,0,0,0,0,0,0,0,0,0,0,0,0,0,0,0,0,0,0,0,0,0
R_2QtI0SaL6Exe2xd,STAN,"Jedná se o lidi, kteří si udržují rozhled ","Jedná se o lidi ovlivněné dezinformacemi a manipulaci
",0,0,0,0,0,0,0,0,0,0,0,0,0,0,0,0,0,0,0,0,0,0,0,0,0,0,0,0,0,1,0,0,0,0,0,0,0,0
R_2zImLoBRV1plymd,ANO,"Střední třída, snažící se zajistit rodinu - děti v nejisté době.",Aktivně se věnují politice.,1,0,0,0,1,0,0,0,0,0,0,0,0,0,0,0,0,0,0,0,0,0,0,0,0,0,0,0,0,0,0,0,0,0,0,0,0,0
R_2fZoKYwnPCXkJN5,ANO,Jsou na stejné vlně jako já.,"Myslím si ,že každý si může volit tu svou stranu a nikoho neodsuzuji.",0,0,0,0,0,0,0,0,0,0,0,0,0,0,0,0,0,0,0,0,0,0,0,0,0,0,0,0,0,0,0,0,0,0,0,0,0,0
R_8ysyiFR4ZR4tkbR,ANO,"nevím prostě obyčejný člověk, který žije od příjmu k příjmu","bohatí, mají velký majetek, cítí se být víc než ostatní",0,0,0,1,0,0,0,0,0,0,0,0,0,0,0,0,0,1,0,0,0,0,0,0,0,0,0,0,0,0,0,1,0,0,0,0,0,0
R_2pM5tews3LfN1Pu,,moc se nezajimaji o politiku,vice se zajimaji o politiku,0,0,0,0,0,0,0,0,0,0,0,0,0,0,0,0,0,0,0,0,0,0,0,0,0,0,0,0,0,0,0,0,0,0,0,0,0,0
R_8CjxxNTihuPw0Gp,KDU-CSL,Uvh gbhvtvgvgbz z gbgvtvrvrvg,Hvg fvtveyzmlnfbj g gvgvzv,0,0,0,0,0,0,0,0,0,0,0,0,0,0,0,0,0,0,0,0,0,0,0,0,0,0,0,0,0,0,0,0,0,0,0,0,0,0
R_2I9U03CArFFya3t,ANO,"Nevím,neumím na to odpovědět ","Nevím,neumím to popsat.",0,0,0,0,0,0,0,0,0,0,0,0,0,0,0,0,0,1,0,0,0,0,0,0,0,0,0,0,0,0,0,0,0,0,0,0,1,0
R_85UigUDzRyIoVK9,,"Lidé ochotní diskutovat o různých aspektech, ne zcela striktní.","Každý může mít svůj názor a pro každého může být důležitější jiné hledisko, to je úplně v pořádku. Lidé, kteří se ode mě co nejvíce liší jsou ti, kteří mají sklony k fašistickým názorům a podporují komunismus, ale hlavně ti, kteří jsou ve svých názorech agresivní, zaslepení a neochotní k debatě o názorech jiných.",0,0,0,0,0,0,0,0,0,0,0,0,0,0,0,0,0,0,0,0,0,0,0,0,0,0,0,0,0,0,0,0,0,0,0,0,0,0
R_8lmIGEtczpdZFJ4,ANO,Ochotní a příjemní. Nediskutuji a spolupracují. ,"Namyšlení soukromnici,  stále si stěžují, co musí platit státu. Mě jako zaměstnanci se nikdo neptá a daně odečtou a strhnou přímo z výplaty. ",0,0,0,0,0,0,0,0,0,0,0,0,0,0,0,0,0,0,0,0,0,0,0,0,0,0,0,0,0,0,0,0,0,0,0,0,0,0
R_8V9eDr7r2Wst6Fl,ANO,mam takovou společnost rada,řekla bych ze každý je jiný ,0,0,0,0,0,0,0,1,0,0,0,0,0,0,0,0,0,0,0,0,0,0,0,0,0,0,0,0,0,0,0,0,0,0,0,0,0,0
R_8fEdmtI5kBPesNE,Pirati,"Liberální člověk s dostatkem empatie, ctící hodnoty humanismu. Člověk s kritickým myšlením, důvěrou ve vědu a pokrok poznání. Ne nutně nehrdý na svou zemi, nicméně nesnižující se k primitivnímu nacionalismu a rasismu.","Jako lidi veskrze konzervativní, a je jedno, jestli z pravého, nebo levého spektra. Jako lidi, kteří si myslí, že rychlá a jednoduchá řešení jsou správná (což prakticky nikdy nejsou) a kteří se ošívají selským rozumem (což zpravidla značí absenci jakéhokoliv rozumu). Lidi, kteří nemají dostatečný všeobecný přehled a kritické myšlení a tak snadno podléhají dezinformacím a podvodům v běžném životě (homeopatika, plochá Země atd.)",0,0,0,0,0,0,0,0,0,0,0,0,0,0,0,0,0,0,0,0,0,1,0,0,0,0,0,0,0,1,0,0,0,0,0,0,0,0
R_2jx4Rk84FANTTUU,KDU-CSL,"myslím si, že je to jedno jak lidí všechno vnímají","každý má jiný názor, nesoudím lidi za názor",0,0,0,0,0,0,0,0,0,0,0,0,0,0,0,0,0,0,0,0,0,0,0,0,0,0,0,0,0,0,0,0,0,0,0,0,0,0
R_2t7qz5gA6wtq5gt,SPD,"Rozuměli bychom si, a tak bych neměla potřebu se dohadovat","Nerozuměla bych si s nimi, ale dokázala bych se dobře ovládnout a přejít k jinému tématu",0,0,1,0,0,0,0,0,0,0,0,0,0,0,0,0,0,0,0,0,0,0,0,0,0,0,0,0,0,0,0,0,0,0,0,0,0,0
R_2hf4mnC4V0bYEg1,ANO,ted me nic momentalne nenapada ,nevim nic me nenapada,0,0,0,0,0,0,0,0,0,0,0,0,0,0,0,0,0,0,0,0,0,0,0,0,0,0,0,0,0,0,0,0,0,0,0,0,0,0
R_22R2WwAa002J9Av,,"Pro rodinu, pro práci dobře finančně ohodnocenou, pro lidi co se nebojí přidat ruku k dílu když je třeba.","Hrabou sami pod sebe, nepomůžu ostatním lidem, takovým co to opravdu potřebují a sami to nezvladnou",0,0,0,0,1,0,0,0,0,0,0,0,0,0,0,0,0,0,0,0,0,0,0,0,0,0,0,0,0,0,0,0,0,0,0,0,0,0
R_8txp6739bPOXEW9,TOP09,jednoduše si rozumíme politickými názory,"v měně, v trestech liší se všeobecně názory, nemohu být konkrétní",0,0,1,0,0,0,0,0,0,0,0,0,0,0,0,0,0,0,0,0,0,0,0,0,0,0,0,0,0,0,0,0,0,0,0,0,0,0
R_2ZmEigqIazFf8WJ,ANO,"Lide se sociálním cítěním, kteří potřebují pomocí.",Pravicově smýšlející lidi. Který nemají slitování s chudými lidmi.,0,0,0,0,0,0,0,0,0,0,0,0,0,0,0,0,0,0,0,0,0,0,0,0,0,0,0,0,0,0,0,0,0,0,0,0,0,0
R_8jVdNGqC3uALIPj,Other,"O politických tématech se bavím ve skupině přátel, jsme z různých koutů republiky, jsou tam i lidé ze Slovenska, diskutujeme přes sítě i osobně se potkáváme. Diskutujeme o problémech a tématech, o jednotlivých politických představitelích, hodně probíráme zahraniční události. Máme přátele i v zahraničí, v Evropě i za mořem, a je velmi zajímavé vědět, co se děje jinde a jaké postoje zastávají. Ono totiž v důsledku nás události ve světě ovlivňují výrazně, jsme totiž malá zemička. S těmito lidmi se tolerujeme, i se v názorech také různíme. Snažíme se vzájemně si vysvětlit a ukázat, proč máme určitý názor/postoj na nějakou věc/problém/události. Prostě bych to popsala slovy, že hledáme v politice : konsensus místo konfliktu a kooperaci místo konkurence.","Většinou se vyhýbám hovorům o politice. Jako žena, když se bavím s jinými ženami, máme jiná, příjemnější témata k hovoru, která nás zajímají. S muži se o politice nebavím buď vůbec, nebo pouze naslouchám bez vyjadřování svého názoru, mají totiž tendenci mě přesvědčovat nebo se hádat, málokterý umí skutečně diskutovat. Zejména v zaměstnání si dávám na hovory o politice pozor, abych se do nich nezamíchala, nestojím o dohadování se, které nikam nevede.",0,0,0,0,0,0,0,0,0,0,0,0,0,0,0,0,0,0,0,0,0,0,0,0,0,0,0,0,0,0,0,0,0,0,0,0,0,0
R_81ISwCwQARNuWxH,,"Normální lidé, normálně přemýšlejí, mysli na budoucnost","Nijak, nemám k tomu co říci ",0,0,0,1,0,0,0,0,0,0,0,0,0,0,0,0,0,0,0,0,0,0,0,0,0,0,0,0,0,0,0,0,0,0,0,0,0,0
R_2o0eKE2OVCPWsiV,ANO,"Jsou to lidí starší nad 50 let, vědí co je práce i zábava, nic nedostali zadarmo.","tvrdohlavý, nedokáží změnit názor i když škodí sobě i jiným lidem",0,1,0,0,0,0,0,0,0,0,0,0,0,0,0,0,0,0,0,0,0,0,0,0,0,0,0,0,0,0,0,0,0,0,0,0,0,0
R_2fe5RLTGWzzI8hq,STAN,"Řekla bych, že jsou to lidé, kteří se nenechají zahltit dezinformacemi a kteří jsou otevření více názorům a hlavně se dokáží vzájemně respektovat.","Záleží na tom, zda tyto své názory nutí, nebo nenutí ostatním. Pokud dráždí, většinou jsou to divní lidé s batohy, kteří vykřikují neskutečně pitomá hesla. Když své názory nenutí a dokáží respektovat názory druhých, nemám s těmito lidmi problém.",0,0,0,0,0,0,0,0,0,0,1,0,0,0,0,0,0,0,1,0,0,0,0,0,0,0,0,1,0,0,0,0,0,0,0,0,0,1
R_8ho0MJPaDtYGaFu,Pirati,"Dbám na ochranu přírody a na co nejšetrnější zacházení s ní. Chci, aby se více braly ohledy na snižující se diverzitu různých živočichů a rostlin a začalo se o tom více jednat a také vzdělávat veřejnost. Podporuji LGBT komunitu, jelikož každý jednotlivec by měl mít právo na sebevyjádření a být tím, kým se cítí být. Chci, aby členové této komunity měli stejná práva jako ostatní. Zastávám demokracii, svobodu volby, svobodu projevu.","Tací lidé, řekla bych mnohdy věkově ode mne starší. Tací, kteří se vůbec nezajímají o přírodu a její ochranu. Nezajímají se o pocity a problémy druhých, nejsou empatičtí a nedokážou pochopit odlišnosti některých skupin lidí v moderní společnosti. Jsou to např. rasisté, homofobové. Jsou negativní vůči LGBT, uráží takové lidi. Dále například neuznávají rovnoprávnost, mají předsudky.",0,0,0,0,0,1,0,0,0,0,0,0,0,0,0,0,0,0,0,0,0,0,0,0,0,0,1,0,0,0,0,0,0,0,0,0,0,0
R_27vkw18zaEwVDQB,SPD,Neschopny volit v tejto tazkej dobe,Neviem co sem mam napisat,0,0,0,0,0,0,0,0,0,0,0,0,0,0,0,0,0,0,0,0,0,0,0,0,0,0,0,0,0,0,0,0,0,0,0,0,0,0
R_80k7imR4kADzesd,Other,Snaha najit smysl politiky,Premysleji az moc nad situaci nebo naopak se nechaji zlakat odmenami,0,0,0,0,0,0,0,0,0,0,0,0,0,0,0,0,0,0,0,0,0,0,0,0,0,0,0,0,0,0,0,0,0,0,0,0,0,0
R_8QzchVIx6fCnLzx,ANO,Mají stejný názor jako já,Tyto lidé mají svůj názor ,0,0,0,0,0,0,0,1,0,0,0,0,0,0,0,0,0,0,0,0,0,0,0,0,0,0,0,0,0,0,0,0,0,0,0,0,0,0
R_2v2sjkC30AjmnB2,,Podle mého přesvědčení mají správný postoj.,"Nevadí mi, ale o politice se s nimi nebudu bavit.",0,0,0,0,0,0,0,0,0,0,0,0,0,0,0,0,0,0,0,0,0,0,0,0,0,0,0,0,0,0,0,0,0,0,0,0,0,0
R_2it06HeQ0rsriVl,KSCM,"Zastanci minimalniho statu a regulaci. Socialni a jina pomoc jen v nouzi, ktera musi byt skutecnou nouzi. ","Pasivni konzumenti, presvedceni, ze se o jejich starosti i potreby ma postarat nekdo jiny. Stat, cirkve, dobrovolnicke organizace, proste kdokoliv jiny, rozhodne ne oni.",0,0,0,0,0,0,0,0,0,0,0,0,0,0,0,0,0,0,0,0,0,0,0,0,0,0,0,0,0,0,0,0,0,0,0,0,0,0
R_2YcHIPboXkz6MDv,STAN,"Jsou to lidé, kteří chodí k volbám, ale v o politiku jako takovou se moc nezajímají.","Jsou to lidé s vyhraněnými často konzervativními názory, kteří nejsou ochotni je měnit a nepřijímají názor druhých.",0,0,0,0,0,0,0,0,0,0,0,0,0,0,0,0,0,0,0,0,0,0,0,0,0,0,0,0,0,0,0,0,0,0,0,0,0,0
R_8aXCoMBSWNr8d2H,SPD,"Ti co chteji neco dosahnout, nechteji diktat EU","Důchodci, koblizci, manipulativni",0,0,0,0,0,0,0,0,0,0,0,0,0,0,0,0,0,0,0,0,0,0,0,0,0,0,0,0,0,0,0,0,0,0,0,0,0,0
R_8iFcjzh5RaP4pQ5,,Absolutní intolerance Fialových příznivců,nevím nedokážu určit,0,0,0,0,0,0,0,0,0,0,0,0,0,0,0,0,0,0,0,0,0,0,0,0,0,0,0,0,0,0,0,0,0,0,0,0,1,0
R_2vkRZeTmTR42MwK,Other,"Lidí,kteří věří,že v politice se stejně nikdy nic nezmění k dobrému, žádná zásadní pozitivní změna nepřijde. Nač se tedy o politiku zajímat.","lidé, kteří se o politiku zajímají,já se o ni příliš nezajímám,nerada o ní vedu debaty a celkově je mi téma politické vzdálené.",0,0,0,0,0,0,0,0,0,0,0,0,0,0,0,0,0,0,0,0,0,0,0,0,0,0,0,0,0,0,0,0,0,0,0,0,0,0
R_2Nfx2WEVwQ8dLGL,KDU-CSL,"Pracovití a cílevědomí. Jdou si za svým cílem i za cenu vlastního pohodlí. V novinách nečtou pouze titulky. V případě vyšší finanční potřeby nejdou do banky, ale na brigádu... ","Osm piv a dvě krabičky cigaret denně, podpora v nezaměstnanosti a dávky na bydlení, ale stát se o nás nepostará a za komunistů bylo zlatě... Lenoši a netáhla.",0,1,0,0,0,0,0,0,0,0,0,0,0,0,0,0,0,0,0,0,0,0,0,0,0,0,0,0,0,0,0,0,0,0,0,0,0,0
R_21LPynUZoLWbFp1,,"Zajímají se o dění kolem, ověřují si informace a fakta. Jsou otevřeni jiným názorům a jsou schopni o nich komunikovat. Chybu uznají. Zajímají se o svou budoucnost i budoucnost okolí, kde žijí. Zajímají se o druhé. ","Nezajímají se dění kolem. Názory přejímá často z Facebooku nebo podobných médií, informace si neověřují. Věří všemu, co slyší a co někdo slíbí u voleb, byť je to na první pohled nesmysl a neproveditelné. Jsou lehce ovlivnitelní. Nemají svůj názor  získaný tím, že by si o věcech něco zjistili. Často s nimi není možná komunikace a konverzace na tato témata, protože nechtějí slyšet můj názor a nepřipustí, že by s mohli mýlit.",0,0,0,0,0,0,0,0,0,0,0,0,0,0,0,0,0,0,0,0,0,0,0,0,0,0,1,0,0,0,1,0,0,0,0,0,0,0
R_8GxnUflaEOBesuC,Pirati,"Pravicově zaměření lidé, často z podnikatelských rodin, často poměrně dobře finančně zajištěni jak od rodičů, tak vlastními prostředky ",Levicově zaměření lidé. Nekonzervativní až extrémističtí. ,0,0,0,0,1,0,0,0,0,0,0,0,0,0,0,0,0,0,0,0,0,0,0,0,0,0,0,0,0,0,0,0,0,0,0,0,0,0
R_8pLyUKuLQksB2oy,STAN,"Jsou to vzdělaní lidé, minimálně s maturitou. Všichni pracují. Jsou to buď vedoucí pracovníci, manažeři, zdravotničtí pracovníci, pracovníci ve školství, bankovnictví.","Jsou to většinou lidi s nižším vzděláním, i když se mezi nimi najde i vysokoškolák. Většinou pracují manuálně, na směny.",0,0,0,0,0,0,0,0,0,0,0,0,0,0,0,0,0,0,0,0,0,0,0,0,0,0,0,0,0,0,0,0,0,0,0,0,0,0
R_2xPpco4EGDtK6ev,ANO,"Klidní a trpělivý,do určité doby",Nijak každý má svůj názor ,0,0,0,0,0,0,0,0,0,0,0,0,0,0,0,0,0,0,0,0,0,0,0,0,0,0,0,0,0,0,0,0,0,0,0,0,0,0
R_2ImIPSXtkPlR8Up,ANO,"Zajímají se o ekonomické věci a dění ve světě. Zároveň se zajímají o automobilový průmysl a green deal v tom směru, že nesouhlasí se zákazy v těchto oblastech.",Jsou ovlivněny zelenou politikou z Bruselu. ,0,0,0,0,0,0,0,0,0,0,0,0,0,0,0,0,0,0,0,0,0,0,0,0,0,0,0,0,0,0,0,0,0,0,0,0,0,0
R_25Xv3X712Z1zNqy,,"Jsou to lidé kteří jednají zdravým selským  rozumem  ,neslibují co nemohou splnit ,neobohacují se na úkor druhých a hlavně nevycucávají stát ,tedy nás všechny.","Myslím si ,že buď to jsou lidé vychovaní v jejich přesvědčení a proto je volí ,nebo jsou to prospěcháři kteří využívali politiku k vlastnímu prospěchu .",0,0,1,0,0,0,0,0,0,0,0,0,0,0,0,0,0,0,0,0,0,0,0,0,0,0,0,0,0,0,0,0,0,0,0,0,0,0
R_8GJRG0NBybEPE7A,Other,"obyčejní 
politickou scénu moc nesledující, ale všímající si dopadů politických rozhodnutí
volí menší zlo, protože není výběr 
","nedokáži říct, podle mě jsou všichni odlišní. To není že já mám jeden směr a ostatní mají druhý směr, tak jako už neexistuje levá nebo pravá politická strana",0,0,0,0,0,0,0,0,0,0,0,0,0,0,0,0,0,0,0,0,0,0,0,0,0,0,0,0,0,0,0,0,0,0,0,0,0,0
R_28UgOBrEqfAAkiB,SPD,--------------------------------------------------------------------------------------------------------,---------------------------------------------------------------------------------------------------------------------------------------------,0,0,0,0,0,0,0,0,0,0,0,0,0,0,0,0,0,0,0,0,0,0,0,0,0,0,0,0,0,0,0,0,0,0,0,0,0,0
R_2rJOFTo51rHiGh2,STAN,Nikomu nevnucuji své názory.,"Já nikomu svůj názor nenutím. Ostatní si vyslechnu i jejich argumenty, ale nepouštím se do velkých diskuzí. Každý může mít svůj názor a důvody, pro svou politickou orientaci a nikdo by mu ji neměl vyvracet. ",0,0,0,0,0,0,0,0,0,0,0,0,0,0,0,0,0,0,0,0,0,0,0,0,0,0,0,0,0,0,0,0,0,0,0,0,0,0
R_8hyb09ORw6rIVrc,SPD,"má všeobecný přehled,získává informace z různých zdrojů,není ukvapený vzávěrech",sledují ČT  nehledají jiné zdroje informací ,0,0,0,0,0,0,0,0,0,0,0,0,0,0,0,0,0,0,0,0,0,0,0,0,0,0,0,0,0,0,0,0,0,0,0,0,0,0
R_26Sv6PnyaaRwx21,TOP09,"Jde jim o slušnou a reprezentativní vládu, která není xenofobní, homofobní a podporuje rozvoj obyvatelstva. ","Lidé, kterým se v životě nedaří a mají tendenci jejich neúspěch svádět na všechny okolo a hlavně na stát a politiku. ",0,0,0,0,0,0,0,0,0,0,0,0,0,0,0,0,0,0,0,0,0,0,0,0,0,0,0,0,0,0,0,0,0,0,0,0,0,0
R_2E4q0gJv3PANZTU,STAN,"Lidé smýšlející jako já, nejsou snadno ovlivnitelní, nepodléhají davové psychóze, nenechají se ovlivnit kultem osobnosti, nevěří populistickým stranám, nevidí svět pouze černobíle.","Lidé, kteří jsou snadno manipulativní, podléhají kultu osobnosti, nedokáží rozlišit hoaxi, nejsou ochotní ke změně názoru, věří jen své vlastní pravdě.",0,0,0,0,0,0,0,0,0,0,0,1,0,1,0,0,0,0,0,0,0,0,0,0,0,0,0,0,0,1,0,0,0,0,0,0,0,0
R_8c5Uh1fVRDquNLe,ODS,ověřují si fakta ale nenechají si lhát,podlehlý propagandou a neověřující si fakty,0,0,0,0,0,0,0,0,0,0,0,0,0,0,0,0,0,0,0,0,0,0,0,0,0,0,0,0,0,0,0,0,0,0,0,0,0,0
R_2UW9vPJNMGDmYl0,,"Nelíbí se mi nebetyčné zadlužování našeho státu, nelíbí se mi, že se tolik přispívá Ukrajině, když se ČR neumí pořádně postarat o naše lidi. Občané z Ukrajiny by už dávno neměli mít žádná privilegia a sociální dávky. Pokud nejsou schopni začít tu pracovat a začlenit se, ať se vrátí na Ukrajinu. Nemluvě o tom, jak moc se tu zvedla kriminalita! Také se mi nelíbí sociální systém, kdy někteří občané nemusí pracovat a mají se lépe, než pracující lid! To by měl konečně někdo změnit!! ","Jsou to lidé, kteří tvrdí, že za komunismu bylo lépe. Pak jsou to lidé, kteří budou volit ANO. A pak jsou to lidé, kteří sympatizují s Okamurou. ",0,1,0,0,0,0,0,0,0,0,0,0,0,0,0,0,0,0,0,0,0,0,0,0,0,0,0,0,0,0,0,0,0,1,0,0,0,0
R_8Fib4EVQUXMMV2h,,"O politiku se raději moc nezajímám, protože se nechci rozčilovat a upřímně na to nemám čas.",Sledují politiku např. každý večer,0,0,0,0,0,0,0,0,0,0,0,0,0,0,0,0,0,0,0,0,0,0,0,0,0,0,0,0,0,0,0,0,0,0,0,0,0,0
R_2ZRLl6xnkb319O9,STAN,"nevím. podobné názory, zájmy","nezmění svůj názor, vedou si svoje",0,0,0,0,0,0,0,0,0,0,0,0,0,0,0,0,0,1,0,0,0,0,0,0,0,0,0,0,0,0,0,0,0,0,0,0,0,0
R_44MXA5NohdxOpIR,ODS,"mají svůj názor a nebojí se ho sdělit
mají stejný životní styl jako já
stejné názory na politiku, politiky","každý má nárok na svůj názor 
každý může volit stranu, jakou uzná za vhodné
každý má jiné představy o politice, politicích ",0,0,0,0,0,0,0,1,0,0,0,0,0,0,0,0,0,0,0,0,0,0,0,0,0,0,0,0,0,0,0,0,0,0,0,0,0,0
R_8Ke6lxSPZL7FOwz,,........................................,............................................,0,0,0,0,0,0,0,0,0,0,0,0,0,0,0,0,0,0,0,0,0,0,0,0,0,0,0,0,0,0,0,0,0,0,0,0,0,0
R_8khHovedceX12O5,KDU-CSL,"Jde o lidi, kteří ví, že nejde věřit všem nesmyslným slibům jiných politických stran, které tvrdí, že by aktuální situaci zvládly lépe a pouze kritizují stávající rozhodnutí. Populistické sliby jiných stran nás neovlivňují, protože když je ve světě krize, nemůžeme si dovolit rozhazovat a dopřávat všem nadstandard. Jsou to lidi co mají rozum, a znají hranice své i státu. Vždyť dnes si všichni žijí v blahobytu a ještě si stěžují. ","Nejčastěji jsou lide ovlivňování společností. V co člověk dané politické strany věří tak se v některých situacích také prezentuje na veřejnosti. Nejčastěji se ozývají lidé extremních politických stran a urážejí, kritizují a nadávají - tito lidé většinou se projevují jako ne příliš inteligenti - nepřemýšlí nad situací a jednají impulzivně. 
Ne každý je ale politickou situací a svým přesvědčením tak ovládly. Výše jsem popsala extrémní situaci. Vždy jde o individualitu člověka. ",0,0,1,0,0,0,0,0,0,0,0,0,0,1,0,0,0,0,0,0,0,0,0,0,0,0,1,0,0,0,0,0,0,0,0,0,0,0
R_8IvdxXUSoDACSvO,STAN,"Vzdělaní, zajímá se o okolní dění, finančně gramotní. Nespoléhají na populistické sliby, dokáží odhadnout reálné hrozby. Doufám že ne arogantní - pouze sebevědomí.","Nevzdělaní, bez všeobecného rozhledu, menší finanční gramotnost, snadno se nechávají ovládat strachem a vztekem, nezvládají emoce. Neověřují informace, důvěřují populistickým slibům. ",0,0,0,0,0,0,0,0,0,0,0,0,0,1,0,0,0,0,0,0,0,0,0,0,0,0,0,1,0,0,0,0,1,0,0,0,0,0
R_2qxw5jTag6mf65Z,,"jsou to lidé zdravých názorů, sledují politické dění doma i ve světě, jsou empatičtí a přizpůsobiví, stojí nohama pevně na zemi a neradi se pouštějí do ostrých konfliktů, ","jsou to lidé většinou nižší inteligenční úrovně, většinou svoje myšlenky a smýšlení považují za dogma a nejsou schopni reálně uvažovat, diskutovat a přebírat jiné názory",0,0,0,0,0,0,0,0,0,0,0,0,0,0,0,0,0,0,0,0,0,0,0,0,0,0,0,0,0,0,0,0,0,0,0,0,0,0
R_8CgrPWFCXGIsmjv,SPD,"nevím, nehodnotím sám sebe","namyšlenost, slepota",0,0,0,0,0,0,0,0,0,0,0,0,0,0,0,0,0,1,0,0,0,0,0,0,0,0,0,0,0,0,0,0,0,0,0,0,0,0
R_8QMacBB7zNsZYl8,ODS,"Lidé zodpovědní, soběstační, schopní sami utvářet své postoje.","Lidé přesvědčení, že nejsou sami zodpovědní za svůj život a za jeho kvalitu. Spoléhají na to, že za ně vše vyřeší stát nebo dokonce nějaký diktátor.",0,0,0,0,0,0,1,0,0,0,0,0,0,0,0,0,0,0,0,0,0,0,0,0,0,1,0,0,0,0,0,0,0,0,0,0,0,0
R_8PWUrsIz3PE5TP3,SPD,"jsou bezva, odpovědní a nenávidí prospěcháře ve vládě, lidi kteří lžou jako tahle vláda",jsou to šmejdi jako tahle vláda,0,0,0,0,0,0,1,0,0,0,0,0,0,0,0,0,1,0,0,0,0,0,0,0,0,0,0,0,0,0,0,0,0,0,0,1,0,0
R_2DI4hTZgwj39F0s,Other,"Lidé vedi lepe nez stát, jak utrácet svoje penize. Pomoc pouze nemocným, hendikepovanym nebo z jiných důvodu prace neschopným. Ji AK je každého osobní zodpovědnost postarat se o se e a svoji rodinu","Slunickari, chtějí conejvic prerozdelovat nami vydělané penize. Dotace, příspěvky…tolerance pro LGBt apod. , boj proti všelijaké okrajové “diskriminaci”",0,0,0,0,1,0,1,0,0,0,0,0,0,0,0,0,0,0,0,0,0,0,0,0,0,0,0,0,0,0,0,0,0,0,0,0,0,1
R_2YXKcLpF9nY41ly,ANO,"nevím co bych napsala,jak bych je popsala","nevím co bych napsala,nevím,jak bych tyto lidi popsala",0,0,0,0,0,0,0,0,0,0,0,0,0,0,0,0,0,1,0,0,0,0,0,0,0,0,0,0,0,0,0,0,0,0,0,0,1,0
R_8NT2xhmIzyL2vbb,ANO,Nevím nevím nevím  nevím ,Bohatí lidé a majitelé firem,0,0,0,0,0,0,0,0,0,0,0,0,0,0,0,0,0,1,0,0,0,0,0,0,0,0,0,0,0,0,0,1,0,0,0,0,0,0
R_8WBz1n2QMnlPVZx,ODS,"Pro mne normální lidi, u kterých mě nepřekvapí přístup a názory.","Lidé, u kterých mě překvapí vývody a dedukce, které vůbec neodpovídají realitě.",0,0,0,1,0,0,0,0,0,0,0,0,0,0,0,0,0,0,0,0,0,0,0,0,0,0,0,0,0,0,0,0,0,0,0,0,0,0
R_22K3PJrUlrqK2eD,ANO,Nemohu si presne vybavit lidi o kterych mam mluvit.,Nemohu si vzpomenout ,0,0,0,0,0,0,0,0,0,0,0,0,0,0,0,0,0,0,0,0,0,0,0,0,0,0,0,0,0,0,0,0,0,0,0,0,0,0
R_8qKUi5466hHb6j7,,Jsou to lidé z mého nejbližšího okolí - rodina a pak lidé narození cca po roce 1980,"Jsou to asi lidé, kteří bezmezně hájí zájmy a názory své strany a hlavně jejich předáků, hlavně z SPD a KSČM",0,0,0,0,1,0,0,0,0,0,0,0,0,0,0,0,0,0,0,0,0,0,0,0,0,0,0,0,0,0,0,0,0,0,1,0,0,0
R_8SvhB6vqlaQY7xV,ODS,"Lidi s pozitivním myšlením, lidé především slušní, vzdělaní, sportovně založení. Lidé, kterým záleží na budoucnosti této země a ne jen na okamžitém prospěchu","spíš méně vzdělaní, náchylní k dezinformacím, nemyslí příliš na budoucnost země, věční remcalové",0,0,0,0,0,0,0,0,0,0,0,0,0,0,0,0,0,0,0,0,0,0,0,0,0,0,0,0,0,1,0,0,0,0,0,0,0,0
R_8kYANk8NopvYyy4,SPD,Jako sebe samého v zrcadle.,"Nevím, nijak. Nemám zájem o politiku ",0,0,0,0,0,0,0,0,0,0,0,0,0,0,0,0,0,0,0,0,0,0,0,0,0,0,0,0,0,0,0,0,0,0,0,0,1,0
R_27a0uYZMAQI0DFQ,Other,"Lidé, kteří nehltají mainstream","Jsou to lidé, kteří hltají mainstream a jsou zmanipulovaní zprávami a naší vládou ",0,0,0,0,0,0,0,0,0,0,0,0,0,0,0,0,0,0,0,0,0,0,0,0,0,0,0,0,0,0,0,0,0,0,0,0,0,0
R_8D7Nstp8h8z3W1k,ANO,"Lidé, kteří nesouhlasí ze současnou vládou Petra Fialy. Neboť tato vláda nesplnila nic ze svých
předvolebních slibů.","Lidé, kteří jsou buď hloupí a naivní, když věří lžím této současné vlády.",0,0,0,0,0,0,0,0,0,0,0,0,0,0,0,0,1,0,0,0,0,0,0,0,0,0,0,0,0,0,1,0,0,0,0,0,0,0
R_2vzsGTyUHnMtxtf,ANO,"přejí si ukončení války na ukrajině, nepodporují  zelené a rúzné neziskovky","podporují válku na ukrajině, vyhýbají se placení daní",0,0,0,0,0,0,0,0,0,0,0,0,0,0,0,0,0,0,0,0,0,0,0,0,0,0,0,0,0,0,0,0,0,0,0,0,0,0
R_8ZirzcU9bIwqthf,ODS,Každý se má postarat sám o sebe. Politici mají pouze určovat mantinely v kterých se mají lidé pohybovat. Teprve když lidé sami nemohou tak by jim měl stát pomoci.,"Nechají si naslibovat cokoli a slepě věří, že za ně někdo něco udělá aby se měli dobře. Věří populistům a vzpomínají na Ksč.",0,0,0,0,0,0,0,0,0,0,0,0,0,0,0,0,0,0,0,0,0,0,0,0,0,0,0,0,0,0,1,0,1,0,0,0,0,0
R_8LU6adh4WzSbGsr,,Normální lidský názor každý je jiný ,Normální lidský názor ,0,0,0,1,0,0,0,0,0,0,0,0,0,0,0,0,0,0,0,0,0,0,1,0,0,0,0,0,0,0,0,0,0,0,0,0,0,0
R_2sBWWrkkAHb6mug,,Pracující střední vrstva ,"Voliči ODS, TOP, STAN",1,1,0,0,0,0,0,0,0,0,0,0,0,0,0,0,0,0,0,0,0,0,0,0,0,0,0,0,0,0,0,0,0,0,0,1,0,0
R_2tg97KLcNbM2kc6,ODS,"Samostatní a zodpověďní lidé, rádi si užívají volného času, ale vědí že si musí na něj vydělat.
Nezávidí, snaží se na sobě pracovat, a berou každý den jako další příležitost.","Mají zaměstnání, ve kterém nejsou spokojení. Špatné vztahy (partnerské).
Neuvědomují si, že ke změně musí zavelit hlavně oni sami, né si jen stěžovat, závidět a pomlouvat.",0,1,0,0,0,0,0,0,0,0,0,0,0,0,0,0,0,0,0,0,0,0,0,0,0,0,0,0,0,0,0,0,0,0,0,0,0,0
R_8xpPhF9nO0R94TD,STAN,"opět-nemyslím si, že by politika byla něco, na jehož základě bych lidi ve svém okolí hodnotila","nevadí mi, politika není věc, kterou bych řešila v rámci širší rodiny nebo přátel",0,0,0,0,0,0,0,0,0,0,0,0,0,0,0,0,0,0,0,0,0,0,0,1,0,0,0,0,0,0,0,0,0,0,0,0,0,0
R_8rdvSGHs73BrqOR,,"také jsou to lidi, jako každý jiný","oni se nijak neliší,člověk  jako člověk",0,0,0,0,0,0,0,0,0,0,0,0,0,0,0,0,0,0,0,0,0,0,0,0,0,0,0,0,0,0,0,0,0,0,0,0,0,0
R_2C7aPi28W3OMnWN,KDU-CSL,"Jsou uvazlivi, inteligentni, zasadovi, konzervativne zamereni","Jsou to lide zastavajici ideologie typu socialismu a komunismu, nejsou zasadovi, hledaji prospech a karieru, matou ostatni svymi nerealnymi sliby. Casto meni sve nazory dke situace.",0,0,0,0,0,0,0,0,0,0,0,0,0,0,0,0,0,0,0,0,0,0,0,0,0,0,0,0,0,0,0,0,0,0,0,0,0,0
R_2EGY7pETLyAwxrI,ANO,"Lidé střední třídy, bez dluhů a závazků.","Bohatí lidé, kteří ani nevědí co stojí rohlík.",1,0,0,0,0,0,0,0,0,0,0,0,0,0,0,0,0,0,0,0,0,0,0,0,0,0,0,0,0,0,0,1,0,0,0,0,0,0
R_8d4baouzUFVV3fM,,"Progresivní liberální voliči. Spíš střední třída, vyšší vzdělání, zcestovalí a jazyků znalí, v životě nějakým způsobem úspěšní (ať už profesně nebo ve svých hobby). Lidé bez xenofobních předsudků všech barev..","Zjednodušeně a hanlivě dezoláti z Václaváku. Obšírněji lide se základním nebo nižším vzděláním, ze slabších sociálních vrstev kteří se nechávají naprosto ovlivnit propagandou ať už populistickou nebo proruskou. Nacionalisté, rasisti, tíhnou k východu.",1,0,0,0,0,0,0,0,0,0,0,0,0,0,0,0,0,0,0,0,0,0,0,0,0,0,0,0,0,0,1,0,1,0,0,0,0,0
R_2r55bIS5fmkDY4x,ANO,"Jsou to lidi s rozumem a s přehledem ,jak se skutečně žije.","Jsou to většinou lidé majetní a lidé, kteří si po revoluci nahrabali a kšeftaři, kteří se bojí , že se jim bude koukat pod prsty.",0,0,1,0,0,0,0,0,0,0,0,0,0,0,0,0,0,0,0,0,0,0,0,0,0,0,0,0,0,0,0,0,0,0,0,0,0,0
R_8kRoMRXtxsa4wMK,ANO,"Nejvíce podobné názory sdílím s voliči SOCDEM, případně ANO (strana u které předpokládám, že má mnohem vyšší šanci na výhru ve volbách než SOCDEM). Jsou mi sympatické strany a lidi, kteří si myslí, že je potřeba, aby vláda podpořila ty, kteří sociální pomoc potřebují a zároveň si ji zaslouží (tedy lidé, kteří alespoň někdy pracovali/pracují a pouze nenatahují ruce po penězích). Zároveň je pro ně důležité starat se o vlastní občany a nepodporovat všechny ostatní kolem, ačkoli na to nejsou dostupné finance. Sympatické jsou mi také názory těch, kteří tvrdí, že je potřeba zajistit dostupnější bydlení pro vlastní občany.","Pravděpoobně by se jednalo o voliče KSČM, extrémní pravice a nebo i skalní voliče Pětikoalice. Přístup všech těchto stran víceméně naprosto odporuje mým ideálům o vládnoucí politické straně. Považuji se spíše za mírně levicového voliče ovšem pouze co se týče sociálních otázek, demokracie je pro mne důležitá. Voliči KSČM (minimálně z mého okolí) jsou obvykle pro částečné znovuzavedení totality a tvrdí, že před rokem 1989 bylo lépe, voliči SPD jsou naopak velmi demagogičtí co se týče přístupu k mnoha problémům dnešní doby, voliči Pětikoalice dle mého v posledních volbách zvolili to největší zlo, co se ovšem projevilo až po nějaké době působení této strany. Mé nejmenší sympatie by si získali voliči stran, které se téměř vůbec nestarají o své vlastní občany nebo zcela překopou směrem k horšímu systém sociální podpory, pomoci rodinám, apod.",0,0,0,0,0,0,0,0,0,0,0,0,0,0,1,0,1,0,0,0,0,0,0,1,0,0,0,0,0,0,0,0,1,0,1,0,0,0
R_2tnbWSCCyEnPw4B,SPD,"Jsou ochotni naslouchat lidem s jinými názory, případně i přijímat kompromisy. Jsou zastánci názoru, že všechny strany chtějí, aby se lidé v této zemi měli dobře, stačilo by, jen se dohodnout, jakým způsobem toho dosáhnout.","Každý má právo na svůj názor a pokud o něm nepřesvědčuje silou mocí ostatní, je to v pořádku. Vadí mi jen ti lidé, kteří se snaží přesvědčit mě o své pravdě ohledně politiky a společenských problémů.",0,0,0,0,0,0,0,0,0,0,0,0,0,0,0,0,0,0,0,0,0,0,0,0,0,0,0,0,0,0,0,0,0,0,0,0,0,0
R_2qsNSonQyTOOLUv,,"Jsem nespokojen s tím, jak se všude lže a všíchni se snaží druhé jen využít.","Myslí si, že dříve bylo líp a nechají se manipulovat.",0,0,0,0,0,0,0,0,0,0,0,0,0,0,0,0,0,0,0,0,0,0,0,0,0,0,0,0,0,0,1,0,0,0,0,0,0,0
R_8Pdemh22XEkHTae,KSCM,"v mém okolí je několik lidí podobně smýšlejících,ale nemají tak vyhraněné nézory za ktrerými si stojí .já se snažím být čestná a to je moje kredo celý život","mám kamarádku přes 70 let,každá jsme na jedné straně barikády.o politice se nemůžeme bavit,protože bx jsme se rozhádaly a za to mi politika nestojí.s cizím si zastávám svoje  bojuji za své názory.",0,0,0,0,0,0,0,0,0,0,0,0,0,0,0,0,0,0,0,0,0,0,0,0,0,0,0,0,0,0,0,0,0,0,0,0,0,0
R_2O21oOR1Ty42x9Z,TOP09,"Lidí, kteří nesnáší lživou politiku","Lidé, kteří tahají náboženství a ideologie do politiky",0,0,0,0,0,0,0,0,0,0,0,0,0,0,0,0,0,0,0,0,0,0,0,0,0,0,0,0,0,0,0,0,0,0,0,0,0,0
R_2I9dTz75zVe6W7D,ODS,"Bez dluhů, nehází své životní situace na vládu, zodpovědní","Stýská se jim po době, kdy bylo vše relativně za hubičku, nezodpovědné, zadlužené, nízké vzdělání, neochota se zlepšovat v životě",0,0,0,0,0,0,1,0,0,0,0,0,0,0,0,0,0,0,0,0,0,0,0,0,0,0,0,0,0,0,0,0,0,0,0,0,0,0
R_2f73vrawgTHrpgc,ANO,"Jsou to prostí lidé,poctiví,kterým se nelíbí rozežranost čs.politiků,zadlužování státu na úkor občanů a z jejich peněz a pak ještě ty hloupé kecy.","Jsou to lidé,kteří většinou poctivou práci nikdy nedělali/p.Benda  a další/ a dělat nebudou,jen parazytují i se svými kamarády z peněz daňových poplatníků.",0,0,0,0,0,0,0,0,0,0,0,0,0,0,0,0,0,0,0,0,0,0,0,0,0,0,0,0,0,0,0,0,0,0,0,0,0,0
R_2Gw3rpeaTY1FUTv,ODS,jsou vesměs uznalí a mají přehled o ekonomice a nenechají se nalákat nesplnitelnými sliby,"nemůžu souhlasit s lidmi,kteří se nechají oblbnout penězmi,lží a demagogii",0,0,0,0,0,0,0,0,0,0,0,0,0,0,0,0,0,0,0,0,0,0,0,0,0,0,0,0,0,0,1,0,1,0,0,0,0,0
R_2KX31CcVz9y2qFb,ANO,Politické otázky a názory s lidmi neřeším ,"Nevim , neřeším ,nezkoumam ",0,0,0,0,0,0,0,0,0,0,0,0,0,0,0,0,0,0,0,0,0,0,0,0,0,0,0,0,0,0,0,0,0,0,0,0,0,0
R_29N57aCm9jJyDdL,Pirati,"Jsou to lidé, kteří se aktivně o politiku a problémy zajímají. Sami si vyhledávají informace, které si ověřují z více zdrojů, u každé informace si ověřují jejího nositele. Přemýšlí nad chováním politiků a jejich důvodech, tvoří si svůj kontinuální politický názor dlouhodobě, nepodléhají momentálním výstřelkům a populismu.","Bez aktivního zájmu o politiku, bez ochoty a snahy porozumět podstatě věcí, neověřující si informace, nesledující zdroje informací, lehce manipulovatelní, někdy ne příliš bystří.",0,0,0,0,0,0,0,0,0,0,0,0,0,0,0,0,0,0,0,0,0,0,0,0,0,0,0,0,0,0,1,0,0,0,0,0,0,0
R_2Jgx72Pxuze9bj8,SPD,"Lidumilové, není jim lhostejné, jak se tu všichni budeme mít.","Mamonáři, hrabou jen pro sebe a okolí je nezajímá. ",0,0,0,0,0,0,0,0,0,0,0,0,0,0,0,0,0,0,0,0,0,0,0,0,0,0,0,0,0,0,0,0,0,0,0,0,0,0
R_2YxD9oU9MwK5iM7,ANO,Máme o čem diskutovat a mají stejné smýšlení jako já ,"Málo se starají o to co se v této zemi děje,nebo jsou spřízněni s politiky",0,0,0,0,0,0,0,0,0,0,0,0,0,0,0,0,0,0,0,0,0,0,0,0,0,0,0,0,0,0,0,0,0,0,0,0,0,0
R_29XwjINAj4XrrJD,KSCM,Do hlavy jím člověk nevidí,Nezajímam se o takové lidi,0,0,0,0,0,0,0,0,0,0,0,0,0,0,0,0,0,0,0,0,0,0,0,0,0,0,0,0,0,0,0,0,0,0,0,0,0,0
R_8KAwnNSAWPNK04c,ANO,"Mají mé sympatie, zajímají se o současnou politiku.",Tito lidé jsou odtrženi od současné podoby politiky.,0,0,0,0,0,0,0,0,0,0,0,0,0,0,0,0,0,0,0,0,0,0,0,0,0,0,0,0,0,0,0,0,0,0,0,0,0,0
R_2Pq5HJCKorH5mxj,ODS,"Starší věk, vysokoškolské vzdělání, konzervativní přístup k životu, schopen si tvořit vlastní názor, odpůrce komunismu ve všech jeho podobách, obava z agresivního chování Ruska","Považují režim před r. 1989 za lepší než nyní, obdivují Rusko, věří konspiračním teoriím, nejsou přístupni logickým argumentům",0,0,0,0,0,0,0,0,0,0,0,0,0,0,0,0,0,0,0,0,0,0,0,0,0,0,0,0,0,0,0,0,0,0,0,0,0,0
R_2mvYJS1BSO2KaRJ,STAN,"otevření, schonpni přijmout argumenty, realističtí","Lehce ovlivnitelní, bez dostatku informací, neochota změnit názor na základě argumentů",0,0,0,0,0,0,0,0,0,0,0,0,0,0,0,0,0,0,0,0,0,0,0,0,0,0,0,0,0,0,1,0,0,0,0,0,0,0
R_2atv1LSlhTZFW7k,ANO,"Pokud budu popisovat politiku selským rozumem dnešní vládnoucí garnitury, tak jsou sebestřední snad do jednoho, ať si vzpomenu na jakoukoliv osobu (Fiala, Černochová)","Pokud to vezmu podle stran tak ODS lžou, SPD to nemají promyšlené, KDU-ČSL nemám ráda pambíčkáře, Top 09 trapnost v podání Pekarové, Spolu jen se dali dohromady, aby měli hlasy",0,0,1,0,0,0,0,0,0,0,0,0,0,0,0,0,0,0,0,0,0,0,0,0,0,0,0,0,0,0,0,0,0,0,1,1,0,0
R_8nUSUciHcaV3sYc,ANO,"Jsou realističtější,  mají podobné zkušenosti a potřeby jako já ",Asi mají jiné životní zkušenosti a nemají takové informace jako já ,0,0,0,0,0,0,0,0,0,0,0,0,0,0,0,0,0,0,0,0,0,0,0,0,0,0,0,0,0,0,0,0,0,0,0,0,0,0
R_8J4ncYZTytRi5L5,Pirati,"Pokud mají stejný nebo přibližný pohled jako já, tak s nimi nemám problém.","Záleží co je to za typ lidí. Pokud jsou slušní, kultivovaní, ochotní vyslechnout i opačné argumenty, tito mi vůbec nevadí. Křiklouni a lidi neschopní si vyslechnout protiargumenty, překrucují a lžou, tak s těmi nemá cenu ztrácet čas.",0,0,0,0,0,0,0,1,0,0,0,0,0,0,0,0,0,0,0,0,0,0,0,0,0,0,0,0,0,0,0,0,0,0,0,0,0,0
R_8yLvN7FUqSBSiwF,ANO,"Chtějí aby za politiky byli vidět výsledky, ne jen signály",Extrémní do prava i do leva,0,0,0,0,0,0,0,0,0,0,0,0,0,0,0,0,0,0,0,0,0,0,0,0,0,0,0,0,0,0,0,0,0,0,0,0,0,0
R_8cqhymRnKHrFH6V,,"Každý máme svůj názor, zastáváme jiné nebo stejné příklady a zkušenosti","Každý má svůj názor a zkušenosti s politickými stranama, které jsou na seznamu volených. Je to každého věc jaký názor zastává a kdo se mu nejvíc politicky hodí. Nesoudím ani nekritizuji",0,0,0,0,0,0,0,0,0,0,0,0,0,0,0,0,0,0,0,0,0,0,0,0,0,0,0,0,0,0,0,0,0,0,0,0,0,0
R_8D1PTEbrwctLqIq,ANO,Pracující střední třída a odporem k vládě a Ukrajině ,Typický vládní představitel z pražské kavárny ,1,1,0,0,0,0,0,0,0,0,0,0,0,0,0,0,0,0,0,0,0,0,0,0,0,0,0,0,0,0,0,0,0,0,0,0,0,0
R_8k0zc1wqJPyA0V5,KDU-CSL,"Většinou jsou to lidé s dosti vysokými morálními hodnotami, vzděláním, s rozhledem, samostatným myšlením a rozhodovanim.Nesednou jen tak na lep líbivým řečem nebo naopak nepodloźenym tvrzením.","Málo přemýšlejí, dávají se snadno ovlivnit nepravdivými informacemi, Jsou to většinou lidé s nižším vzděláním,často frustrovaní.",0,0,0,0,0,0,0,0,0,0,0,0,0,0,0,0,0,0,0,0,0,0,0,0,0,0,0,0,0,0,1,0,0,0,0,0,0,0
R_8rvmNXHQpU37SyS,STAN,"Chápou, že Ukrajinci sem nepřišli aby náš ohrožovali, ale že přišli o své domovy. Že státní kasa není bezedná a že rozdávat z ní se obrátí proti našim dětem a vnoučatům.","Nadávají na Fialovu drahotu a nechápou, že on za to nemůže. Vznáší do nebe Babiše a nechápu, že je populista a o lidi mu nejde. Nadávají na Ukrajence a podporu Ukrajiny.",0,0,0,0,0,0,0,0,0,0,0,0,0,0,0,0,0,0,0,0,0,0,0,0,0,0,0,0,0,0,0,0,1,1,0,0,0,0
R_8CmaUDtHRC1m9QI,ANO,Podporují ochranu životního prostředí ,Kloní se k politice ODS,0,0,0,0,0,0,0,0,0,0,0,0,0,0,0,0,0,0,0,0,0,0,0,0,0,0,0,0,0,0,0,0,0,0,0,1,0,0
R_8MtVJUIHa9TTyXD,,"Overujú si fakty, vedia si dať dokopy dve a dve. Sú to ľudia rozmýšľajúci kriticky, ktorí neuveria každej blbosti.","Sú to ľudia ktorí nevnímajú realitu, nechajú sa oklamať, nerozmýšľajú kriticky a neoveruju fakty.",0,0,0,0,0,0,0,0,0,0,0,0,0,0,0,0,0,0,0,0,0,0,0,0,0,0,0,0,0,0,0,0,0,0,0,0,0,0
R_2TWcfuZ2gUywKrL,,"Jak jsem už psala, každý má svůj vlastní názor a já bych nikomu nic nevnucovala.",Každý má právo na svůj názor a já bych nikomu nic nevnucovala. Jsme každý jiný a máme svůj rozum.,0,0,0,0,0,0,0,0,0,0,0,0,0,0,0,0,0,0,0,0,0,1,0,0,0,0,0,0,0,0,0,0,0,0,0,0,0,0
R_8wNa8pdF6eSK7Oy,SPD,"Skromni a rozumni,zkušení ,znalí normálního života ",Život bez práce a na vysoké noze,0,0,1,1,0,0,0,0,0,0,0,0,0,0,0,0,0,0,0,0,1,0,0,0,0,0,0,0,0,0,0,0,0,0,0,0,0,0
R_8fadzRl5wZSlMUK,ANO,Střední vrstva žijící v ČR ,Jedná se o lidi s vlastním odlišným názorem ,1,0,0,0,0,0,0,0,0,0,0,0,0,0,0,0,0,0,0,0,0,0,0,0,0,0,0,0,0,0,0,0,0,0,0,0,0,0
R_2e2TWvWcD2xesRb,Pirati,Mladší lidé s přehledem co se děje ve světě a jak by bylo nejlepší pomoct vsem,"Každý má svůj vlastní názor a má právo volit koho chce, ale musím myslet taky na to dnešní doba vyžaduje jiné postupy než doba minulá ",0,0,0,0,0,0,0,0,0,0,0,0,0,0,0,0,0,0,0,0,0,0,0,0,0,0,0,0,0,0,0,0,0,0,0,0,0,0
R_2lAe2MyT6zcGWCc,Other,"většinou lidi, co si hledají fakta, ověřujou si informace a uvažují logicky","neleze je nějak popsat, vše je o tom si to prdiskutovat",0,0,0,0,0,0,0,0,0,0,0,0,0,0,0,0,0,0,0,0,0,0,0,0,0,0,0,0,0,0,0,0,0,0,0,0,0,0
R_2qantaCs83v6jjz,,"Obyčejní, velmi pracovití lidé, kteří se snaží a vadí jim prospěchářství a nespravedlnost.","Prospěcháři, kteří jen mluví o tom, co dobře dělají, ale jen mluví, ale nedělají to.",0,1,0,0,0,0,0,0,0,0,0,0,0,0,0,0,0,0,0,0,0,0,0,0,0,0,0,0,0,0,0,0,0,0,0,0,0,0
R_2EbNehvtrDIeIVX,ANO,Jsem rada ze by jsme na to meli stejny nazor a pohled jinak co se tyce politiky tak to neresim prijde mi to ztrata casu ,Takove lidi neresim ja se takr o politiku nezajimam jen obcas kouknu co se kde deje ,0,0,0,0,0,0,0,0,0,0,0,0,0,0,0,0,0,0,0,0,0,0,0,0,0,0,0,0,0,0,0,0,0,0,0,0,0,0
R_8KOVuIhNL329x83,ANO,"Racionální myšlení, rozum ",Blázni a nemají zdraví rozum ,0,0,1,0,0,0,0,0,0,0,0,0,0,0,0,0,0,0,0,0,0,1,0,0,0,0,0,0,0,0,0,0,0,0,0,0,0,0
R_8QngfOU5Q9X44jy,TOP09,"Nemusí se nijak lišit, ale spíše je vnímám jako obyčejné lidi ve střední třídě společenského žebříčku","Každý má svůj pohled na situaci a nemusí se lišit , ale jsou možná na vyšším místě společenského žebříčku",1,0,0,0,0,0,0,0,0,0,0,0,0,0,0,0,0,0,0,0,0,0,0,0,0,0,0,0,0,0,0,0,0,0,0,0,0,0
R_22PSOvKo54c65ZL,ANO,"Důchodci. Lidé, co nemohou najít odpovídající zaměstnání.Ti, co smýšlejí jako já - spiše doleva..","To jsou velmi dobře situovaní lidé, majetní, ctižádostivý , bezohlední, ",0,0,0,0,0,0,0,0,0,0,0,0,0,0,0,0,0,0,0,0,0,0,0,0,0,0,0,0,0,0,0,0,0,0,0,0,0,0
R_2EhWHmRf5sPjzjo,Pirati,"Vyšší vzdělání a kritické myšlení, dokáží si udělat vlastní názor. Nebojí se říct, že nemají na věc názor, protože o ní nemají dost informací. Informace musí být dostatečně podložené a ozdrojované. 
Rádi cestují-mají přehled, jak se žije v jiných zemích (v cizině se vždy nemají lépe, i když mají větší mzdy).
","Čím je člověk hloupější, tím víc má ve všem jasno. 
Jsou nešťastní, protože nesnáší svoje zaměstnání. Nemají koníčky, jediná zábava je hospoda a televize. Jsou xenofobní, neumí cizi jazyk, nejsou tolerantní k odlišnostem. ",0,0,0,0,0,0,0,0,0,0,0,0,0,0,0,0,0,0,0,0,0,0,0,0,0,0,0,0,0,0,0,0,0,0,0,0,0,0
R_2IiohZZKJj7zmgx,ODS,"Jsou si sympatyčtí, mladí, ",každý může mít svuj nazor. Nesoudím dle toho lidi,0,0,0,0,0,0,0,0,0,0,0,0,0,0,0,0,0,0,0,0,0,0,0,0,0,0,0,0,0,0,0,0,0,0,0,0,0,0
R_8EMSOHnKq60LqZs,SPD,"Lidi samostatní,se znalostí historie, spíše konzervativní, cticí rodinu,tradice,historii,samostatnost, nezávislost, lidi pracovití, poctiví,ferovi, samostatně myslící,logicky uvažující, se zdravým selským rozumem.Lidi, kteří ctí svobodu slova a nepodléhají propagandě ","Lidi fanatičtí, nenavistni, podléhající propagandě,s poměrně malým přehledem,snadno ovlivnitelní, za každou cenu chtějí jít s hlavním proudem,aby neměli problémy.Presvedceni o své neomylnosti, nemající argumenty,ale nepřipouštějící jiný názor, neschopni diskuze, okamžitě nalepkujici své oponenty jednostrannými nelogickými nálepkami.Vetsinou lidi bez logického myšlení a pragmatismu",0,1,1,0,1,1,0,0,0,0,0,0,0,0,0,0,0,0,0,0,0,0,0,0,0,0,0,0,0,0,1,0,0,0,0,0,0,0
R_2TQKuzQgA7XOEf0,SPD,"Jsou to obyčejný lidé kteří nechtějí seskupeni určitých vlád, nechtějí podporovat migranty na úkor vlastních občanů, jsou to lidi co jsou hrdí na to že jsou češi, jsou to občanů kteří chtějí udržovat českou tradici našeho národa jako je koruna a další naše důležité symboli. Jsou to lidi kteří nechtějí podporovat jiné obyvatelé kteří nemají zájem o práci a jen se povalují a zneužívají stát a čerpání pomoc od státu i když jsou zdraví a mohou státu přispět.","V tom je to dost náročné protože mnoho lidí má velké sociální cítění což je samozřejmě správně ale nesmí to být na úkor našich občanů to jest myšleno k imigraci. Jsou to lidi kteří podporují byznys který vydalává čisté jim nebo zahraničním firmám jsou to lidé kteří myslí na naší přirodu a ekologii ale je to branelé až moc Hraničné. Jsou to lidi kteří chtějí legalizovat drogy.  Ale každý má nějaké názory některé jsou dobře a věřím že by jsme se v nich shodly ale pak jsou věci s kterýma já nesouhlasím a oni je podporují 

",0,0,0,1,0,0,0,0,0,0,0,0,0,0,0,0,0,0,0,0,0,0,0,0,0,0,0,0,0,0,0,0,0,0,0,0,0,0
R_8ma1LIkhkdHavIJ,ANO,"Střední vrstva, lidé, kteří živí rodinu, mají závazky např hypotéky apod ","Zbohatlíci, velcí podnikatelé, manažeři, ředitelé ",1,0,0,0,1,0,0,0,0,0,0,0,0,0,0,0,0,0,0,0,0,0,0,0,0,0,0,0,0,0,0,0,0,0,0,0,0,0
R_2MXPaaKSaX2NMr4,ANO,"Mají otevřené názory s ochotou k jednání.Jsou schopni navrhovat a provádět takové změny,které vedou k prosperitě.Zaměřují se na podporu svých voličů a snaží se o zvýšení životní úrovně,narozdíl od koalice,která ústy svého guru Fialy propaguje nákup nutelly v Německu.Jak ubohé.","Lidé ze SPOLU vnímají realitu zcela jiným a zkresleným způsobem.Snaží se chyby,lži všemožně omlouvat,ikdyž profesůrek Fiala vede zemi ke zkáze.Nemají realistické myšlení a prosazují jen program antibabiš,ikdyž toto poškozuje celou republiku.Nemají ochotu se domluvit protože opozici přehlasují při jakémkoliv bodu jednání.Prostě mají většinu.",0,0,0,0,0,0,0,0,0,0,0,0,0,0,0,0,1,0,0,0,0,0,0,0,0,0,0,0,0,0,0,0,0,0,0,0,0,0
R_26hODyC8yjQFD3z,ANO,"Střední a nižší třída, dále důchodci, kteří jsou nejvíce zasažení rozhodnutím vlády","Ambiciózní bez životních zkušeností nebo bohatí podnikatelé, kteří si myslí, že když jsou bohatí, že můžou vše",1,0,0,0,0,0,0,0,0,0,0,0,0,0,0,0,0,0,0,0,0,0,0,0,0,0,0,0,0,0,0,1,0,0,0,0,0,0
R_8Ptmm1Gfwgv9jW2,,"Lidi s rozhledem, kteří nepodléhají dogmatickým manipulacím.","Záleží na vzdělání jakého nabyli, výchově do 18 let, rodina a  okolí, životních zkušenostech, lokalita ve které žijí.",0,0,0,0,0,0,0,0,0,0,0,0,0,0,0,0,0,0,0,0,0,0,0,1,0,0,0,0,0,0,0,0,0,0,0,0,0,0
R_2P0jyDY12CKhxkP,Other,"Tito lidé tráví mnoho času s rodinou. Doma se baví i o záležitostech mimo jejich domácnost, včetně politiky a kultury. Odebírají časopis Respekt. Poslouchají Český rozhlas. V televizi dávají přednost tvorbě ČT. Rádi podnikají výlety, často i s přáteli. Pomáhají pořádat sousedská setkání typu Zažij město jinak atd.","Informace o dění v politice, kultuře atd. berou jen ze sociálních sítí. A na nich tráví mnoho času. Kupují nejlevnější potraviny a je jim jedno, co obsahují, kdo je vyrábí. Hlavní je ušetřit. Většinu času tráví doma nebo na návštěvách se sousedy. Jeden z členů jejich rodiny jezdí všude autem. Nestarají se příliš o to, co dělají jejich děti. Jen doufají, že začnou jejich potomci brzy vydělávat. Všichni se vyhýbají sportu a kulturním zážitkům.",0,0,0,0,1,0,0,0,0,0,0,0,0,0,0,0,0,0,1,0,0,0,0,1,0,0,0,0,0,0,0,0,0,0,0,0,0,0
R_8LNEnjgVJR6tiQp,ANO,"Národní zájmy, suverenita, bezpečnost, sociální spravedlnost, solidarita.","Asociální lidé, kteří myslí jen sami na sebe. ",0,0,0,0,0,0,0,0,0,0,0,0,0,0,0,0,0,0,0,0,0,0,0,0,0,0,0,0,0,0,0,0,0,0,0,0,0,0
R_27Pz0m3LZQyvWE6,Other,Sympatičtí zodpovědní lidé ,Je to jejich věc a já ji respektuji,0,0,0,0,0,0,1,0,0,0,0,0,0,0,0,0,0,0,0,0,0,0,0,0,0,0,0,0,0,0,0,0,0,0,0,0,0,1
R_2gZLoBdKXbfy5SF,,"Lidé, kteří berou věci tak jak jsou a nesnaží se je měnit. Lidé s nevelkou potřebou vyjádřit a prosadit si svůj názor (pokud to není v nutné situaci). Lidé žijící si svůj život bez ohledu na politické dění.","Lidé, kteří se aktivně zajímají o politické dění v České republice. Aktivisté, lidé vyjadřující hlasitě svůj názor. Částečně lidé, kteří se míchají do věci do kterých jim nic není nebo o nich nic neví.",0,0,0,0,0,0,0,0,0,0,0,0,0,0,0,0,0,0,0,0,0,0,0,0,0,0,0,0,0,0,0,0,0,0,0,0,0,0
R_2a9sfyqsfpCw7lu,KSCM,snaží se vyhodnotit celkovou situaci jak nejlépe pomáhá vlastním- obyčejným lidem.,"Tito lidé většinou neuznávají jiný názor, než ten svůj viz výroky ( dezoláti, prorušští trolové a podobně).Respektuji jejich názory i když s nimi nesouhlasím",0,0,0,1,0,0,0,0,0,0,0,0,0,0,0,0,0,0,0,0,0,0,0,0,0,0,0,0,0,0,0,0,0,0,0,0,0,1
R_2jIFKjOApE1dEb6,ODS,Lidé s přehledem o politice a zdravě uvažující,Lidé s jiným názorem,0,0,0,0,0,0,0,0,0,0,0,0,0,0,0,0,0,0,0,0,0,0,0,0,0,0,0,0,0,0,0,0,0,0,0,0,0,0
R_2PsVDRxYX6ODECN,Pirati,"Jsou to většinou lidé mně blízcí, s určitým vzděláním a náhledem do života. V dnešní době to jsou ale bohužel většinou právě ti lidé, kteří dostávají ,,vynadáno"" od starších generací, že o světě nic neví, jsou mladí a hloupí a nedokážou přece pochopit, jaký byl život předtím (např. za dob komunismu). Často si musí své postavení a respekt ve společnosti prosadit, a cesta k onomu prosazení není vždy jednoduchá. Přesto je jich ale v mém okolí čím dál tím víc, a já doufám, že jich bude jen přibývat a nebudou se bát se prosadit a ozvat. Stejně tak, jako tomu bylo vždy. ","Ráda bych nejela v stereotypech o tom, že se jedná o většinou nevzdělané lidi, kteří jsou akorát naštvaní na celý svět a pokud nemají oni nejvíc, tak je vše špatně, ale bohužel to tak, z mého okolí alespoň, vidím. Vzdělání samozřejmě není podmínkou toho, být inteligentní a mít utříděné názory (tj. nenechat se ovlivnit vlnou populismu a krásných řečí z úst různých politiků), často se mezi námi vyskytují lidé, kteří mohou mít několik titulů, ale stejně budou věřit neověřeným informacím, fake news apod. Myslím si ale, že stále převažují lidé, kteří mají menší vzdělání, jsou sobečtí a stačí na ně pár lákavých slov a oni na ně naletí, i když ty lákavá slova nemusí být ani v nejmenším pravda, to ale oni neví - v tom je ten problém.",0,0,0,0,0,0,0,1,0,0,0,0,0,0,0,0,0,0,1,0,0,0,0,0,0,0,0,1,0,1,1,0,0,0,0,0,0,0
R_2ZCArf1ArVvyHu1,KSCM,Nemám s takovými lidmi problém ani se s nimi o těchto tématech bavit,"Nemám s nimi problém, jen se s nimi o těch tématech nechci bavit",0,0,0,0,0,0,0,0,0,0,0,0,0,0,0,0,0,0,0,0,0,0,0,0,0,0,0,0,0,0,0,0,0,0,0,0,0,0
R_8B8DvxgLiG1Tehz,,bbbnvvv jojbvfr hiknbfrr. fuuhfdfhhbbvcf. hugffhjb frklo ,vbbnn zhubl.  zugffhjb. zzhfhb jtffb,0,0,0,0,0,0,0,0,0,0,0,0,0,0,0,0,0,0,0,0,0,0,0,0,0,0,0,0,0,0,0,0,0,0,0,0,0,0
R_80UMFpyaU2DuvEB,,"Jsou to stejní lidé jako my,kteří stále čekají že se konečně začnou dít pozitivní věci ale nic se neděje….je to čím dal více frustrující pro všechny naše vrstevníky.","To jsou většinou všichni politici,nemají ano nejmenší tušení co trápí a s čím se musí denně potýkat obyčejný občan této republiky,který chodí do práce,nemá dluhy,a patří do tzv.střední třídy.",0,0,0,0,0,0,0,0,0,0,0,0,0,0,0,0,0,0,0,1,1,0,1,0,0,0,0,0,0,0,0,0,0,1,0,0,0,0
R_2qfBllNiBW64txX,KSCM,"jedná se o lidi znalými společenský vývoj, historii a mají společný názor jak na vnitřní vývoj, tak zejména evropský směr vývoje- jwdná se zejména tzv. o lidi dělnických zaměstnání a střední až malé podnikatele.","Já nemám potíže s lidmi a jejich diskutováním tím, že jsou jiného názoru. Nejhorší jsou dnes ti kteří se narodili tak před 30-ti lety a mladší, zejména nynější studující. Neakceptují odlišné názory, neznají souvislosti a dějinný vývoj.",1,0,0,0,0,0,0,1,0,0,0,0,0,0,0,0,0,0,0,0,0,0,0,0,0,0,0,0,0,0,0,0,0,0,0,0,0,0
R_2bPmzcxOERDZeXD,ANO,"Normální lidi, chápající souvislosti.","Hloupí, neinteligentní, náchylní přebírat cizí myšlenky.",0,0,0,1,0,0,0,0,0,0,0,0,0,0,0,0,0,0,0,0,0,0,0,0,0,0,0,0,0,0,0,0,0,0,0,0,0,0
R_2OPjuoOWrL0GbVh,,Kdokoliv komu je jedno kdo povladne ,Je mi jedno kdo si koho volí ,0,0,0,0,0,0,0,0,0,0,0,0,0,0,0,0,0,0,0,0,0,0,0,0,0,0,0,0,0,0,0,0,0,0,0,0,0,0
R_8QtHaxpcw61x9jW,Other,"Hledám stranu, která je něco mezi. Jsme zbytečně sociální stát k některým skupinám. A naopak, kdo potřebuje reálně pomoc, tak ji nedostane. Proto si myslím, že bývalá ČSSD byla nejpřijatelnější.",Buď to jsou radikálové a nebo ignoranti. ,0,0,0,0,0,0,0,0,0,0,0,0,0,0,0,0,0,0,0,0,0,0,0,0,0,0,0,0,0,0,0,0,0,0,0,0,0,0
R_2OUNabZvdWniTcA,ANO,chtějí pro společnost lepší životní podmínky,rovnoprávnost všech lidí ,0,0,0,0,0,0,0,1,0,0,0,0,0,0,0,0,0,0,0,0,0,0,0,0,0,0,0,0,0,0,0,0,0,0,0,0,0,0
R_2G1jvnHY7Bs70Ww,,Mysli na budoucnost jejich zivogu,Nevim hjkzvkfkignhjghjijjkhg,0,0,0,0,0,0,0,0,0,0,0,0,0,0,0,0,0,0,0,0,0,0,0,0,0,0,0,0,0,0,0,0,0,0,0,0,0,0
R_8seeF8pfGB5u0bD,,DOBŘE UŽ BYLO.JSEM ZE STARÉ ŠKOLYASENIOŘI BY SE MNOU SOUHLASILI,NEVÍM JÁ SE S TĚMA LIDMA O POLITICE NEBAVÍM,0,0,0,0,0,0,0,0,0,0,0,0,0,0,0,0,0,0,0,0,0,0,0,0,0,0,0,0,0,0,0,0,0,0,0,0,1,0
R_2LqCdFTFwUiut1L,ANO,"Používají tzv. selský rozum a nemluví o teorii a signálech, ale pracují pro své spoluobčany.",Každý má právo na svůj názor a neuráží lidi s odlišným názorem. Pomluvy a urážky by neměly patřit do politiky.,0,0,1,0,0,0,0,0,0,0,0,0,0,0,0,0,0,0,0,0,0,0,0,0,0,0,0,0,0,0,0,0,0,0,0,0,0,0
R_8kNUrMa1vUZc0GO,ANO,"Lidé, kterým není lhostejný osud druhých, bojují pro ně a za ně. Zároveň bojují za svou vlast.","Nezáleží jim na druhých, snaží se ujmout ,co můžou, ze všeho chtějí profitovat.",0,0,0,0,0,0,0,0,0,0,0,0,0,0,0,0,0,0,0,0,0,0,0,0,0,0,0,0,0,0,0,0,0,0,0,0,0,0
R_2CVc4oKUViI9bm6,,Názory pirátu nemáme rádi ,"Nechám jim jejich názor, nebudu se s nimi přít ",0,0,0,0,0,0,0,0,0,0,0,0,0,0,0,0,0,0,0,0,0,0,0,0,0,0,0,0,0,0,0,0,0,0,0,0,0,0
R_2Del1uNNfyhTIpO,ANO,"Jsou to z mého okolí lékaři, učitelé, živnostníci, dělníci, důchodci, ženy na mateřské dovolené",Jsou to lidé všech různých profesí i vzdělání. Odlišných lidí od mého názoru je naprosté minimum.,0,0,0,0,0,0,0,0,0,0,0,0,0,0,0,0,0,0,0,0,0,0,0,0,0,0,0,0,0,0,0,0,0,0,0,0,0,0
R_2TOeDrs8ERpxHod,ANO,"Tito lidé vnímají situaci u nás realisticky a vidí, co se děje. Argumenty členů vlády, koaličních stran ve všech oblastech jsou směšné, amatérské, neakceptovatelné, hloupé. V podstatě výsměch lidem. Upadající vláda dělá zoufalé činy. Všichni očekáváme změnu vládní koalice dle vox populi ČR.","Jedná se o lidi, kteří podléhají demagogii a lžím současné přeplacené vládní garnitury. Nehodlám se ale stresovat s těmi, kteří obhajují a podporují více jak tříletý kocourkov a zoufalé činy neschopné vlády. Zničená a rozprodaná je naše vlast díky jednotlivcům, kteří by měli bručet v kriminálech. Korupce vládne všude. Platy poslanců koalice i opozice, nehledě na vyšší posty ve vládě jsou nejvyšší v evropské unii, absurdně nezasloužené ! Český národ ryje držkou v zemi i díky těmto zkorumpovaným, s odpuštěním, prasatům. Politika byla, je, a bude vždycky svinstvo, jde jen o peníze, ale jak koho. Debilní vychcánci prosperují, vzdělaní a slušní lidé v této zemi padají na kolena...",0,0,0,0,0,0,0,0,0,0,0,0,0,0,0,0,1,0,0,0,0,0,0,0,0,0,0,0,0,0,0,0,1,0,0,1,0,0
R_22hwoNzLSNKMeJP,KDU-CSL,"Jsou to lidi, kteří opravdu přemýšlejí ","Nechápu, že nedokáží přemýšlet ",0,0,0,0,0,0,0,0,0,0,0,0,0,0,0,0,0,0,0,0,0,0,0,0,0,0,0,0,0,0,0,0,0,0,0,0,0,0
R_8MDPfUtwSgVfHW0,ANO,To je na dlouho všichni nadávají  na vládu na politiky jsou nešťastní protože mají problémy je to psaní na hodiny a na to není čas.,Myslím si že to jsou lidé kteří mají vše v dostatku nemusí řešit nájem byt teplo vodu elektřinu všechny tyto vysoké poplatky a k tomu strašnou drahotu za potraviny prostě tyto věci které patří k životu. Stát stále vyžaduje další a další peníze za provoz na svoje platy a na obyčejný lid úplně kašle myslí jenom na sebe a svoje movité kamarády aby měli stále více a více co mají obyčejní lidé za problémy je vůbec nezajímá. Je to nejhorší vláda od revoluce a vždy byla bylo by nejlepší kdyby skončila hned nechci být úplně sprostá měla by zdechnout. Dostane nás ještě do dalších problémů viz jenom Ukrajince cigány a migrace na který dělný lid musí pracovat a odvádět peníze i když sám nemá na nájem matky na jídlo pro děti no a zdravotní pojišťovny léky pro naše nemocné děti ale pro cizí mají. Je toho moc co neudělali pro lidi jen pro sebe to by dalo na psaní na celý den aby člověk ze sebe vypsal ten vztek.,0,0,0,0,0,0,0,0,0,0,0,0,0,0,0,0,0,0,0,0,1,0,1,1,0,0,0,0,0,0,0,0,0,0,0,1,0,0
R_20ZAbZX5qZ5x5zP,ANO,Soukmenovci se systemem. Chteji zmenu a iz maji tohpto hnusu dost.,"Ovce, co jdou s proudem a poslouchaji lzi..",0,0,0,0,0,0,0,0,0,0,0,0,0,0,0,0,0,0,0,0,0,0,0,0,0,0,0,0,0,0,0,0,0,0,0,0,0,0
R_2Sc0TZsaw8JHph4,,"Tyto lidi se příliš nezajímají o politiku. Neúčastní se voleb, neboť jsou toho názoru, že ať zvolí kohokoliv nic se nezmění.",Tito lidi se velmi zajímají o politiku. Účastní se každých voleb. Aktivně sledují předvolební debaty a pořady s politickou tematikou. O politice často diskutují i se svým okolím.,0,0,0,0,0,0,0,0,0,0,0,0,0,0,0,0,0,0,0,0,0,0,0,0,0,0,0,0,0,0,0,0,0,0,0,0,0,0
R_2nBF5wXWM9KzX5r,,"samostatně uvažující nepodléhají reklamě,ověří si to co jim kdo vykládá,nesoudí jen podle toho co je pro ně výhodné,žadají dodržovaní slibů","hledají jednoduchá a pro ně výhodna řešení,neschopnost samostatnosti,závist",0,0,0,0,0,0,0,0,0,0,0,0,0,0,0,0,0,0,0,0,0,0,0,0,0,0,0,0,0,0,0,0,0,0,0,0,0,0
R_87YsUUnpdTSyAMN,STAN,"Lidè, které život tolik “nefackuje”, žijí v relativním blahobytu a celkem šťastně, takže nemusí druhým závidět. O svůj blahobyt se sami zasloužili vlastní prací a úsilím.","Lidé, kteří nemají v životě štěstí, jsou třeba nemocní, netalentovaní nebo prostě jen líní. Protože toho sami moc nemají, závidí těm šťastnějším a chtějí, aby se bohatství “spravedlivěji” přerozdělovalo.",0,0,0,0,0,0,0,0,0,0,0,0,0,0,0,0,0,0,0,0,0,0,0,0,0,0,0,0,0,0,0,1,0,0,0,0,0,0
R_2AfQE67QJB1fMaJ,ANO,nknkgh tghthd jtzhsd rtwr tr,htg  trhrteh therth thjert eh,0,0,0,0,0,0,0,0,0,0,0,0,0,0,0,0,0,0,0,0,0,0,0,0,0,0,0,0,0,0,0,0,0,0,0,0,0,0
R_2MlNX7rAaZbzbha,STAN,"Lidé ověřující si informace na více zdrojích, automaticky nevěří tomu, co je jim naservírováno, nefungují na ně jednoduchá a úderná politická hesla evokující strach, zajímají se rovněž o zahraniční politiku, o budoucnost, nehledí jen na sebe","Většinou se se mnou o politice hádají lidé, kteří si neověřují pravdivost získaných informací na více zdrojích a jsou příliš důvěřiví, co se dezinformací týká ",0,0,0,0,0,0,0,0,0,0,0,0,0,0,0,0,0,0,0,0,0,0,0,0,0,0,0,0,0,1,0,0,0,0,0,0,0,0
R_8xuYz7wDh5Ljz2h,KSCM,"Volič, kterému není jedno co se ve státě děje ",Neuznají jiný názor ,0,0,0,0,0,0,0,0,0,0,0,0,0,0,0,0,0,0,0,0,0,0,0,0,0,0,0,0,0,0,0,0,0,0,0,0,0,0
R_8Vg5qZA9BSb4clE,STAN,"Nevím, nedokážu říct a vyjadřovat se k tomu ","Nevím co k tomu napsat, neumím se vyjádřit",0,0,0,0,0,0,0,0,0,0,0,0,0,0,0,0,0,1,0,0,0,0,0,0,0,0,0,0,0,0,0,0,0,0,0,0,1,0
R_22FUbXZn7vhk7EU,,"Konečně dodělat důchodové reformu..
Přestat srat peníze na Ukrajinu ","Jsou mi u velké 
prdele! ",0,0,0,0,0,0,0,0,0,0,0,0,0,0,0,0,0,0,0,0,0,0,0,0,0,0,0,0,0,0,0,0,0,0,0,0,0,0
R_8eQR3cGBW0bJPT3,STAN,inteligentní lide kteří alespon trochu rozumí politice,každy ma svuj nazor bud dobrý nebo špatny,0,0,1,0,0,0,0,0,0,0,0,0,0,0,0,0,0,0,0,0,0,0,0,0,0,0,0,0,0,0,0,0,0,0,0,0,0,0
R_2BQkKsCR5FbbKN3,ANO,"Lidi co očekávají změnu, nespokojeni s nynější vládou. Realisti ","Sluničkáři , lidi co nemyslí na budoucnost země. ",0,0,0,0,0,0,0,0,0,0,0,0,0,0,0,0,0,0,0,0,0,0,0,0,0,0,0,0,0,0,0,0,0,0,0,0,0,0
R_2kgMoOPkBRM7Fei,,Obyčejní lidé . Normálně logicky smýšlející se selským rozumem. Lidi se přeci nedaji hodnotit podle toho jakou stranu voli. Muze volit koho chce a muze to byt člověk fajn a nebo blb.,Jestli jsou to obyčejný lidi co se dokazou bavit tak fajn jestli jsou to nejaky fanatici politicky tak děs ,0,0,1,0,0,0,0,0,0,0,0,0,0,0,0,0,0,0,0,0,0,0,1,0,0,0,0,0,0,0,0,0,0,0,0,0,0,0
R_2feIHpj3OHVv9dg,,"Co v našem státě komunisti pos..., nejde odpustit a nemají co dělat ve vládě.",Jsou nevzdelani v oblasti historie a kompromis neznají.,0,0,0,0,0,0,0,0,0,0,0,0,0,0,0,0,0,0,0,0,0,0,0,0,0,0,0,0,0,0,0,0,0,0,0,0,0,0
R_8xQaSAw7PbL8R4R,STAN,"Progresivní smýšlení bez šíření nenávisti, dezinformací a lží","Konzervativci, kteří šíří lži a dezinformace, zakládají svoji politiku na strachu a nenávisti ",0,0,0,0,0,0,0,0,0,0,1,0,0,0,0,0,0,0,0,0,0,0,0,0,0,0,0,0,0,1,0,0,0,0,0,0,0,0
R_8mWpT6Dfh3Evpqj,ODS,dokazal bych s nimi probírat problematiku ,"každý má právo na svůj nazor, neodsoudím člověka",0,0,0,0,0,0,0,0,0,0,0,0,0,0,0,0,0,0,0,0,0,0,0,0,0,0,0,0,0,0,0,0,0,0,0,0,0,0
R_2rOsAlSfZ85Br0K,STAN,"Dospívající, vzdělání, rozumí politice a snaží si ji vysvětlovat ostatním. Nemají rádi konzervativní lidi a názory. Stojí si za svými právy.","Konzervativní, stojí si za svým názorem, myslí jen na sebe. ",0,0,1,0,0,0,0,0,0,0,0,0,0,0,0,0,0,0,0,0,0,0,0,0,0,0,0,0,0,0,0,0,0,0,0,0,0,0
R_82KQrYl3dikFud0,Pirati,"naslouchající, snažící se porozumět druhé straně, pochopit její postoje, nalézající co nejširší shody, hledající průnik vyhovující všem","radikálové, podporující dezinformace, podporující diktatury",0,0,0,0,0,0,0,0,0,0,0,0,0,0,0,0,0,0,0,0,0,0,0,0,0,0,0,0,0,1,0,0,0,0,0,0,0,0
R_2I4Wr9z8849LQ29,STAN,"také blízcí lidé, mají stejné názory jako já (teď se máme lépe, protože je demokracie), muzeme mít vlastní názor a nebát se ho říci nahlas","Lidé mě blízcí, ale myslí si, že dříve bylo lépe, protože za komunistů bylo všechno lepší...je to hlavně starší generace. Nesouhlásím s jejich názorem.
",0,0,0,0,0,0,0,0,0,0,0,0,0,0,0,0,0,0,0,0,0,0,0,0,0,0,0,0,0,0,0,0,0,0,0,0,0,0
R_8hbhUsuYJBsO66l,ANO,"Nevim, kdo by to mohl byt",Blazni co nevedi a nechteji budoucnost,0,0,0,0,0,0,0,0,0,0,0,0,0,0,0,0,0,0,0,0,0,0,0,0,0,0,0,0,0,0,0,0,0,0,0,0,0,0
R_2jA85mpMWa39XPz,ANO,"Radovi zaměstnanci, důchodci, studenti ","Podnikatele, vyšší střední třída, lidé z měst ",0,0,0,0,0,0,0,0,0,0,0,0,0,0,0,0,0,0,0,1,0,0,0,0,0,0,0,0,0,0,0,0,0,0,0,0,0,0
R_8GlxiM9zKaxzKlb,KSCM,"přemýšliví, prověřují informace z více stran, nebojí se diskuse, rádi se podělí o infomace s vámi,cítí se se mnou na stejné vlně. Umí číst ""mezi řádky ""Sami vyhledávají informace, aby si potvrdili či vyvrátili nějaká tvrzení. ","Jsou to omezenci zcela ve vleku mainstreamu, nechtějí nic řešit ani ověřovat , srovnávat názory s ostatními. Jsou spokojeni s tím, jak to podle nich je ok.",0,0,0,0,0,0,0,0,0,0,0,0,0,0,0,0,0,0,0,0,0,0,0,0,0,0,0,0,0,0,0,0,0,0,0,0,0,0
R_8QRFj4jYhu0vcF5,STAN,"Svobodomyslní, nezávislí, otevření, zodpovědní, se sociálním cítěním, které je ale podloženo snahou dotyčné osoby udělat maximum pro zlepšení své situace, je-li to možné.","Závislí na podpoře státu, je pro ně podstatné, co je teď, bez ohledu na dopad v budoucnu, sobečtí a závistiví, s malým všeobecným rozhledem.",0,0,0,0,0,1,1,0,0,0,0,0,0,0,0,0,0,0,0,0,0,0,0,0,0,0,0,0,0,0,0,0,0,0,0,0,0,0
R_2iCt845RvKmkK9q,ANO,"Lidi kteri delaji neco pro lidi a nechteji krast 4 roky pro sebe ,tato vlada si pujcila penize na sve platy  , takze tato vlada ani dalsi nemusi splacet a 3vlada se musi postarat o zaplaceni , n.Ylodeji .aco maji 130000s splatnosti 10 let","Mysly na svoji penezenku a namastit si kapsu , aby vydrzel na dalsi zivot v pohodli!!!",0,0,0,0,0,0,0,0,0,0,0,0,0,0,0,0,0,0,0,0,0,0,0,0,0,0,0,0,0,0,0,0,0,0,0,0,0,0
R_8qUl65TSrt9snqX,KSCM,"Jsou to lidé, kteří ctí zákony a chtějí kolem sebe zdravé, sebevědomé a poctivé lidi. Chtějí vzájemné pochopení ne konfrontaci, chtějí žít v míru a souladu s přírodou . Jsou všímavi k problémům ostatních a nežijí na úkor ostatních. Je to neuskutečnitelné, ale tak to mám nastaveno.","Zajímají se především o sebe a pouze vlastní uspokojení je pro ně přijatelné. Nezajímají je problémy ani společnosti ani jednotlivců. Pro své zájmy jsou ochotni jít ""přes mrtvoly"" , porušují ve svém jednání i Boží zákony.",0,0,0,0,0,0,0,0,0,0,0,0,0,0,0,0,0,0,0,0,0,0,0,0,0,0,1,0,0,0,0,0,0,0,0,0,0,0
R_8IayRgo9BTFQVrr,STAN,Lidé by měli souhlasit s tím aby do budoucna byly dobré podmínky pro mladé lidi,"Senioři, kteří nemyslí na dobrou mladších generací ",0,0,0,0,0,0,0,0,0,0,0,0,0,0,0,0,0,0,0,0,0,0,0,0,0,0,0,0,0,0,0,0,0,0,0,0,0,0
R_2wQD7Lx5eWBk5Fv,,"Myslí na svou budoucnost a budoucí vývoj naší země, chovají se ohleduplně nejen vůči lidem, ale i životnímu prostředí","Drží se starých stereotypů, konzervativní, na všem hledají něco negativního",0,0,0,0,0,0,0,0,0,0,0,0,0,0,0,0,0,0,0,0,0,0,0,0,0,0,0,0,0,0,0,0,0,0,0,0,0,0
R_8wiU5rm9Wy6jo2J,,"Snaží se volit takové strany, které slibují, že naše země nepůjde stejnou cestou jako např. Německo, Švédsko, Francie atd. - viz předchozí podrobná otázka.","Mám obavy z lidí, kteří nevnímají jako problém evropskou migrační krizi. To, že situace v naší zemi není tak vyhrocená jako např. v Německu, mě příliš neuklidňuje, jelikož se jedná o sousední zemi. Také mám strach ze situace, kdy se ženy v některých evropských zemích bojí samy chodit na mnohá místa. ",0,0,0,0,0,0,0,0,0,0,0,0,0,0,0,0,0,0,0,0,0,0,0,0,0,0,0,0,0,0,0,0,0,0,0,0,0,0
R_2gJxDXdbFOec329,ANO,"Je dobré si popovídat s lidmi, kteří sdílí stejný názor",je mi to jedno. Každý má právo na svůj názor,0,0,0,0,0,0,0,1,0,0,0,0,0,0,0,0,0,0,0,0,0,0,0,0,0,0,0,0,0,0,0,0,0,0,0,0,0,0
R_2ngF2V6XZXYXr3z,,Nevim. Nedokáži popsat.     ,"Nevim, nedokáži takto popsat......",0,0,0,0,0,0,0,0,0,0,0,0,0,0,0,0,0,0,0,0,0,0,0,0,0,0,0,0,0,0,0,0,0,0,0,0,0,0
R_8GXv20TrQNXyldn,,Je to úplně jedno jestli vnímají politiku a společenské problémy stejně či nikoli. Kvůli jinému názoru nebudu lidi vnímat jinak.,Jsou to lidi a jejich odlišný názor pro mě nic neznamená. Je to každého věc...,0,0,0,0,0,0,0,0,0,0,0,0,0,0,0,0,0,0,0,0,0,0,0,0,0,0,0,0,0,0,0,0,0,0,0,0,0,0
R_82XG5uRckE4N7Su,Pirati,"Lidé, kteří by rádi zlepšili naši zemi a vidí, jak to tedy jde do háje.","Řekl bych, že jsou to lidé kteří nezvládají kritické myšlení a morální odpovědnost.",0,0,0,0,0,0,0,0,0,0,0,0,0,0,0,0,0,0,0,0,0,0,0,0,0,1,0,0,0,0,0,0,0,0,0,0,0,0
R_2eqMMAyzQNBc1mk,ANO,"jsou přátelští, otevření, nelžou, vyslechnou si názory ostatních,  zbytečně se nehádají, záleží jim v prvé řadě na jejich rodině, ale nebojí se a nezdráhají se pomoci i ostatním, pokud je to v jejich možnostech","věčně nespokojení, všechno špatně, mají na vše názor, lepší názor, hádaví, neakceptují názory ostatních",0,0,0,0,1,0,0,0,0,0,0,0,0,0,0,0,0,0,0,0,0,0,0,0,0,0,0,0,0,0,0,0,0,0,0,0,0,0
R_28APM8B7ugAhJmR,ODS,"Chodí k volbám, zajímají se o to, co se řeší, a jaké volba dané strany přinese výsledky ","Nezájem o dění v místě bydliště, nenavštěvuje volby",0,0,0,0,0,0,0,0,0,0,0,0,0,0,0,0,0,0,0,0,0,0,0,0,0,0,0,0,0,0,0,0,0,0,0,0,0,0
R_2ZTxPDLHyQ99LSj,Other,"normální člověk, který přemýšlí o věcech kolem sebe a nepodléhá mainstreamu","libtardi, co si myslí, že shoříme v pekle kvůli klimatické změně a věří, že Zemi zachráníme tím, že si zlikvidujeme průmysl a budeme jezdit na koloběžkách",0,0,0,1,0,0,0,0,0,0,0,0,0,0,0,0,0,0,0,0,0,0,0,0,0,0,0,0,0,0,0,0,0,0,0,0,0,0
R_8E5Qjf6UPcFHGrX,STAN,"Rozumní, inteligentní, empatičtí, nenechají se ovlivnit planými řečmi, snaží se na věci dívat komplexně, je pro ně důležité bezpečí, svoboda, spravedlnost, budoucnost - neřídí se heslem ,,po mně potopa”","Zajímají se hlavně o přítomnost, aby se měli dobře oni, jaké problémy z toho můžou v budoucnosti vzniknout je nezajímá. Věří téměř všemu, co jejich oblíbení politici řeknou, bez snahy zjistit, jestli je to pravda. Nejsou schopni vést poklidnou diskuzi, ani přijmout nějaký kompromis. ",0,0,1,0,0,1,0,0,0,0,0,1,0,0,0,0,0,0,0,0,0,0,0,0,0,0,0,0,0,0,0,0,0,0,0,0,0,0
R_2PjiyBWyzRhw5HT,KSCM,"Jedná se většinou o lidi, ve stejném věku jako já, ale i mladší, kteří v-růstali v podobném prostředí. mají objektivní názor nepodléhají momentálnímu vlivu medií. Rádi  o politických otázkách diskutují. Nemění názor-, dle momentálního modního a vnucovaného trendu i kd-ž při diskusi o problému a protistrana ho přesvědčí jeho názor přijme. Jedná se o vlastence, kteří řadí v prvé řadě co nejlepší řešení problémů ve prospěch občanů ČR","Jedná se o podstatně mladší osob-. Nemají žádné životní zkušenosti, většinou mají názory získané z medií, internetu a td. Také podléhají přijímání názorů svých rodičů, učitelů a  svých kamarádů, a tím si m-slí, že budou in.",0,0,0,0,0,0,0,0,0,0,0,0,0,0,0,0,0,0,0,0,0,0,0,0,0,0,0,0,0,0,0,0,0,0,0,0,0,0
R_2aZ82dXzPXfTuNz,TOP09,"O politiku se v zásadě moc nezajímají. Vnímají v obecném pohledu, kam se ubírá její vývoj. Jsou zastánci demokratické vlády, ale vadí jim celkové hospodaření několika vlád, které se již v čele naší republiky vystřídaly ","Tito lidé jsou zastánci spíše levice a populistické sliby vnímají pozitivně a věří jim. Často ohodnotí kladně, že je zmiňovaná podpora pracujících a penzistů. Nevidí však to, že nelže donekonečna zvyšovat penze, pokud nebude vyřešeno celkové hospodaření státu a nenajdou se peníze.",0,0,0,0,0,0,0,0,0,0,0,0,0,0,0,0,0,0,0,0,1,0,0,0,0,0,0,0,0,0,0,0,1,0,0,0,0,0
R_8vYy5oEEVs26eSP,ANO,"Politika by potřebovala kompetentní lidi, kteří nejsou zahleděni do sebe a chtějí opravdu něco dělat pro lidi a ne jen pro pár let, kdy mohou být u lizu. A potřebovali by mít selský rozum, ne naučené fráze a příběhy.","Jsou to lidi, kteří si myslí, že politici jsou tu pro ně a jde jim o blaho národa. Jsou to lidi, kteří mají třeba známé a kamarády v politice a mají tudíž zkreslené vnímání, nebo výhody z toho plynoucí. Jsou to možná mladí lidé, kteří ještě nevědí tolik o světě. ",0,0,1,0,0,0,0,0,0,0,0,0,0,0,0,0,0,0,0,0,0,0,0,0,0,0,0,0,0,0,0,0,0,0,0,0,0,0
R_8e3yUyrNtsHqgBX,STAN,"Nenechají si namluvit vše a spíše se snaží vidět problémy v širší souvislosti. Nerozhodují se unáhleně a vše pečlivě zvažují.
","Zřejmě pro své názory májí své důvody, ať již pramení z osobní zkušenosti nebo čerpají z jiných informačních zdrojů. To je demokracie, i když si myslím, že jim chybí schopnost posoudit bez předsudků jiné zdroje než ty z jejich ""bubliny"" a neuvědomí si, že i v současnosti nepopulární kroky jsou nutné pro lepší budoucnost. Proto u nich dostávají přednost populistické strany.",0,0,0,0,0,0,0,0,0,0,0,0,0,0,0,0,0,0,0,0,0,0,0,0,0,0,0,0,0,0,0,0,1,0,0,0,0,0
R_2d4A0rtNkbislod,,"libertariani, centristi, umerneny pravicovi","krajni pravice, krajni levice, ideologove",0,0,0,0,0,0,0,0,0,0,0,0,0,0,0,0,0,0,0,0,0,0,0,0,0,0,0,0,0,0,0,0,0,0,0,0,0,0
R_2Pe0fSLMpLdeKJP,,"Myslím, že to jsou lidé co dají šanci ostatním lidem vyjádřit svůj názor. Hned ho nezavrhují. Mají otevřenou mysl a hned toho druhého neuráží. Dá se s nima diskutovat o čemkoliv a nemusí se hned urážet.","Upřímně si nic o nich nemyslí, ale popsala by jsem je jako lidi se zavřenou myslí. Jedná se o hodně konzervativní lidi. Nechtějí dát šanci jiným názorům jen proto že nejsou stejný.",0,0,0,0,0,0,0,0,0,0,0,0,0,0,0,0,0,0,0,0,0,0,0,0,0,0,1,0,0,0,0,0,0,0,0,0,0,0
R_292g3QKZm6VQdG1,STAN,Moji lidé v tomto ohledu jsou mi příjemné ,"Jsou to špatní lidé, kteří si myslí, že udělali dobře, ale bohužel to tak není",0,0,0,0,0,0,0,0,0,0,0,0,0,0,0,0,0,0,0,0,0,0,0,0,0,0,0,0,0,0,0,0,0,0,0,0,0,0
R_2OJvd8WP5yyNNtb,ODS,Dokud se s tímto člověkem nezačnu bavit o politice jeho politický názor není nijak očividně. Sám hovor na toto téma nezavadi. ,Nadávají na politiku (zvláště aktuálně vládnoucích stran) skoro na kazdem kroku.,0,0,0,0,0,0,0,0,0,0,0,0,0,0,0,0,0,0,0,0,0,0,0,0,0,0,0,0,0,0,0,0,0,0,0,0,0,0
R_8jZZmHUNeCjoHMz,ANO,"Pravicové smýšlení, určitě bez komunistů a SPD ve vládě, ","Zastánci maximální sociální politiky - dávky na všechno, stát  se o všechno postará a my nemusíme platit nic. ",0,0,0,0,0,0,0,0,0,0,0,0,0,0,0,1,0,0,0,0,0,0,0,0,0,0,0,0,0,0,0,0,0,0,0,0,0,0
R_2aQfMKib1VynlOp,ANO,"Jsem ráda , že můžeme Ukrajině pomáhat.  Když jsme byli napadeni my , tak to bohužel nešlo aby nám někdo pomohl....škoda těch let.","Někteří lidé si pořád nemůžou přiznat  , že SOVĚTSKÝ SVAZ  nyní Rusko nás neměl rád , ale využíval nás a taky nám dyktoval.I v hystorii o které se píše v knihách....všechny národy Rusku nevěřily.",0,0,0,0,0,0,0,0,0,0,0,0,0,0,0,0,0,0,0,0,0,0,0,0,0,0,0,0,0,0,0,0,0,0,0,0,0,0
R_2YmQQFomxEq0yjB,ANO,"Mysli na dobro občanů. Nehtabou si do kapsy, ale záleží jim na tom, aby se měl každý občan v ČR dobře. Řeší situaci, kdy matky nemohou najít práci na ranní směny a nemohou umístit dítě do školky před 6h ranní. To je problém samoživitelem a všechny politické strany by se tímto měli zabývat. Řeší situaci vysokých nákladů za koupi nemovitosti, za vysoké ceny potravin. Zabývá se kvalitou potravin. Zabývá se inflaci a nárůst minimální mzdy. ","Tito lidé by neměli ani volit, natož být ve vládě.",0,0,0,0,0,0,0,0,0,0,0,0,0,0,0,0,0,0,0,0,0,0,0,0,0,0,0,0,0,0,0,0,0,0,0,0,0,0
R_8OoYVYmKq9gS8nL,TOP09,"lidé kteří chtějí vyrovnaný rozpočet, nezapomínají na reformy, vědí že je potřeba se vyvíjet, ne couvat zpět","lidé bez vzdělání, lidé kteří si myslí že věci lze snadno změnit pomocí populistických slibů, lidé kterým nedochází že rozpočet má být vyrovnaný a že za své rostoucí dluhy každý rok platíme",0,0,0,0,0,0,0,0,0,0,0,0,0,0,0,0,0,0,0,0,0,0,0,0,0,0,0,0,0,0,0,0,1,0,0,0,0,0
R_8J4n90zbILX5EWp,ODS,"lidi co chápou, že problémy je třeba vyřešit i z dlouhodobého hlediska a ne jen teď krátkodobě.","lidi co by jen rozhazovaly peníze, lidi co by jen cpaly peníze důchodcům a kupovali si tak jejich hlasy. ",0,0,0,0,0,0,0,0,0,0,0,0,0,0,0,0,0,0,0,0,0,0,0,0,0,0,0,0,0,0,0,0,0,0,0,0,0,0
R_25EGAmxsoyp9BA5,ANO,"jsou mi sympatičtí,,,,,,,,,,,,",každý má právo mít svůj názor,0,0,0,0,0,0,0,0,0,0,0,0,0,0,0,0,0,0,0,0,0,0,0,0,0,0,0,0,0,0,0,0,0,0,0,0,0,0
R_8sRyp9AP4alHo6Y,ANO,je to ok           bhb hjk bhjkbhjkb hjkb,at si delaji co chteji   bnjklbnljk ,0,0,0,0,0,0,0,0,0,0,0,0,0,0,0,0,0,0,0,0,0,0,0,0,0,0,0,0,0,0,0,0,0,0,0,0,0,0
R_2nHRdOZxZzpUa9b,ANO,"Bez korupce 
Žádní pritelickove
Sociální cítění 
",Lidé s jiným názorem ,0,0,0,0,0,0,0,0,0,0,0,0,0,0,0,0,0,0,0,0,0,0,0,0,0,0,0,0,0,0,0,0,0,0,0,0,0,0
R_81vhmr454sjeoaU,STAN,Ufkkejejkekekkejejjrkkdmmejekke,Spatne lidi moc zlobivx ,0,0,0,0,0,0,0,0,0,0,0,0,0,0,0,0,0,0,0,0,0,0,0,0,0,0,0,0,0,0,0,0,0,0,0,0,0,0
R_8CnXTidpXuq1pgR,TOP09,"Jsou to pravicově smýšlející lidé, kteří mají na prvním místě svobodu a demokracii. A preferují osobní zodpovědnost, před nataženou rukou vůči státu. ",", S takovými lidmi mohu sice bytostně nesouhlasit, ale neodsuzuji je. A rovněž s nimi nemohu opovrhovat. ",0,0,0,0,0,1,1,0,0,0,0,0,0,0,0,0,0,0,0,0,0,0,0,0,0,0,0,0,0,0,0,0,0,0,0,0,0,0
R_2IhD9p0f8LeAH1D,STAN,"Vzdělaní, jsou ochotni zvážit jiné názory, udělat kompromis. Dokáží se dívat s nadhledem.","Nevzdělaní, nemají všeobecný přehled a nadhled nad situací. Většinou mají extrémní názory.",0,0,0,0,0,0,0,0,0,0,0,0,0,0,0,0,0,0,0,0,0,0,0,0,0,0,0,1,0,0,0,0,0,0,0,0,0,0
R_8hu3QbqdhIPd1jT,TOP09,"Chtějí lepší životní prostředí, lepší dostupnost bydlení, podporují mladé lidi a rodiny. Chtějí kvalitnější život, důchod v rozumném věku. Chtějí finančně stabilní nekomický stát, který je bude podporovat a snažit se je rozvíjet, ať už jako jedince, tak jako společnost. ","Tito lidé se nezajímají o životní prostředí, o mladé lidi, o dostupnost bydlení. Nechtějí klidný vyrovnaný stát, který bude finančně stabilní. Tito lidé chtějí jít do důchodu až po smrti. ",0,0,1,0,1,0,0,1,0,0,0,0,0,0,0,0,0,0,0,0,0,0,0,0,0,0,0,0,0,0,0,0,0,0,0,0,0,0
R_8VeSDeqaspFiRhz,SPD,"Tolerantní, rádi diskutují o věcech veřejných, nikoho neuráží, neponižují, nenadávají mu a nedávají mu nálepky nepřátel. Snaží se z diskuze vytěžit pro sebe nové informace. Ke své argumentaci používají fakta z nejméně dvou zpravodajských zdrojů a to i zahraničních. Hodně čtou na několika zpravodajských webech, aby měli co nejkvalitnější a nejpravdivější informace, vyznávají kompromisy v politice, upřednostňují diplomatické řešení vážných problémů.","Fanatici. Mají jen svou pravdu. Pohrdají druhými, kteří s nimi nesouhlasí, uráží je, překřikují je, nesnáší oponentní stanovisko, nálepkují urážlivými a sprostými názvy své protivníky. Nejsou ochotni připustit, že se zmýlili, raději lžou a vymlouvají se na své protivníky, to se stalo přece kvůli nim. Neumí dělat kompromisy a neuznávají je. Jsou tvrdí při řešení všech problémů, stříká z nich nenávist na všechny strany. Neumí odpouštět. Diplomacie je pro ně sprosté slovo. Za všechno špatné ve světě může buď Putin nebo Babiš. Vyznávají ideologii progresivismu a ta je jím vším.",0,0,0,0,0,0,0,0,0,0,0,0,0,0,0,0,0,0,0,0,0,0,0,0,0,0,0,0,0,0,0,0,0,1,0,1,0,0
R_8q7tfJrpNOlUos0,,"lidi jhako každý jiný, přemýšlwjí a vidí pravdu",každý má svůj názor a nebubu jim ho brát,0,0,0,0,0,0,0,0,0,0,0,0,0,0,0,0,0,0,0,0,0,0,0,0,0,0,0,0,0,0,0,0,0,0,0,0,0,0
R_28eScH0uy30Qqf7,KSCM,"Inteligentní, se sociálním cítěním. Pracující, podporuje své děti a rodiče. Nesouhlasí s migrační politikou EU.","Podnikatel, který pobírá dotace z EU, málo platí své zaměstnance, sám žije v blahobytu. Volič ODS.",0,1,0,0,1,0,0,0,0,0,0,0,0,0,0,0,0,0,0,0,0,0,0,0,0,0,0,0,0,0,0,0,0,0,0,1,0,0
R_8QI06QbEZwEbvQl,ODS,"Realističtí, žádné feministky, cílevědomí, lidé toužící po vysokých příjmech a lepší ekonomice v Čr","Fanatici, feministky, hloupí a líní lidé, podvodníci",0,0,0,0,0,0,0,0,0,0,0,0,0,0,0,0,0,0,0,0,0,0,0,0,0,0,0,0,0,0,0,0,0,0,0,0,0,0
R_8SjBL13q7kxTK6g,Pirati,"Stabilní stát, solidární pro ty, kteří to opravdu potřebují ",Voliči ano a spd či stačilo ,0,0,0,0,0,0,0,0,0,0,0,0,0,0,0,0,0,0,0,0,0,0,0,0,0,0,0,0,0,0,0,0,0,1,1,0,0,0
R_8CE1O8BWXcJeRid,SPD,"Přemýšliví, humánní, vzdělaní. ","Nepřemýšliví, nehumánní, nevzdělaní. ",0,0,0,0,0,0,0,0,0,0,0,0,0,0,0,0,0,0,0,0,0,0,0,0,0,0,0,1,0,0,0,0,0,0,0,0,0,0
R_23vSZtHPN1Ztxtt,ODS,"Pratele, rodina, jsme si vsichni svymi nazory velmi podobni","Nezajimam se o ne, debaty s nimi preskakuji",0,0,0,0,1,0,0,0,0,0,0,0,0,0,0,0,0,0,0,0,0,0,0,0,0,0,0,0,0,0,0,0,0,0,0,0,0,0
R_2tDMIfV0KADXtrC,,"Jsou to osoby, které prožívají podobné životní situace. Tím pádem si rozumíme v tom, co očekáváme od budoucnosti. ","Soustředí se výhradně na politiku. Řeší neustále politické události a debaty. Komunikace se neustále stačí k tématům jako jsou volby, stranické strategie, vládní opatření a mezinárodní vztahy.",0,0,1,0,0,0,0,0,0,0,0,0,0,0,0,0,0,0,0,0,0,0,0,0,0,0,0,0,0,0,0,0,0,0,0,0,0,0
R_29RzBMycaYFRXbj,,Takový lidi jako já stejně nic nemůže změnit nebo vyřešit. ,Nevím jak to mám popsat. ,0,0,0,0,0,0,0,0,0,0,0,0,0,0,0,0,0,0,0,0,0,0,0,0,0,0,0,0,0,0,0,0,0,0,0,0,1,0
R_8PCoVClJuy5Qn7c,Pirati,Nevím j jich spousty. Nedokáži vitičit.,Všicí jsou jen lidé a řeší makro soužití ČR a okolí tak aby bylo dobře všem.,0,0,0,0,0,0,0,0,0,0,0,0,0,0,0,0,0,1,0,0,0,0,0,0,0,0,0,0,0,0,0,0,0,0,0,0,0,0
R_8PiQt6rH6Evdzi1,ANO,"sociální cítění,snaha pomoci druhým , přátelští","manipulátor,zdělte mi svůj názor stejně to bude podle mě,věčně nespokojený",0,0,0,0,0,0,0,0,0,0,0,0,0,0,0,0,0,0,0,0,0,0,0,0,0,0,0,0,0,0,0,0,0,0,0,0,0,0
R_82wZ09gNljAQyJR,,"Lidé, kteří politiku zas tolik neřeší. Zajímají se hlavně o své záležitosti a vědí, že jejich aktuální situace záleží primárně na nich samotných.","Lidé, kteří sledují každý den aktuální dění na politické scéně. Velmi se zajímají o politiku. Aktivně vyhledávají informace o politice a sami se zúčastňují politických akcí. Veřejně prohlašují své politické názory na sociálních sítích.",0,0,0,0,0,0,0,0,0,0,0,0,0,0,0,0,0,0,0,0,0,0,0,0,0,0,0,0,0,0,0,0,0,0,0,0,0,0
R_8af8H2924RMONNF,ANO,Kazdy ma sve rozhodnuti a sve zajmy,Maji svuj rozum a rozhodnuti,0,0,0,0,0,0,0,0,0,0,0,0,0,0,0,0,0,0,0,0,0,1,0,0,0,0,0,0,0,0,0,0,0,0,0,0,0,0
R_271wmVj1T0uoK65,ANO,normální lidé pracující a žijící normální život,nevím snad ať si každý žije jak mu to pasuje,0,1,0,1,0,0,0,0,0,0,0,0,0,0,0,0,0,0,0,0,0,0,0,0,0,0,0,0,0,0,0,0,0,0,0,0,1,0
R_2VyzmH4llkqyUwa,,"těžko se popisuje. Jsou to lidé, kteří to mají v hlavě srovnané a Babiše by nikdy nevolili. Nejhorší je, ale že není koho volit. Všechny strany jsou jedna pakáž","nevím, radši se s lidmi o politice nebavím, protože tyto rozhovory většinou končí hádkou a nechce se s lidmi dohadovat a ještě ke všemu kvůli těm hajzlům v politice",0,0,0,0,0,0,0,0,0,0,0,0,0,0,1,0,0,0,0,0,0,0,0,0,0,0,0,0,0,0,0,0,0,0,0,0,1,0
R_8S92kmGpck3VGWQ,SPD,"normální lidi, a opět pokud někoho zarytě nepřesvědčují o své pravdě jsou ok","Každý člověk má svůj názor a pokud mě zarytě nepřesvědčuje je to ok, pokud ano, prostě ho odstavím",0,0,0,1,0,0,0,0,0,0,0,0,0,0,0,0,0,0,0,0,0,0,0,0,0,0,0,0,0,0,0,0,0,1,0,1,0,0
R_2qyfGe4nhmaYiDo,,"Takový lidi se snaží o politice moc nemluvit, já to s nimi prostě neřeším.","Takové lidi znám, moc to hrotí. Jsou hodně důvěřivý a nakonec jsou vždy zklamaní.",0,0,0,0,0,0,0,0,0,0,0,0,0,0,0,0,0,0,0,0,0,0,0,0,0,0,0,0,0,0,0,0,0,0,0,0,0,0
R_2Xlk6vBQF6XYGzv,KDU-CSL,"lidé, kteří vyznávají křesťanské hodnoty, se zdravým selským rozumem","moderně a liberálně smýšlející lidé, kteří hodně věří masmédiím",0,0,1,0,0,0,0,0,0,0,0,0,0,0,0,0,0,0,0,0,0,0,0,0,0,0,0,0,0,0,0,0,0,0,0,0,0,0
R_8k8WiUdniMkN1EB,,"nebudu nic popisovatnevidím v tom důležitost
",nezajímám se  o jiné lidi,0,0,0,0,0,0,0,0,0,0,0,0,0,0,0,0,0,0,0,0,0,0,0,0,0,0,0,0,0,0,0,0,0,0,0,0,0,0
R_2RVzUjXbWumg2uC,KDU-CSL,"Neazjímají se moc o politiku a o stranách, lidech si zjišťují informace až těsně v termínu před volbami. Jsou konzervativní a neradi podstupují velké změny.","Radikálové - volí svou vysněnou stranu, ale dají na populistické názory. ",0,0,0,0,0,0,0,0,0,0,0,0,0,0,0,0,0,0,0,0,0,0,0,0,0,0,0,0,0,0,0,0,1,0,0,0,0,0
