respondent_idx,mds_dim1,mds_dim2,party,ingroup_text
0,0.498463810585103,0.6240549846600113,ANO,Vytrvalý ke všemu. Postoj je všemu co má logiku 
1,-0.17544851012258014,0.4853130226744786,ODS,"většinou jsou to lidé se kterými mám společného více než jen politické přesvědčení. Aktivní, úspěšní, 
"
2,0.2875988472161466,-0.5668419359056622,ANO,"Jsou super, dá se s nima dohodnout "
3,-0.5878456753781005,0.09829285126467359,ODS,Vysokoškoláci či lidé s maturitním vzděláním s průměrnými či nprůměrnými příjmy
4,0.1823987760385305,0.6765993572112095,Pirati,Mají rozhled a vidí do budoucna.
5,0.2350191635579801,0.49879862345034714,ANO,"S těmito lidmi vycházím velmi dobře, co se týče politiky, máme si hodně co říct, většinou se shodneme. Jsou to lidi, co také chtějí, aby na prvním místě byli oni a pak teprve migranti, válka atd. "
6,0.6968498593146355,-0.2415344247595257,Other,Vyměnit všechny politiky 
7,0.29685586742544956,-0.6609556773769119,Unknown,"nevím, o politice se s nikým nebavím"
8,-0.740476931247966,0.23772196964649459,KSCM,Mě spíš zajímá proč se USAci o nás tolik zajímají. Kam USA šlape je problém či valka
9,0.11832168449701444,-0.12301291648058914,ODS,"Jsou to lidé, kterým není lhostejná budoucnost tohoto státu a Evropy. Jsou ochotni se ""uskrovnit"" a jsou schopni se postarat o sebe a nespoléhají, že za ně všechno stát vyřeší. Nečerpají žádné sociální dávky a chtějí ""štíhlejší"" stát."
10,-0.6954392629556327,0.2607732338336475,Other,"Nejsou vyhraněni jedné straně, jedné politické ""ikoně"". Vždy volí podle aktuální situace, blízkého výhledu a programu, se kterým přijde strana či jednotlivec. Jsme ochotni dělat kompromisy. Nechceme jednorázové a dočasné řešení trvající jedno volební období . Akceptujeme nutnost vyvažování pravice a levice."
11,-0.013297345376992675,0.05088444602744634,ANO,Jsou to lidé kteří vnímají dnešní dění a jsou nespokojení 
13,0.029619458438829484,-0.7475813938662355,STAN,"normání týpci, střední vrstva"
14,0.37143132260286926,-0.6550778651013782,ANO,"Nevím, netuším. Opravdu nevím, co napsat "
15,-0.5235681644404935,0.3047887225212424,Unknown,"lidé pravicového myšlení, odmítající populismus a estremismus"
16,0.08195123243947144,-0.6495413280867094,Unknown,Nerozlišuji lidi podle politického zaměření
17,-0.4014880796847906,0.012536709063292248,Unknown,"Tito lidé jsou inteligentní. Nad věcmi přemýšlí, vidí ve věcech širší souvislosti."
18,0.7451630325794533,-0.03239970482094292,STAN,"Přátelští, nekonfliktní, zastávající názor. který nevnucují"
19,-0.7348654564842348,-0.25927407593080287,Pirati,Vzdělaní liberálně smýšlející jedinci 
20,0.038766664869514765,0.07077737510860177,ANO,"Lidé, kteří se stále řídí masarykovským ""nebát se a nekrást"". Ať podnikají nebo jsou zaměstnaní, zajímavá práce je pro ně to hlavní a výraz ""řídit republiku jako firmu"" jim připadá jako vhodná forma řešení problémů - ani levice, ani pravice, ale technokratický pragmatický přístup. Jsou to lidé, kteří poctivě pracovali a starali se o své rodiny v dobách reálného socialismu a po krátkém otřesu z happeningu v r. 1989 pracují a starají se i nyní. "
21,0.2584851453081192,0.15632336178516512,Other,"Takový lidé nejsou lhostejní k naší republice. Záleží jim na tom, abychom byli samostatná republika, ktera ekonomicky roste a je schopna se postarat o své obyvatele. Jsou to lidé s citem pro zodpovědnost, pracovitost, upřímnost a toleranci. "
22,0.39040986464100225,0.3606210699575296,STAN,"Jsou to fajn lidi, co respektuji ostatní "
23,-0.012989889611091352,0.7892378566049137,STAN,Rada s nimi diskutuji o tomto tematu
24,0.30578361177224533,-0.3235715852838319,STAN,Jako rozumní lidi co mají nadledl nad společností 
25,-0.48357846634832424,0.09936715496338162,ANO,mají stejné nebo podobné názory a jsou schopni uznat názory jiných
26,0.6088408340259197,0.24719321747336787,ANO,"Opět musím konstatovat,mají právo na svůj názor a mohou se s mým názorem ztotožnit.budou mi sympatičtí."
27,-0.3793243056739378,0.6911294888038914,ANO,"Důchodci, kterým tato vláda ukradla podvodně zákonné navýšení duchodu a změnila záměrně zákon "
28,0.24073798564447949,-0.5927333531675214,ODS,"Jsou schopni vést dialog a naslouchat názoru diskutujícím.
Předpokládám znalost základních pojmů a chápání diskutovaného problému
Očekávám slušnost a vzájemnou úctu bez ohledu na postavení účastníků diskuse."
29,0.598508244159781,0.4218163861771246,Unknown,Podporují rovnoprávnost manželství pro všechny. Adopci gayů. Doživotní tresty za sexuální zneužívání dětí a znásilnění. Podporuje českou korunu. Zavedl by znovu Trest smrti. K volbám nechodí protože jeden hlas nemůže ovlivnit názor většiny v této zemi plné ovcí. 
31,-0.3580543231425185,0.60928803506229,ANO,"lidé mírní, neagresivní, rádi pomáhají druhým, ochotní druhým vzdy pomoci"
32,-0.7258711609577458,0.17430346328281368,ODS,"Osoby, které podporují rodiny s dětmi a nenechají je žít z almužny. Zajímají se o ekologii a životní prostředí."
33,-0.7699083384605573,-0.03613021344516659,Unknown,"Myslí hlavou. Dívají se, hodnotí a analyzují z více pohledů situaci. Mluví pravdu a nelžou. Vychází z faktů a nelze svých přání. Nelezou někam."
34,0.13899717574396467,-0.33532269825084504,STAN,"Nestěžuji si, jsou pracovití a užívají si zivota"
35,0.7262188946685427,0.2874848403973449,ANO,"Premysli, kdyz jim neco nevyhovuje ozvu se, necekaji ze se veci vyresi sami"
36,0.19221919365643647,-0.0964257201772507,STAN,Lidé kteří mají selský rozum. Nevidí svět černobíle. Než něco či někoho odsoudí zjistí si fakta a poté se rozhodnou.
37,-0.1029366365838386,0.4662707876624396,ANO,"stejně jako ty, kteří mají vnímání politiky opačné"
38,-0.7488304714095613,-0.24435804995785465,ANO,"Sociální smýšlení 
Slušné jednání 
Zaopatřený
S životem spokojený 
Nebojácný "
39,-0.1957212461449846,-0.6089406046416399,TOP09,"Falešnici, pokrytci, hrabaji si pro sebe "
40,-0.15486658934042913,-0.7570397057279259,ODS,"Samostatní, uvážliví, nesobečtí, pravdomluvní, zakládají si na tradičních hodnotách, snaží se být spravedliví, předvídaví, věří, že nejbližší pomocnou ruku najdou na konci svého ramene. "
41,0.33734419656718134,0.6087767196246667,Pirati,"férovost - co řeknu, to platí; nesnažím se obejít opozici podvody, lží; snaha dosáhnout co největšího kompromisu; slušnost; zbytečně nestrašit, ale zase být upřímný; nedávat občanům peníze, když na rozdávání není, ale spíše je motivovat k získání peněz vlastním přičiněním"
42,-0.7511382190220303,-0.16774147567820089,STAN,Politika není rozhodujícím ve vztazích 
43,0.1814882980127181,0.5618395765475128,KDU-CSL,"Normální lidi, kteří nevěří všemožným laciným volebním slibům a kteří vnímají potřebu jisté rozpočtové zodpovědnosti. Nevěří slibům, že důchodová reforma není potřeba, že stačí pouze změnit ""parametry"" současného systému"
44,0.5357103402595772,0.5923981825964242,Unknown,"Všechno je uměle vyvolané,od covidu po greendeal, světu vládne mamon."
45,-0.6454070455219859,-0.41889931162046,Unknown,Nevim nechci odpovidat moc se nebavim z lidma
46,-0.1426648381820093,-0.7524355985910227,KSCM," spoustu lidí už poznali pravdu, která je jiná než nám pravice vtlouká do hlav a sliby pravice se rozplývají a řada lidí ví jaká je zkušenost"
47,-0.7800398049864307,0.08460339943375098,ANO,"Rodina na prvním místě, chovat se slušně k ostatním lidem, národní hrdost"
48,0.4878712915681036,0.2734953265275713,ANO,"Zlí, falešní lidé. Myslí jen na sebe, okrádají všechny."
49,-0.18765757443827658,0.4394630280766986,Other,"Lidé kteří jednají na základě vlastního rozhodnutí, ziskanCh informací a sami se rozjoduji"
50,-0.22966639362485505,0.7656977850284428,ANO,"Příjemní, spolupracující, ochotní se dohodnout."
51,0.5784246384733257,0.37500185988883844,KSCM,"Takový člověk je zodpovědný k sobě i celé společnosti pro kterou pracuje, také tak vystupuje, nepřetvařuje se a nemyslí jen na sebe."
52,0.4807918280286065,-0.41594555459883686,STAN,Tito lidé zažili socialismus a komunismus a dnes mohou porovnávat situaci
53,-0.5657041907023054,0.4398206879677398,KSCM,"Jedná se o voliče aktivně se zabývající politickou situací ve své zemi. Zároveň respektují ale i voliče jiných stran, nijak je nezesměšňují a nemají potřebu je přesvědčovat o ""své"" straně. Respektují výsledky voleb. "
54,-0.5131837346319015,-0.16554705609840037,ANO,"tito lidi si prosly hodne tezkymi vecmi a hodne premysli koho volit.Bohuzel jsou to ti lide kteri ikdyz se ozvou ,tak je nikdo neslysi...."
55,0.12182941711308418,0.6764083492679235,Pirati,"důchodci jako já, nemocní optimisté"
56,0.41319770068726486,0.662975399021005,ANO,"ví o čem mluvím, nejsou bohatí,"
57,0.016536787501681367,-0.7882853694881151,ANO,"jsme v pohodě, chceme mír pohodu"
58,-0.5623811308641175,-0.4089393901925075,ANO,"zcela obyčejný člověk, který má zdravé názory na dění v Česku i celosvětové, orientuje se v historii naší i globální, umí vycházet z vědeckých názorů a nenechává se ovlivňovat neověřenými, zkreslenými či uměle vytvořenými názory"
59,0.6442576419670916,-0.33219617416305336,ANO,"Rodinný typ, dokáže pomoci bez toho aby za to něco chtěl."
60,-0.6323237472867691,-0.22649659167043196,KDU-CSL,"Mají různou škálu zájmů, rádi cestuji, .myslí na budoucnost naší země a svých dětí. Mají zájem o vzdělávání. Čtou - sleduji různé zdroje ověřených informací."
61,0.5518445758577037,-0.42312890424823724,SPD,"jsou přesvědčeni o možnosti mírové dohody při vojenském konfliktu na Ukrajině,
vidí i jiné možnosti zlepšení ekonomiky než jen okrádat sociálně slabé skupiny,
milují svou vlast"
62,-0.6033396676513875,0.4092998523482965,Other,"mají jiné hodnoty, nezajímají se tolik o polituku"
64,-0.47774823084611157,0.6338502081294619,ANO,Politické přesvědčení je věc každého jednotlivce!!!
65,-0.7488050888326708,0.1271588463998813,Unknown,nevim nemam tuseni z lidma se moc nebavim
66,0.4603486161716772,-0.2503085503277271,ODS,Mají vyšší vzdělání jsou to podnikatelé nezávislí na dotacích cestují 
67,-0.46054604350161726,-0.5965612805703754,Other,"Volic, který je věrný své straně. "
68,0.7394289646785219,0.2695959076564197,Pirati,"Nekonfliktní, starají se o své blízké, neškodí druhym. "
69,-0.2557935176871157,-0.7622684928656103,Pirati,introvert nerd nesnasi komouse
70,0.47116714191198644,0.009599103054431277,STAN,"Ověřují si informace z různých zdrojů a nevěří všemu co politici říkají. Chtějí, aby ČR dobře fungovala, aby politici byli čestní a pracovali pro dobro národa a ne ve svůj prospěch. Overuji si informace, sleduji zprávy a mají přehled o tom co se děje, aby byli schopni fundovaný rozhodovat koho volit. Nenechají si vše líbit a když jim něco vadí, tak požadují změnu a to na základě informaci a argumentů a ne na základě emocí a davu okolo."
71,0.5858874560384993,0.45122214675175415,Pirati,s ničim se neseru nic mě nerozhodí
72,-0.14406801667567762,-0.11037318167954374,Unknown,"Jsou to lidé, kterým se nelíbí, jak se k obyčejným lidem vláda chová. A všechno se odvíjí od peněz... Třeba uklízečka nebo pomocná síla v kuchyni mají tolik práce, že by se z toho kdejaký poslanec posral, ale z výplaty nemají možnost důstojně vyžít, musí mít i jinou práci, aby zaplatili složenky a dětem dopřáli třeba lyžařský výcvik. I v těchto domácnostech jsou velmi chytré děti, které nemůžou studovat, protože prostě nejsou bohatí, i když jejich rodiče dělají prospěšnou, dobrou a fyzicky namáhavou práci. A tito lidé se pak dívají na to, jak si poslanci navyšují už tak vysoké mzdy. To je velmi smutné! 
Dalším problémem je zdravotnictví. Čím víc jsme ´mulikulti´ tím je to horší...
"
73,0.36240725178119504,0.3837462199921963,ANO,"Normální lidé, akorát se názorově na politiku shodneme"
74,0.5721347728355126,-0.022886190089807048,ODS,"Nejčastěji vzdělání lidé. Nedají se koupit, ani obalamutit. Dokáží mluvit kriticky i ke své vlastní volbě a hlavně diskutovat k tématu. Schopnost bavit se o hlubších tématech, odhalit fakenews, ochotu si přečíst relevantní zdroje k tématu, nebo minimálně kompletního volebního program strany, kterou chtějí volit."
75,-0.7133179902872742,-0.09929082689108265,SPD,"Objektivně hodnotí současnou světovou, evropskou i domácí politiku a snaží se z pozice  vlastenců zachránit Českou republiku od toho hnusu co nás obklopuje "
76,-0.32318289071465933,0.5651768912831395,ANO,"Sympatický, mají rozum jako já:)"
77,-0.03652180255371045,0.08110671258580245,ANO,Jsou to lidé kterým jde o to aby ve vládě a v politice byli lidé kteří chtějí zlepšovat životy našich občanů 
78,0.25442802973189504,0.5230121262174854,ANO,"Vystudovaní ekonomové, kteří mají přehled, jaký je vývoj ekonomik v ostatních evropských státech. Ti, co by považovali přijetí EUR za vlastizradu."
79,-0.17235128422685334,0.7183301665360057,Unknown,normální starší člověk se zkušenostmi
80,-0.6071419450858959,-0.2917951885621362,ODS,"Snaží se starat o sebe a nespoléhat na stát.
Od státu očekávají malé, ale efektivní služby a vůbec vynakládání prostředků např. na infrastrukturní stavby.
Přísná kontrola a omezená velikost dávkového systému.
Minimální dotační podpora ze státních peněz. Kdo chce peníze, ať si je vydělá, nebo sežene soukromého sponzora."
81,0.7626760687372163,0.1703150363366872,ANO,rozumím si s nimi obvykle i v jiných věcech
82,-0.7669973183409997,-0.16750565760699682,Pirati,Normalni lide se svými probley
83,-0.26567638850513536,-0.46338070401135195,Unknown,V tomto případě jsou mi takoví lidé sympatičtí a ráda s nimi vedu konverzace na dané témata. 
84,0.28698977046896224,0.7212407821972406,SPD,"Střední vrstva, rodina s dětmi."
85,-0.09601535144952111,0.6277814061869937,ANO,"nevím, úplně neřeším politiku"
86,-0.655160443187615,-0.4330657459576989,ANO,"Převážně se to týká důchodců, kterým bylo za současné vlády velmi ublíženo. "
87,0.16796350031201113,0.5347421283083269,ANO,Normální pracujíci lidé s průměrnou i nižší mzdou
88,-0.5308535961679628,0.04310557415029444,STAN,"Lide jsou pracoviti, nechcou nic zadarmo. Chapou ze ma nekdo jiny nazor a nemusi se kvuli tomu navzajem mlatit."
89,-0.4057122101798407,-0.2402272706747603,ANO,"Vetsinove politiku s temito lidmi neresim a obvykle tito lide politiku neresi verejne, nicmene znam par osob ve svem okoli, jejichz postoje jsou velmi podobne te mym a nelze je zobecnit, protoze jsou to vesmes lide velmi ruzneho spektra vzdelani, zajmu, atd. "
90,-0.5531929525888216,0.5239101343801487,KSCM,nezkušenost v politice doma i v evrop
91,-0.2377470723102542,-0.5671412799023224,Other,"Člověk, který citlivě vnímá dění okolo sebe a je zvlášť všímavý vůči nespravedlnostem a bezpráví. Obává se rizik a snaží se zajistit dobré podmínky k životu pro čestné, slušné a pracovité lidi."
92,0.7007111006622403,-0.3508367193192813,ANO,maji svuj nazor a mohou si ho uplatnovat
93,-0.7045977042413047,0.3875452530854106,STAN,"Otevreni zmene, Evrope. Ne prehnane nacionalisticti"
94,-0.233491949867398,0.5551262621708293,ANO,"Jsou tolerantní k názorům ostatních, ale ze svých zásad nesleví."
95,0.5702105503671568,-0.16463620921167726,ANO,"obycejni lide, jako ostatni

"
96,-0.47189874553128897,-0.43996131259200566,STAN,Normální lidi s názorem stejným jako já . Že ODS prostě špatně řidi náš stát a čim dál víc naš národ zadlužuje. Mnělo by ODS prostě samo začit u sebe šetřit a ne si zvyšovat výplaty když na to neni
97,-0.049205133526763985,-0.44349748636861125,ANO,Jsou to lidé z mého blízkého okolí žijící normálním rodinným a pracovním životem.
98,0.25891900400977425,0.6440215514469606,ANO,Lidé kteri nemaji moc penez za to kolik hodin pracuji
99,-0.5272901332545114,0.4170972399641356,ODS,"Nevím nic mě nenapadá, nedělám to"
100,-0.17636667706658937,0.7712967810760635,Unknown,Mohu s nimi otevřeně mluvit.
101,-0.36116577079830303,-0.5559935688281733,ODS,"Mladý člověk, který se nezajímá o politiku až v takovém měřítku a slýchává o politice z různých koutů interaktivního světa a ze sociálních sítí."
102,-0.7472255230690705,-0.21304333332484005,ANO,Nemám rád když politci lžou 
103,0.7099006423147225,-0.21935642310489575,ANO,chtějící srovnat stav v republice pro lepší životní podmínky
104,0.6807413184934007,0.07047962892906877,Other,"Lidé, se kterými si lze popovídat o skutečných problémech a poměrech v naší zemi bez lží. "
105,0.0228966139197326,0.5586115023200966,Unknown,Lidé novodobě smýšlející. Bez omezeného názoru a rozhodování.
106,0.7445792182012752,-0.17326427352069243,Other,Nebavíme se spolu o politice
107,0.7886103198569582,-0.056703671960867716,ANO,Empatie s obyčejným lidmi 
108,0.5811978906272477,-0.12823572977193404,STAN,"Zajímavé, jako já, poslech bych si je"
109,-0.5483947809750876,-0.13951632086098695,ODS,"Jde o lidi vzdělané,sledující politickou situaci doma i ve světě.Spoléhají se na sebe jsou uspěšní v práci a nespoléhají se na stát,že jim pomůže.Dokáží poznat populisty a lháře v politice."
110,-0.05298009238165831,0.6799547570094586,TOP09,"Jsou ochotni naslouchat, nestěžují se, vnímají kladně naše členství v v EU a NATO, mají zájem se vzdělávat."
111,-0.1577811954478448,0.6138257654919316,Unknown,"Příliš se o politiku nezajímají. Jsou odpůrci extremismu, násilí, šíření paniky"
112,0.42473175239657845,0.6234932607283096,Unknown,"obyčejný člověk, který si na nic nehraje a nechce se nechat dál odírat rozhodnutími vlády"
114,0.185744584680383,-0.3585954181693032,KDU-CSL,"Tito lidé jsou vzdělaní, přemýšliví, ověřují si informace, snaží se svým životem přispívat ke společnému dobru."
115,-0.4752907308267381,-0.047356590309821874,STAN,"Lidi, kteří se zajímají o současné dění,. ověřují si informace, nedůvěřují populistickým vlivům, mají zkušenosti a historickou paměť, nepodléhají davové psychóze"
116,0.4889198550128592,0.45410748309667587,ODS,"Snaží se v co nejvíce ohledech vydělat si samina sebe, na pomoc státu spoléhat jen v urgentních případech - vážná nemoc, nenadálá složitá životní situace. Plní si sám povinnosti vůči státu a má o nich přehled. Zároveň je solidární, nesnaží se vyhnout placení daní a odvodů. Je proevropský, schopný kompromisů, není radikální. Nevěří všem informacím, které slyší, snaží se imformace ověřit a nečerpá je z dezinformačních zdrojů. Je ochotný se přiměřeně uskrovnit, aby pomohl ostatním/ společnosti."
117,-0.3121258595583327,0.7325691845408392,SPD,"Spolehliví, empatičtí, podporující, ohleduplní.. "
118,0.003774433403730638,0.6992721556315545,ODS,Od státu nic neočekávají a umí se o sebe postarat
119,-0.27126352833411466,-0.18850429810608388,ANO,Ze to jsou lidi vzdělaní 
120,0.18925409076430444,0.19046209152991905,TOP09,"Lidé, kteří mají přehled o tom, co se ve světě, republice deje, lidé vzdělaní


"
121,0.5347738084189401,0.18225191942019983,ANO,"jak jsem již psala, každý má právo na svůj názor, vyznání a volbu, nesoudim.Kazdopadne je jasné že společné zájmy a názory spojují, s člověkem který volí jinou stranu se do větší debaty nepoustim aby situace neeskalovala. Se Stejnym voličem jako já si určitě vyměním ráda názory a postezujeme si :-)"
122,0.33389493498325296,-0.15615108115389872,Other,"Zastánci tradičních hodnot. Lidé toužící po svobodě, míru a spravedlnosti. Laskyplní lidé chtějící dobro pro všechny, empatičtí lidé."
123,-0.37371487183936475,0.5068496481118283,KDU-CSL,"laskaví, přátelští. Nerozlišuji jestli mají stejný názor nebo ne, Je mi to jedno"
124,0.553863861263908,0.44729549479549363,ODS,"Mají za sebou kus aktivního života, zažili potlačování osobních zájmů, jejich předci byli perzekuováni, dokáží si vážit svobody, nechtějí tadlužovat blastní děti"
125,0.6171809227629177,0.4698269776319868,Other,Vyššího věku a střední třídy.
126,0.4236518093434912,0.5661158258422152,Unknown," vlastní názor je důležitý, ale nemusí být  správný"
127,-0.2377114541112824,-0.7425366202975671,Unknown,se zdravým rozumem která se nenechá ovlivňovat
128,0.4914277390911661,-0.2543695142379315,KDU-CSL,"Jsou empatičtí, jde jim o budoucnost, snaží se vidět vše v širších souvislostech."
129,-0.6342395598971822,0.036106443885671906,Other,"Anarchisté podporující volný trh. Lidé věřící tomu, že vše, co neškodí okolí by mělo být legální. Ekonomická pravice požadující nízké až žádné daně a malou až žadnou moc státu."
130,-0.5622907765348029,-0.43668333657933267,ODS,"Mám své favority i své neoblíbence ale v rámci mého života mě nijak neovlivňuje, co se nyní odehrává na politické scéně. Peníze mít budu, pracovat budu zbytek se uvidí. "
131,0.7189316191823082,0.2084394809363563,ANO,"vyvstalé potíže řeší vlastním nasazením
spoléhají hlavně na sebe
plní bezezbytku své povinnosti pracovní, celospolečenské, etické, mravní"
132,-0.7207137059945445,-0.21954223547658624,ANO,"Realističtější, objektivní, sledující dění kolem sebe. "
133,0.315286753935207,-0.4012220044640532,ANO,"Jsou pro podporu Ukrajiny, podporu podrážky nacistického Ruska. Ale vadí jim, že současná vláda na své občany úplně kašle, vše zdražuje, máme snad nejdražší energie v EU, sami si zvyšují platy. "
134,-0.11141692613710227,-0.06358037526769224,Unknown,"lidé, kteří jsou vzdělání, nemusí úplně řešit existenční otázky. zajímají se o dění, ale nijak víc to neprožívají. jsou schopni dělat kompromisy "
135,0.024942531432875607,-0.24948787163193725,Pirati,"Lidé kolem mě, ve věku kolem 25-35 let, lidé kteří přemýšlejí nad budoucností jak svoji tak svých dětí a není jim jedno, v čem budou jejich děti vyrůstat. "
136,-0.08802823266111194,-0.01619661211599426,ANO,"To jsou lidé kteří si umějí spočítat, že nemohou utratit více peněz než si vydělají. Nebo musí mít našetřeno na horší časy."
137,-0.7565856647255715,0.20788718334112974,SPD,"Nepodporují migranty, nesouhlasí s energetickými opatřeními vůči Rusku a díky tomu zvyšování cen za elektriku a plyn, nesouhlasí s Green deal"
138,-0.34915218472222653,-0.08301241039757801,ODS,Lidi kteří v životě vědí co chtějí 
139,-0.34004199070299357,-0.4623966544500404,KSCM,Jsou empatičtí a vyrovnaní
140,0.38828811304202343,-0.4885630772144178,KSCM,lidé  chápající realitu života 
141,-0.2583921466819831,0.5127585547266275,Unknown,starší lidé mají podobné názory
142,0.5222693413690527,-0.5774749526998579,ANO,umějí počítat a proto se udrží při životě
143,-0.43045378830906433,-0.597395767076079,ODS,"otevřeni novým výzvám, rádi cestují, poznávají nové lidi a kultury, pracují na sobě a vzdělávají se"
144,-0.38533822125268596,-0.46133579171226013,ANO,"Patřím ke generaci, jak se říká : starších lidí,mám s nimi přibližně stejné názory.My jsme byli
vychování: starších lidí jsme si vážili a ctili.Byli jsme vedeni ke slušnosti,ochotě a zdvořilosti.Mysleli jsme na budoucnost( na zadní kolečka).
Dnes mladí zastávají názor,že nyní žijí.Neuznávají, většina,názory jiných,nepřemýšlí
o budoucnosti a zajímají je většinou peníze a výše vzdělání.
Dospěli jsme do stádia,že máme hodně vysokošloláků a žádné řemeslníky( zedníky,malíře,
pokrývače a pod.).




"
145,-0.5730540129175262,-0.08855068817270208,Pirati,Jsou sympatičtí a empatičtí
146,-0.41738327275978954,-0.615606777467627,ANO,selský rozum vždy vítězil. ten kdo usiluje o degradaci vzdělání by měl být sám odstraněn
147,-0.5539985098486114,0.5649566835893876,Unknown,"Apolitičtí, se strachem, že bude ještě hůř."
148,-0.1482985906300281,0.6474089452525371,ANO,"Tito lidé sledují dění v této zemi a vidí,kam to součastná vláda směřije."
149,0.5477411548565818,0.4247553726852619,ANO,"Mají rozumný názor. Názory, které vláda ODS považuje za špatné, nemusí být špatné."
150,0.34651727868070764,0.6378069647401139,ANO,"Politiku tolik neřeším, žiju tak, abych byla šťastná a přizpůsobím se tomu, co přijde. Nějak bylo, nějak bude, nevidím důvod proč se tím stresovat."
151,0.6425435424967683,0.45416775465793807,STAN,"S vlastním názorem, mimo proud společnosti "
152,0.15074710783867515,-0.09392340865369593,Unknown,"Jsou to lidé, kteří třeba nemají televizi nebo ji nesledují. Nebo když už poslouchají , tak si vyslechnou všechny strany a pak si zhodnotí, co jim je nejbližší. Do politických diskuzí se moc nepouští, spíše je jenom sledují. "
153,-0.16961833745710805,0.1385052706915081,ANO,Jsou to lidé seriózní a přemýšlející o své budoucnosti.
154,0.37650611448530397,-0.251248900935634,ANO,mají snahu pomoci a jsou rozumní 
155,-0.4697982053236145,-0.3539154472280609,ODS,"Vědí, že už toho v politice moc zachránit nejde, a je důležité alespoň zkusit zabránit těm nejvíc škodlivým lidem, aby se tam dostali. Například Babiš, který dokáže v těch intelektuálně slabších lidech probudit hysterii, paniku, ovčí chování a podobné... hlavně fanatické myšlení. Je důležité chodit volit, aby se zabránilo jemu podobným, dostat se na vyšší pozice, ale vlastně nejde vybrat nikoho, kdo by dokázal něco změnit, nebo něco zlepšit. "
156,-0.275086168553421,-0.6544185965626137,Pirati,"Tak, že se zajímají o politiku i společenská témata, sledují dění, chodí pravidelně k volbám."
157,-0.10583214902388713,0.7814623979036014,ANO,"Známe se dlouhé roky,máme stejný vkus a poškozeni únorem 1948"
158,0.472834355472392,0.5727253422052848,ANO,"Nižšĺ a střední vzdělání, celkový přehled o politickém dění i ekonomice u nás i v dalších státech."
159,0.43048283591734354,0.5375773060679931,STAN,"pravicoví, slušní, nejsou v politice pro peníze"
160,0.3357398803098261,0.19832078679718085,Other,"jsou pro svobodu slova, nevidí svět černobíle, jsou pro zrušení dotací (kromě sociálních - charita), jsou pro registraci neziskovek, které jsou finančně podporovány z ciziny, hájí zájmy obyvatel ČR a nikoliv jiných  zemí, jsou proti Green Dealu a diktátu Bruselu."
161,-0.19050227317480897,0.02298245204671345,ODS,"Hodně lidí z této skupiny má špatné zkušenosti z doby komunismu. Velmi často jsou to lidé kteří přemýšlí o své budoucnosti a ví, že jsou odpovědni za svou budoucnost. Překvapilo mě, že nezáleží na vzdělání, ale na ochotě hledat argumenty."
162,0.1380076205074761,0.29192543467482307,Unknown,"Střední nebo nižší vrstva lidí, lidé narození před rokem 1989, lidé se smyslem pro spravedlnost, lidé kteří chtějí kompetentní politiky."
163,-0.715101583379472,-0.23901131895142322,KSCM,"inteligentní  vzdělaní ,nejsou sociopati"
164,-0.2868807781817281,0.19163406327525812,Unknown,Jsou to lidé co uznávají hodnoty a nemají rádi extrémismus
165,0.7787156080735138,0.1524686530497163,STAN,"nespokojení se současným systémem, racionálně uvažující, mimo hlavní názorový proud"
166,-0.41509274065254786,-0.5726127161309734,Unknown,"Nevim, neumím takové lidi popsat "
167,0.11273151665810688,0.5970722389029928,ANO,"Vzdělaní lidé pracující jako řadový zaměstnanci, s rodinou."
168,-0.6309969819293347,-0.28514034954418016,SPD,znechuceni stávající politikou a očekávající změny k lepšímu pro obyčejné lidi 
169,-0.04249549669308278,-0.5748056474202381,Other,"Tito lidé vědí, že takhle už to dál nejde, že je potřebná změna v přístupu k lidem."
170,-0.225720727820134,-0.30936420728096947,ANO,"Jde o lidi, kteří jsou ochotni o různých problémech diskutovat, případně se i vyjádřit jak by to mělo vypadat, jak by se měla věc řešit. Nechtějí problémy řešit násilím, zbytečně nenálepkují."
171,0.4493104262842866,0.03470243182709468,Other,"Musí to být lidé, kteří podporují opravdovou demokracii, to jest otevřeně diskutují, ale v době kdy je uzavřena diskuse se podporují názor většiny. V současné době u nás není demokracie protože si většina obyvatel, hlavně ti mladí myslí, že demokracie je to, že si mohou za všech okolností dělat co oni chtějí. Nerespektují většinový názor. Společnost je nenaučila co je demokracie, kterou zúžila jen na možnost cestování, nakupování a spotřebě a možnosti dělat si co chci JÁ. "
172,-0.669474450028717,-0.37541974986961807,KSCM,Normální a inteligentní ne idioti co volili 5ti demolici
173,0.7319619594188734,0.06677274834678243,Unknown,"Moc se s lidma o politice nebavím, nezajímá mně to."
174,0.5854720482408523,-0.503312403367815,ANO,"Začal bych podporou rodin s dětmi, podpora rozvoje bydlení, zrušil bych podpory flákačům a co nejrychleji se zbavil krimigrantů"
175,0.2043465911224213,0.7584413424791517,Unknown,Nejsou do těchto problémů extra zainteresováni
176,-0.29503132149914457,0.20970869751450177,STAN,"Tyto lidi bych popsalatak, že se  o politiku a spol.problémy zajímají proto,aby věděli,co se na politické scéně děje. .Co jednotlivé strany provádějí a jak si vede ta jejich. Nezabývají se úplně do hloubky o politiku, ale mají rádi přehled  o dění."
178,-0.6915493987880345,-0.0841135448492429,Unknown,"Platí to stejné, jako u popisu opačné strany."
179,0.03090529713630003,0.04590736769715408,ODS,Jsou to lidé kteří mají skvělé realistické myšlení a jsou schopni myslet do budoucna 
180,-0.3114597213934097,0.6057866303198631,ANO,Znají konkrétní problémy i jsou ochotni diskutovat 
181,-0.4671165644580483,0.5169868766731502,ANO,"Lidi s ekonomickým rozhledem, alespoň středně vzdělaní, respektující názor druhých, schopný komunikovat s kýmkoli"
182,0.6119119854958958,-0.2222251127285204,Unknown,"nezajímají se o politiku , pro nás tady dole se nic nezmění"
183,0.033716721802808984,-0.2005877866493599,ANO,"Jsou to lidé poctiví srdeční, žádní tlučhubové, pracovití"
184,-0.6546409147005008,0.433298192432408,Pirati,"Nesnáší nespravedlnost, korupci, má sociální cítění."
185,-0.39364634128902665,0.30378629633344867,Other,"Jsou to lidičky, kterým jde především o naši Českou republiku, které hodně štve, jak naše vláda zadlužuje tuto zemičku, lidičky, kteří nesnáší nespravedlnost a kteřým není lhostejné, co se tady děje a není jim lhostejná cenzura, která tady probíhá. Rovněž sdělovací prostředky, především Česká televize nejsou vůbec objektivní a to by si chtěli zvednout koncesionářské poplatky a za co? za to jak nám tady lžou a do televize dávají jen to, co se jim hodí a to, co po nich požaduje naše vláda a EU."
186,0.7731329196343876,-0.1821006310139709,KDU-CSL,"finanční situace, nedostupnost bydlení"
187,0.06941496075408486,-0.7491713181209343,SPD,lze s nimi komunikovat bez problémů
188,0.7709598393443686,0.22854089413833725,STAN,Pracujci s mnoha zajmi min stredoskolak
189,-0.12140799278861007,0.7681702300052442,Unknown,"Normální, přemýšlející..s vlastním názorem "
190,-0.03355494762807491,0.32086328809043435,ANO,"Snaží se přijímat jiné názory. Nerozhodují se jen podle aktuálních emocí a jsou schopni uvažovat racionálně a hledět do budoucna. Dokáží si sami udělat názor na věc a nenechají si jen tak něco vnutit. Jsou skeptičtí k dobře znějícím slibům.
"
191,0.12451419383824207,0.2968304977952578,SPD,"Informováni lidé kteří se zajimají o budoucnost.
Vlasti zradce z pětikolky budou souzeni"
192,0.7639834261440505,-0.18071892859367433,ANO,Voliči převážně ANO apod.
193,0.7378899395164322,-0.1959522801436084,Unknown,"to opravdu nwtusim, nic konkretniho me v tuto chvili nenapada"
194,0.6638977214686966,0.20514002629430345,ANO,"Mají zdravý rozum a vidí, co se tady děje "
195,-0.6198466624855848,0.3133608080287523,ANO,Ziji zivot jako ja a pri dnesni vlade sme se my kteri vydelavaji rukama pomalu propadli az na dno nemluve o tom kdyt mate rodinu to posledni 3 roky vydelavate jen na to aby st3 uzivili rodinu a nemate cas ani na to byt sam sebou
196,-0.6277430817503262,0.21511362695851655,ANO,"Tyhle věci já neřeším, jak jsem psal, každý má svůj názor."
197,0.308751772549487,-0.4910117366808293,ANO,nevím co odpovědět..politika mě zase tak moc neber..spíš pozoruji koho lidi volí..ppřijde mit o praš´t jako uhoď
198,-0.24677945872372137,-0.05356712124087817,ODS,"Považují svobodu myšlení a vyjadřování a volnost cestování za podstatnou část života. Asi prožili socialistickou minulost a vládu KSČ. Nevadí jim stále se učit něco nového a když jim něco nevyjde, tak zkusí pracovat v jiném oboru nebo u jiné firmy. Získávají informace z různých zdrojů a dokáží se v nich orientovat. Znají dějiny naší země a dokážou se poučit z chyb a nezdarů našich předků. Vědí, že politika appeasementu nevede k míru, ale k válce. Jsou ochotni něco pro vlast udělat. Už asi ne tolik, jako Sokolové za Rakouska-Uherska, za první republiky a za Protektorátu. Mám trochu pochybnosti, zdali bychom byli tak ochotni hájit naši svobodu jako naši předkové za mobilizace v roce 1938. Podle egyptologa Bárty civilizace dojedou na to, co je vyneslo na vrchol. Obávám se, že naše civilizace dojede na lidská práva, která jsou podle mne hypertrofovaná, jsou absolutní a nejsou podmíněna plněním lidských povinností.  Myslím si, že jsme vylili s vaničkou i dítě, když jsme nade vše postavili individuum, proti předešlému kolektivismu. Tento kritický dodatek dodávám proto, že ani tato moje srdcová skupina není bez vad."
199,-0.509455380355361,-0.5490559682153656,Unknown,vůbec nevím co s tím dělat
200,-0.16715644091553142,0.7628463063003619,ANO,Normalni lide s normalnimi nazory
201,-0.20429330683831706,0.20857705355260983,STAN,"lidé, kteří se o politiku více zajímají, zjišťují si informace, nevěří pouze tomu, co se vykládá v TV nebo píše na internetu, ale ověřují si daná fakta, myslí na budoucnost jak sebe tak svých dětí"
202,-0.19244005542246856,0.35552296295469354,ODS,"normální pracující lidi, kteří si chtějí užívat života"
203,0.5574552675188903,0.35144314491271933,Other,Lidi s kraje kde lidi přicházejí o svobody peníze a hlavně bezpečí
204,-0.3302805751059802,-0.7311876060493891,Unknown,"bezproblémový, klidný, tichý, uzavřený"
205,0.6898089091687092,-0.0999673261043129,KSCM,Mají zájem o zlepšení života v ČR 
206,-0.6711346565361225,-0.40501354998344546,Unknown,"Přátelští, zdravý rozum, "
207,-0.46461141999892713,-0.37016048098186644,ANO,"snaží se dívat na politiku jako na něco, co většinou nespnuje naše pohledy na věc"
208,0.7942636642666334,0.0968328414176057,Unknown,pohodáři s kladným přístupem k životu
209,-0.051456242394376565,0.5791068116007375,ANO,"Já politiku neprožívám a je mi jedno jak ostatní k politice přistupují, jsem k jejich názorům tolerantní, proto ani neřeším kdo a jak je mi nejvíce podobný v politických otázkách...."
210,0.6165924713263722,0.0632196054736657,Unknown,"Lidé s nižším příjmem, rodinou, zijici na vesnici, pracující ve fabrice."
211,0.060051989235632056,-0.38110289435534195,Pirati,Podporují slušné lidi. Mají průměrný příjem. Jsou rozumní.
212,-0.39933302949836486,-0.6732700159692959,ANO,"Myslí do budoucna, demokraticky, neodsuzují hned"
213,0.07895610577204687,-0.675211026393209,ODS,Nevím jak bych tyto lidi popsal
214,0.4579691812458869,0.520441483286266,KSCM,Tito občané stim nic nenadelaji ale snaží se pochopit situaci v naší zemi. 
215,0.31359912847195925,0.7155982788330245,ANO,"Skromný, slušný, pravdivý,normální "
216,-0.12217875054120565,0.06204406920476141,ANO,"Jsou to konzervativní lidé s tradičními postoji, tradičním smýšlením o důležitosti rodiny, ochrany naší země a naší kultury. V Anglii by nás nazvali ,,far right"", ve skutečnosti málokdo z nich je skutečně radikální. Jsou to lidé, kteří souhlasí s LEGÁLNÍ migrací, kdy jsou přistěhovalci PŘÍNOSEM pro zemi - najdou si práci, respektují zdejší pravidla a kulturu."
217,-0.5065384372618369,-0.5118758361914201,ANO,"Politiku příliš neřeší, snaží se ji nikomu nevnucovat "
218,-0.3364625148398459,0.025965143130934443,Unknown,Lidi kteří mají podobné smýšlení jako já. Ale i tak se nějak zásadně neliší od ostatních 
219,0.518325789408818,-0.5992131460251756,ANO,"Odpůrci současné vlády, odpůrci migrace a Green Dealu."
220,-0.5621456005655363,0.515722902461694,Unknown,Každý má nějaký politický názor
221,0.13812279220888202,0.7442941133045192,STAN,"Liberální volič strany, která plnì svůj volební program"
222,0.1805027215961504,0.24710314409246084,Other,"Lidé, kteří nejsou fanatickými sympatizanty žádného politického uskupení. Lidé, kteří si dokážou vyhodnotit, když politici napravo či nalevo mluví rozumně a překládají relevantní argumenty pro svá tvrzení."
223,0.31992454993910346,0.11244868374664478,ANO,nijak je to jejich volba jsou to lidi jako já
224,-0.6495805499698313,-0.36235322157217636,SPD,Chcou zlepšit  život lidí v Čr.
225,-0.002520875758159653,0.7149056545036436,Unknown,"žádné neznám, politiku nenávidím a nebavím se o ní"
226,0.4959520173397738,-0.6101881131932648,Unknown,"Dokáží se bavit o každém tématu,naslouchají a dokážou se bavit i o negativních názorech."
227,0.37745508173194225,-0.053198006206910606,ANO,"Lidé kteří mají stejné politické smýšlení mi mohou být nesympatičtí z jiného důvodu.Neznamená, že když si rozumíme politicky, že si rozumíme i v jiných oblastech."
228,0.7497444162010025,-0.2231214724307831,TOP09,"řeší problemy s výší důchodu a co si za to dovolit,aby to nebolelo"
229,0.6448179298266329,0.03900662481755977,Other,"Většina mladých lidí, kteří tuší, co by naľ studentům a mladým lidem mohlo so budoucna nejlépe pomoci"
230,-0.059729725129320094,0.19230719292498,Other,"Líbí se jim zásadoví lidé, kteří nelžou"
231,-0.4950667387409534,-0.4136021582500738,ANO,"Zavádějící otázka 

Můžu si vzít něco od člověka se kterýn souhlasím, tak i od toho, co má jiný názor jako já."
232,0.2361291449708374,-0.2838715855815292,ODS,Lidé stejné skupiny jako já
233,-0.18122628637870003,-0.4521487780648411,Other,"Mají zkušenosti ,nejsou jednostranně orientovaní "
234,0.27959845691156876,0.6963111325056502,ANO,"Střední vrstva s demokratickými názory. Pravidelně chodí k volbám. Žasne, kam spěje vláda v ČR - vysoká inflace, neuvěřitelné množství úředníků všeho druhu."
235,-0.27235729678360626,0.29392936783777557,ANO,nedivím se lidé jsou již znechuceni
237,-0.1349198158200292,0.6835218971051521,SPD,"LIDÉ S NÍZKÝMI PŘÍJMY,NE VOLIČI ODS A TOP09"
238,-0.5716338631435808,0.1014378291813681,Pirati,"Mají rádi pravici i levici, ne však jako střed, ale že dokážou vnímat výhody obou směrů."
239,0.6593123511977953,0.35905145910024105,ANO,káždý jedná podle sebe a dívá se na svět podobně 
240,0.12002495678290492,-0.014708879065290623,SPD,Jsou to společenští lidé kteří si dokáží svůj názor obhájit i když jsou v menšině.Nemeni každou chvíli své politické strany podle jejich momentálních slibů a zůstávají věrni straně kterou si vybrali.
241,-0.4383521025471047,-0.1924686726963116,ANO,lidi bez bydleni delnici lidi ktere trapi vysoke naklady
242,0.3995611580565605,-0.056177779502542546,ANO,"Jsou to lidi ktery už neco zažili s timyto stranamy ,vědi kto sliby a splni a kto nesplni jenom oblbuje lidi."
243,-0.7048852493990198,-0.013821970695518845,SPD,Zdravý selský rozum nejsou to ovce ale lvi nenechají se ovládat nesmysli
244,-0.5272021568511485,-0.23189924563172054,ANO,"Protože patřím k věkově starší generaci (70 let), mohu hodnotit společenské problémy z vlastní zkušenosti, to je reálně prožité. Vadí mně obrovský pokles morálních hodnot ve společnosti, to, že negativní věci se stávají jakousi společností uznávanou ""normou"" a nikdo se nad nimi nepozastavuje. Přestože nejsem věřící v klasickém slova smyslu (církev, kostel apod.), velmi souhlasím s výrokem papeže Pavla VI., že ""největším hříchem dnešním lidí je to, že ztratili pojem hříchu"". Na druhé straně velice oceňuji ochotu a semknutost českého národa např. při sbírkách pro nemocné děti apod. Snažím se vidět svět a lidi pozitivně, i když mám mnoho výhrad k současné vládě a k tomu, v jakém ekonomickém stavu se nachází dnešní společnost. Věřím ale v ""selský rozum"" a v síly, které dokážou tento stav zvrátit."
245,-0.1924985488939659,0.5314543056083348,ANO,Jsou nespokojeni s touto vládou
246,-0.612192952160635,-0.3694997473631603,ANO,"Přemýšliví, pracovití, lidé kompromisu."
247,-0.572919246334344,0.191568577795743,SPD,"Že berou život jinak než většina politiků - berou ho se selským rozumem a v první řadě se zajímají o to, jak se budou lidé mít a ne o to, kde kdo kolik nahrabe "
248,0.012469261967854271,0.4319371157163146,Unknown," Lidé kteří se o politiku nezajímají , protože nemají šanci nic změnit a s politikou  žádné strany nesouhlasí"
249,0.28631739781780247,-0.6710206724262283,Unknown,Nevím je mi to jedno a fuk
250,-0.48273189750479384,-0.6250687647403734,ANO,"názorově stejní, máme si o čem povídat"
251,-0.3641296437602718,-0.38861230182164014,ANO,Jsou zklamani dnešni vladou a vše okolo ni
252,-0.5011520522916635,-0.6165338753958642,Unknown,"Prozápadní, podporující vstup do EU, souhlas s podporou Ukrajiny, odmítající KSČM, SPD a ANO "
253,0.015017208230451872,0.6953411807149017,Unknown,"O politiku se nezajímá,politika je celá zkorumpovana"
254,0.46788476992068717,-0.3793381954378741,Unknown,"opět lidé z různých skupin, jen je jednodušší se s nimi bavit bez rizika konfliktu názorů"
255,0.6243284824921516,-0.19652809850617384,Other,Takoví lidé musí jednat přímo bez jakéhokoliv sklonu k zvýhodnění jakékoli skupiny lidí.
257,0.3519939596365231,-0.650546948103531,Unknown,Nevím jakože fakt nevím co víc psát 
258,0.12064066232300177,0.3741300732282608,TOP09,Chytří lidé kteří se zeptat jestli neví kdo vyhrál
259,0.6874700360711608,-0.3744824249487316,ANO,"Sledují podobné zdroje, dávají důraz na podobné události."
260,0.05631926042206602,0.2512520051188123,ANO,"Lidé, kteří chtějí rovná práva a povinnosti pro všechny. Lidé, kteří odmítají tolerovat šedou ekonomiku a lidé, kteří chtějí bezpečné prostředí."
261,0.4366986107213318,0.41794070777275677,Unknown,"Ať už jsou to voliči vládnoucí strany nebo opozice, vyjma KSČM a SPD, respaktuji jejich názor."
262,-0.8013708570521195,-0.02763323366633475,ANO,"neresi kraviny, nevymysli konspirace"
263,-0.6993327630983839,-0.3889099260582531,Unknown,"spolecensky prehled, vzdelani, premysli proc se veci deji"
264,0.12530637828633534,-0.3173653949490948,SPD,tito lidé mají  mou plnou důvěru 
265,0.5899033925664261,0.22877723090642385,Other,Nevím co na to říct protože zas tak moc tomu nevěřím 
266,0.7333126896438775,-0.30629043094678504,ODS,Dlouho doba ochrana země 
268,0.4007700498057498,-0.3898312132735246,TOP09,"Optimisté, bavící se životem. Nečekají, že se o ně bude někdo starat, ale jsou aktivní a rádi pomůžou jiním "
269,-0.3717748175311067,0.5667615718032355,SPD,"Jsou to osoby, ktere maji prehled a vedi jak svet funguje"
270,-0.6367740010875653,0.0020772002943218256,TOP09,"Jsou politicky zralí, snaží se odstraňovat překážky mezi lidmy, dovedou naslouchat a snaží se přesvědčovat oponenty."
271,-0.7804137935185741,0.0036523536107200957,ANO,Chápou současnou politickou situaci.
272,0.19763948840548268,-0.6649974294650414,Unknown,Nevím co bych tady napsal tak 
273,-0.11697059273559543,-0.7762548772944298,KSCM,neumím to protože nedokáži popsat
274,0.43296566486270194,0.2893642777518578,STAN,"Politika není vůbec pro střední a nižší vrstvu ,ať je tam Petr nebo Pavel nikomu nezáleží na lidech.Sami hrabou a zvyšují si platy .Důchodcům se přidá celoplošně podle procent.Mělo by se přidat jen potřebným a kdo má málo.Žádná strana se nezajímá o to co chtějí lidé ."
275,-0.5360089646419718,-0.5663659699006576,KDU-CSL,"Zdravý rozum,zvazuji plusy i minusy"
276,0.13036802407164674,-0.139762861350707,ODS,"Pracující lidé, kteří nepotřebují, aby se o ně stát staral a nenatahují při každé příležitosti ruku k nějakým dávkám. "
277,-0.7027829693650992,0.1450318035467138,SPD,"Nikdy jsem nic po statu nechtela, jen to, aby ho ti, ktere jsem nevolila nezadluzovali. Coz je dano i ustavou. podle me by to mel byt trestny cin a strany a politici za ty silene schodky, by meli byt trestne stihani. 
Jinak pracujici."
278,-0.5221739443232916,-0.49150140148624727,ANO,Rozumní a odpovědní. Mají moje sympatie
279,-0.40617139573793637,-0.48703225474148626,Unknown,Nezájem o politiku celkove
280,-0.2456290697987037,0.4336056820200698,SPD,Jsou z mého pohledu dobří lidé 
282,0.33129848462003847,0.6737478077275736,SPD,"Nedají se manipulovat podplacenými médii, umí si najít skutečně pravdivé informace, uvědomují si, na jak špatné cestě naše země je."
283,-0.7023908562885984,0.041169375449318625,STAN,"Zajímají se o dění v ČR.
Není jim jedno, co bude dál...."
285,0.7827262581908462,0.02154443697419367,ODS,"Pracovití
Nezávislí 
Morální "
286,0.20542231055842922,0.6502627544464777,Unknown,"Střední třída, nyní důchodci, kteří si velmi dobře pamatují minulé časy a hlavně zlodějny ODS"
287,-0.6414144705367902,0.45450140561978675,ANO,"Věnovat se pouze občanům a naší vlasti, nepřipustit ani sebemenší zahraniční vliv"
288,-0.082045929601115,0.5301902393584453,ANO,"Rodiny s dětmi, lidé, kteří pracují a snaží se za každou cenu uživit svou rodinu. "
289,0.6460619209086528,-0.43720650166990194,Other,Jedinci nepodléhající oficiálním zprávám a řídící se vlastním rozumem.
290,-0.7995593672828984,-0.0828575516243131,Unknown,Dghfhjhgffg fgh ddkfkk Fidorka. 
291,0.48335477877555316,0.07571480146084089,STAN,"Normální, slušní lidé, nepodléhající lžím a manipulaci. Uvědomující si dnešní problémy a jsou schopni o nich přemýšlet a kriticky je hodnotit "
292,-0.5237121367523947,-0.609617159647216,Unknown,Prachy Prachy Prachy Prachy Prachy Prachy 
293,-0.48910888305216693,0.022327361739707056,ANO,Jsou přátelé a mají moje sympatie.
294,0.13299060617442252,0.4198696147795132,ODS,"Rozumní lidé
lidé kteří chápou aspoň základní problematiku politiky
Zdravý a správný pohled na svět
Žádní extrémisti
"
295,-0.15942057014642294,-0.2643537908505967,ANO,Jsou to lidé v mém věku se stejnými starostmi a v podobné ekonomické situaci. 
296,0.6233123306782382,0.23599276492287377,ANO,Nevím co si pod tím mám představit a jak někoho popsat. Je mě tato problematika docela jedno. 
297,-0.501401569548434,-0.03963048018940095,ODS,Lidi kteří se zajímají o dění okolo 
298,0.44098604202851066,0.6096305328931637,Unknown,"Nehledají utopii. Vědí že většina techto rozhodnutí je méně podstatných i přestože účast ve volbách by všeobecně měla být větší, ale většinou to s výsledkem zas tolik nepohne."
299,-0.6476168602076157,-0.45398188217511026,SPD,Nevěřící vnucované propagandě státu
300,0.7482708228439308,-0.24262686810399908,ANO,Můžeme se spolu bavit o politice a společenských problémech. 
301,0.25096376270157217,0.5931646456754087,ODS,Běžný člověk který je tolerantní k ostatním názorům. Člověk co se prostě chce mít dobře a je pro to.i ochoten něco udělat a ne jen čekat co dostane.
302,0.3449416880831151,-0.6819662842928673,Unknown,nevím nevím nevím nevím nevím nevím nevím nevím
303,0.7680135782277635,-0.14749081624791446,SPD,Budeme si víc rozumět v názorech na politickou situaci. 
304,0.17893029329168741,0.3540852874710209,Other,"Pracovití lidé kteří si nestěžují ale jdou po příležitostech a snaží se zajistit dobrý život pro svou rodinu, politcky spíše pravicové zaměření."
305,0.6455690745946017,-0.4567587712154527,ODS,"Rozumíme si , sympatický, vyrovnaný, klidný, pracovitý "
306,0.47864303527599583,-0.5742984470364416,ANO,nijak bych je nevystihnul
307,-0.6732560408349235,-0.35719147564355663,Unknown,Nemají rádi extremismus a populismus.
308,0.0745402473718079,0.2881266424760868,Other,Lidé kteří nedávají na plane slibi politiků a raději vidí činy než slova. Jen tak se pozná dobrá strana a dobří politici. Myslím že naše země od roku 89' si toho zažila své a furt se vše jen opakuje a korektnost politiků rozděluje národ. Potřebujeme tu lidi kteří se nebudou bát ozvat a politiky kteří budou konat pro dobro vlasti a lidu aby naše priority nebyli pošlapávány.
309,0.20017695506241787,-0.5074425938212008,Other,"Můj postoj k politice a společenskému dění je komplexní, takže v mém okolí nenajdeme nikoho takového, s kým bych mohl sdílet identické názory a přesvědčení. Logicky bude pro takové lidi ale platit opak toho, co jsem napsal v předchozí odpovědi – nahlížení na věci s nadhledem, nedělání úsudku dle jednoho vyjádření, snaha o hlubší porozumění problémům a cílům jejich aktérů."
310,0.5825575138710309,0.3349041570661423,ANO,"Lidé kolem věku 40 let, menší děti, pracující"
311,0.4505199185597396,0.21011254665402287,ODS,"Jsou to fajn lidé, které mám rád"
312,-0.1212270376263006,-0.7233047655619516,ANO,"Řeší až těsně před volbami komu dát hlas, jinak se o politiku nezajímají"
313,-0.6576782567098723,0.10369559560001375,ANO,"MOc se o politiku nezajímám, ale strana ANO je mi sympatická na rozdíl od některých jiných stran."
314,-0.5768261109841825,-0.5466380431651297,ANO,máme porozumění na požadavky  i s malými odchylkamy
315,-0.19307579315535278,-0.7476204981694881,STAN,Člověk s rozhledem a ekonomickým vzděláním 
316,-0.32754806476487425,-0.08710657016184234,Unknown,"Nevěří politickým stranám, že by chtěly něco dobrého pro lidi udělat. Jsou to mafie, které chtějí co největší moc.
"
317,0.3778880435671993,0.6899638211550565,ANO,"
zhruba polovina rodiny a větší polovina mých přátel a známých všichni +50 let"
318,0.4970853012422965,-0.3887742106678354,TOP09,Jsou v pohodě protože se vezou na stejné vlně
319,0.4509254215668245,0.48982321785884275,TOP09,"lide, kteri jsou slusni, nenadavaji, umi pocitat, umi racionalne premyslet"
320,0.4476474605316046,-0.6430894167529416,Unknown,Neumim popsat takoveho cloveka
321,0.14481352313622306,-0.747346557882227,ANO,"Maji radi svoji republiku a chteji lepsi budoucnost, aby byli tase cesko samostatne a plaily české zakony a ne zakony EU "
322,0.42886873229707406,-0.4871697654888947,ANO,"Dobří lidé,chápající, lidští "
323,0.5747586788692899,-0.532301918249704,Unknown,Nezabývám se rozdíly mezi lidmi. 
324,-0.14846530693147775,0.1893691853679606,ANO,"Jsou to lidé, kteří se o politiku nezajímají,  vnímají jí pouze z informačních kanálu  nebo poslouchají debatu druhých lidí a udělají si na to svůj názor. "
325,-0.6417094388928412,-0.18296862915476894,ANO,Sympataci kamarádi mám je rád jsou to soukmenovci
326,0.15558224155070555,-0.6554252298659194,KSCM,"Většinou stejná věková kategorie, případně lidi ze stejného pracoviště, společenského kolektivu. "
327,0.35004322690198125,0.539198450666708,ANO,STEJNÝ NAZOR MOHOUMÍT ALE NEMUSÍ TO BÝT DOBŘÍ LIDÉ.
328,0.38707055416103,0.676166725946061,ANO,každou věc si řádně uváží a ověří z více stran
329,0.2028888628159563,-0.05909580183657524,ANO,Jsou to lidé jako já a mají již něco za sebou.
330,-0.25492270256484856,-0.6328226553229597,STAN,"Lidé žijící přítomností,s moderním pohledem na situaci,mající ve svém okolí někoho blízkého kdo byl za komunismu nespravedlivě zbaven majetku,svobody nebo i lidského života."
331,0.7470307963859667,0.1380405199646668,ODS,"Nevim, je mi to jedno. Kazdy ma svuj nazor"
332,-0.3582485404284244,-0.2575517577039609,KDU-CSL,Lidi co se zajímají o lidi a politiku 
333,0.08115553748728718,-0.22952237491830013,SPD,"Normální pracovití lidé, kteří mají rádi Česko a dávají mu přednost před ostatními státy. Rádi pomáhají potřebným a k ostatním se chovají slušně, bez jakékoliv diskriminace."
334,-0.32076473968817865,-0.17869795461722338,ANO,Jsem rád když přijde na politiku a jsou kolem stejně smýšlející lidé  
335,0.031047687178499195,0.4059730575408966,ANO,"Jsou to lidé, kteří myslí rozumně. Chápou,že je tato vláda nejhorší za poslední roky.. Nezajímají ji problémy obyčejných lidí a seniorů."
336,0.008406897778286335,0.4850733880589326,ANO,Lidé kteří pracovali po celý život a teď nemají možnost prožít důstojné stáří.
337,0.5873512538737637,-0.34272900721876287,ANO,politika jako taková je v současné době velmi nepřínosná.
338,-0.3092928905735801,-0.4888248076354677,ODS,"Je třeba ve všem hledat racionální řešení, řešit skutečné problémy. Politici by měli dělat to, co lidé skutečně chtějí."
339,0.09380855280370715,-0.7607892672137212,ODS,Pravicově smýšlející snažící se zajistit sebe i rodinu vlastními silami. Vyznávající tradiční rodinu.
340,-0.5001393052097682,0.6073417070061923,Unknown,politika je mě lhostejná její voliči taky
341,0.44524490403916916,0.5680605574187161,Unknown,"O politiku se téměř nezajímám, mám důležitější starosti."
342,-0.4683492965523131,-0.1656580232243648,ANO,"Lidi jsou naštvaní, vše je drahé "
343,0.7439385435489133,-0.1298519933630466,ANO,Rozumni inteligentni lide smyslejici s dalsimi nasledky
344,0.7574550529029789,0.06309583625770694,Unknown,"Vidí v politice korupci, sobeckost, nezájem, zároveň cítí bezmoc"
345,-0.41391165115570827,0.5678837806840651,ANO,O politiku se starají pouze příležitostně. Především v situacích kdy se to dotkne jejich osobního života nebo uvidí budoucí změny v mediich. 
346,0.34683026828137126,0.6239546430021353,ANO,"Střední třída,Dělnická třída,rozumný lidi"
347,0.3541237521938318,0.3326928572160758,ANO,"nevím co na říci, jsou sympatičtí"
348,-0.4506947150398117,0.18863060014316993,ANO,Jsou to chudí lide mají málo penez
349,-0.8024817201509437,0.003118083440352539,ANO,Na na na na na na na na na na na na na 
350,0.22943499626260638,-0.2720870408766796,Unknown,"Tito lidé se zaměřují hlavně na sebe a na svůj přínos společnosti. Mluví za ně jejich činy a ne slova. Jsou otevření novým věcem, jsou kritičtí k sobě i svému okolí. Ke všem se chovají s úctou."
351,0.8004254716787484,0.05861787618874839,ODS,"Ekonomický liberál, konzervativec, euroskeptik, thatcherista, antibolševik "
352,0.3640139350088019,0.12065554256428881,Unknown,"Lidem jako ja jsou volby fuk.nikdy nechodi volit, protoze vsichni politici jsou lhari a kdyz nejsou, tak stejne nic nezmuzou"
353,0.3984443863191661,0.11788429642455374,Pirati,"Převážně to budou mladí lidé (pod 40 let). Mají celkový přehled o světě. Jsou liberální, uvažují moderně, směrem dopředu. Jsou zodpovědní sami za sebe."
354,-0.4930512186118295,-0.14686331113508416,SPD,jsou stejní jako já a vřechny likamarádi
355,-0.05298626782535095,0.2505069534632765,KDU-CSL,"Chytří lidé, kteří si řečmi o politice neubírají volný čas."
356,-0.15616402700114326,0.36728294418497787,ODS,"Demokratický člověk, který chápe, že volit je důležité. Volí demokratické strany typu ODS, STAN, Piráti, TOP09. Rozumní lidé, kteří ví, jak fungují finance, státní rozpočet, chápou inflaci. Je přirozené, že se státní schodek rok co rokem zvyšuje, protože si na jeho financování půjčujeme. Měly by se omezit dávky, jsme moc solidární, proto je i dluh velký. Podporují práva žen a lgbtq skupin, jsou proti násilí. Lidi co ví, že v budoucnu přijmeme euro (a souhlasí s tím)"
357,0.11856219106779305,-0.6460181511356533,Unknown,"Politiku moc neřeší, občas je jim z politiků špatně - na zvracení."
358,-0.41344285426769906,0.32618519403099017,ODS,"jako středopravicové, neurčující lidem jak se mají chovat, ale dbát na dodržování zákonů a pravidel , zničit korupci"
359,-0.49437732359575726,-0.5616971064521715,ODS,"Je to člověk jakéhokoliv vzdělání.
Dokáže obětovat aktuální vlastní pohodlí ve jménu vyšších hodnot a v zájmu dlouhodobé prosperity. Nepřijímá totalitu ani v náznaku věří v demokratické zřízení státu ukotveny v křesťanský hodnotách "
360,0.676499369491053,0.32397530883352565,STAN,"Pravicově zaměření, spoléhající hlavně sami na sebe, s odporem k jakémukoli diktátu."
361,0.08887953310806077,-0.569651139034458,Pirati,Jsou mi sympatičtí a mohu s nimi sympatizovat
362,-0.1917790451611682,-0.7248874736456427,KSCM,"Rozumný člověk, sympatický, muž nebo žena "
363,-0.1263695466057312,-0.6012596546202172,Unknown,"Nemám vyhraněný názor na lidi s podobným vnímáním na společenské problémy, či politiku."
364,-0.45526289481109805,0.6294596725676832,Other,Viz předchozí odpověď - nehodnotím nikoho na základě jeho politických názorů 
365,-0.7233071492376539,0.32893430768548315,KDU-CSL,"Pragmatičtí, nesnáší populisty. "
366,-0.645903596621944,0.43786182845572064,Other,"liberálové, ekonomicky interesovaní, starající se o své blaho a díky tomu i o blaho společnosti "
367,0.10674506126577889,-0.4089381199820389,ANO,střední vrstva - normální lidé
368,-0.5415649837042861,0.4025401565320352,ODS,"Lidé přemýšliví, mající rádi svobodu a demokracii
"
369,-0.7861889614222851,0.13055113605573843,ANO,ja raději nebudu hodnotit 
370,0.08709625027593806,-0.5308321890936318,ANO,"Jsou otevření, nenálepkují ostatní "
371,-0.7249255582892792,-0.31536569467040143,STAN,Nesnáší extremistické a populistické strany. Fandí liberálnímu realizmu.
372,0.7310403364407216,-0.2883992257257089,SPD,Chtěl bych změnu k lepšímu 
373,-0.2626113838499617,0.6407062475228019,Unknown,"Nijak,politiku už nesleduji je to špína"
374,-0.20358969222033332,-0.635755909216614,ANO,"Vůbec nevím, jak bych takové lidi popsal."
375,-0.3118291200202927,0.6222454667050452,ANO,"Chybí důvěra, jelikož všichni jen slibují, ale po volbách jen lžou a dělají chyby, které nejsou nijak trestané."
376,0.5105826235292938,-0.5289764272471428,Unknown,Maji predstavu jak by to melo vypadat a nehoni se za chimerami
377,0.2278732692295839,0.7412370807353391,KDU-CSL,"Inteligentní, vždy najít stejný smysl."
378,-0.4569834432466469,-0.6538636764653153,ANO,Neumím na tuto otázku odpovědět.
379,-0.5768044995789683,0.5591418158276886,STAN,liberali gejoviq lezby divnolidi
380,0.5381239669677342,-0.4571676157052755,STAN,"člověk, který nechce mít ve vládě STBáka, který se neštítí ničeho a je schopen pro peníze jít přes mrtvoly"
381,-0.3163021246994563,-0.11905750599761493,KSCM,"Lidi, kteří toho mají už plné zuby, bohatí bohatnou a chudí chudnou. EU blbne s greendealem, ožebračuje tím lidi na úkor byznisu."
382,-0.5005204372517004,0.42123198503198817,ANO,Lidé co prošli podobnou životní situací mající stejný nebo podobný pohled na dění kolem sebe a představu o budoucnosti
383,0.40084633690634025,0.38933581938368644,ANO,"Chci aby vláda měla stejný metr pro sebe a pro ostatní lidi,hlavně co se týká příjmů."
384,-0.4392628868415081,-0.6618155552781508,ODS,"středopravicový volič, nesmí volit KSČ"
385,0.529190587506422,-0.037634584823658626,ANO,"Jsou v pohodě, jako já. Moc ji neprožíváme a bereme to s přehledem."
387,-0.5336390690003399,0.5931872945101835,ODS,Na stejném bodě a trpěj za tuhle vládu 
388,0.09567423827148835,0.755834013351788,Unknown,Netusim nevim neznam asi nechapu
389,0.125083436787068,0.45989240394850467,ANO,Jako uvědomělé lidi kteří chápou dnešní dobu
390,-0.36702600182417094,-0.6547377510718215,Unknown,takove neznam ale myslim ze maji stejny nazor
391,-0.010408925719234565,0.37874863909739526,ANO,"Pracující poctivý lidé, kteří nic nedostali zadarmo. Jsou zvyklí pracovat a nemají možnost ovlivnit tok dění, prostě na to není čas. Nejvíce takoví lidé postrádají pomoc od státu a nespravedlnost ve financování např. UA a podpory války."
392,0.18601122569025416,-0.32777568400978646,Pirati,"Jsou pro ně důležité problémy týkající se menšin, ačkoliv do nich sami nepatří. Jsou tolerantní vůči jiným názorům, ale ne vůči nenávisti. Mají morální zásady a neupřeli by někomu práva výměnou za pětistovku k důchodu."
393,-0.2366525680622157,-0.4252441690942919,STAN,"Miléniálové s cynickým až nihilistickým pohledem na svět, jejichž ideologické představy byly již dávno zprzněny krutou realitou života, politiky a společnosti. Stále si zachovávají jistou míru ideálů, ale už dávno je přestaly veřejně a aktivně prosazovat, jelikož přestali mít pocit, že to má nějaký smysl. Stále by rádi volili srdcem, ideálně v konsensu s myslí, ale společenských diskurz a neexistence umírněné debaty o řešení problémů je zjevně méně důležité, než získávání levných politických bodů vymezováním se proti jiným skupinám ať už tak nebo onak.
Upřímně nejsem zrovna ideální modelový příklad, ale možná taky jo.
Nás můžů bez smyslu života je prej v posledních letech čím dál tím víc a možná kdybych nebyl cynik a nevěřil v populistické kecy a jednoduchá rychlá řešení, tak bych volil to, co mě teď tak odpuzuje, žel, není tomu tak."
394,0.2742664939087428,0.24954653245713465,ANO,lidé sou férové na nic si nehraje 
395,-0.5029164156188917,-0.1843775351394586,KSCM,"Normální lidi, kteří přemýšlejí o životě a nedají na současnou propagandu a honbu na minulý režim, démonizování komunistů atd. "
396,0.2725695998525764,-0.12443690256754093,ANO,Jejich polický názor nic neříká o tom jací jsou.
397,-0.6195238959188585,0.11108669268979143,ANO,"Vědí co chtějí, dá se s nimi diskutovat na úrovni, nevěnují druhým svůj názor "
398,0.21044859812821523,0.4446469735654545,Unknown,"Většinou jde o řadové zaměstnance. Lidi, kteří si dovedou vážit práce druhých. Mají smysl pro rodinu, přátelství atd. .."
399,0.6371247066871469,-0.41590693558114317,ODS,"Vyšší vzdělání, vyšší příjem, dobré zaměstnání, vlastní bydlení "
400,-0.3116553522250767,0.6918149302282084,KDU-CSL,"Zaměření na vzdělání, rodinu a kvalitu života. Řeší bydlení."
401,0.011266081421209087,0.6306175678287522,Unknown,"Každý má svůj názor. Jsem ráda, že je víc lidí v tomto směru jako já "
402,-0.4161816125026832,0.032560241985816085,ODS,jsou to normální lidi s průměrným příjmem
403,-0.2995646925550989,0.07182302795725883,Pirati,"jsou to lidi více asertivní, kteří se nedají jen tak zmanipulovat a ví co je správně pro tento stát, hlavně ekonomiku a demokracii."
404,-0.04063522827441033,0.2774979976806517,ANO,"Zcela normální lidé, kteří mají na politiku stejný názor jako já."
405,0.24835082463705138,0.3396385530015295,TOP09,Tito lidé jsou mi blízcí.
406,0.4721304263404643,-0.12751026790251085,ODS,"Pro tyto lidi neni politika nejdulezitejsi prioritou - soucasny system neumoznuje, aby to, co politici slibi pred volbami, mohli opravdu splnit. Vadi jim obcas naprosto zbytecne a urazlive politicke debaty. Jsou to pomerne konzervativni lide s presne danym rezimem, ze ktereho obcas vystoupi. Byli vychovani pomerne zkratka a vedi, ze si nemuzou vsechno dovolit. Snazi se pomahat ostatnim."
407,-0.43852314263828324,0.020615869188252603,Other,"Jsou normální, reálně vnímají dění kolem sebe a jsou schopni na to adekvátně reagovat"
408,-0.41508027175741763,0.21728952183522265,Pirati,Jsou to lidé progresivní a otevření. Uznávají právo LGBT komunity na manželství a plnohodnotný rodinný život.
409,0.5562558607825991,0.4939587129581296,ANO,"Pragmaticky smýšlející člověk, jde dál a myslí dopředu"
410,-0.06385826429040325,-0.7372740317263571,SPD,Super nápad. Super lidi do politiky.
411,-0.6892532983889749,-0.3880411452207253,Unknown,"Otevření, milý, vnímavý a neodsuzuji"
412,0.3420641816316314,0.691584125418956,Unknown,Nasraný člověk na celou vladu
413,-0.7325746120585833,-0.14065116368523387,STAN,Většinou inteligentní lidí dobre zaopatření 
414,-0.6653939124444623,-0.309723529692341,KSCM,Dokáží přemýšlet nad politickými věcmi a nenechají se nachytat a nalákat lžím které říkají v televizí nebo politické strany 
415,0.5978809283103712,0.5076718377990808,STAN,"Vzdělaní, méně dětí, ekonomicky zdatní "
416,-0.32217982189437966,-0.6871815331295591,Unknown,"nezajímám se o politiku, "
417,0.34590130514124395,0.07499662684135143,ANO,"Především starší lidé, kteří předrevoluční dobu zažili na vlastní kůži a ví o ní své. Neovlivnění tendenčními názory jedinců, kteří stále mluví o prohřešcích 50. let, tehdejší nesvobodě, plotech na hranicích /mimochodem nyní se staví znovu a v daleko vyšší míře/, zlatém kapitalizmu atd."
418,0.12856906298862625,0.6678481914920742,Unknown,"Absolutně je nezajímá, kteří idioti nám budou vládnout"
419,-0.5439311664843223,0.5645650043753149,KSCM,"Solidární, nezkorumpovaní, znalí, agilní, vstřícní, ochotni diskutovat, pravdivě argumentovat."
420,-0.3514316037703882,0.6375214792693813,ANO,maji radi svuj život a politiku
421,-0.42903912033329733,0.663738522178603,ODS,vzdělaní a znalí lídé. mmmm
422,-0.7497580796071799,-0.22695506819810832,Other,normálně uvažující jedinci které nelze opít předvolebními sliby
423,0.15432521691099185,0.6619298077522714,Unknown,"Zlatý střed, který smýšlí jako střední třída a která chce normální život."
424,0.3304105311681357,0.2350012731033303,ANO,"Z politických stran si není možné vybrat, hlásají, co chtějí lidé slyšet, ale jakmile jsou zvoleni, na vše zapomenou a jdou cestu k získání prospěchu pro sebe. Volím cestu, menšího zla a volila bych ANO."
425,-0.32900213159206065,0.7219819300936098,Pirati,"Podobne vnimani situace, podobna minulost, zajimave, narodnodst"
426,0.294763324876375,-0.2701696795030713,ANO,Lidé ze stejné sociální bubliny...
427,0.1075711215985473,0.21489328377720293,ANO,"Důchodci ,lidé,kteří pracují a mají podprůměrný plat"
428,0.030304830611652206,0.7397949308908833,KSCM,"levicově zaměření, mají sociální cítění."
429,-0.6727650759907339,0.13288030621864985,Unknown,"nevím 
myslí si, že piluticibjsou jedna verbež"
430,0.13528456617046328,0.770020750572277,KSCM,stejná krevní skupina se stejnými názory
431,-0.5246653453525687,0.27046380133200437,ANO,"Pozitivně myslící lidé,kteří jdou za za svými myšlenky a činy. Stojí si pevně za svými představami a řídí se jimi. "
432,-0.38116733756564647,-0.5870136792873697,Unknown,"Neutrální, nezajímají se o politiku ani o problémy jiných lidí "
433,-0.0399756137531717,-0.7527920458824519,Unknown,Nevim kdo je nejvice pdodbny 
434,-0.6909712130918809,0.38768409865889775,ODS,Je to moje krevní skupina a rozumíme si
435,-0.7549596561719564,-0.045250300540459996,ODS,"Je to stejné,jako u předchozí otázky,nelze říci na první dobrou ten je takový a ten makový."
436,0.7651676782864968,-0.055335462383137565,SPD,S takovimi lidmi si více rozumím 
437,0.5897551281614671,-0.5287186369379959,Pirati,Městské vzdělané obyvatelstvo jež se aspoň trochu orientuje v základních politických bodech a otázkách 
438,0.6842252855036675,-0.16277937544498583,ANO,Snaží se řešit problémy a vnímají vse co se děje okolo nich 
439,-0.5895983090406817,-0.4897669634921084,ANO,Nevim  sto lidí sto nazoru
440,-0.019778903769292755,0.5956868016654298,ANO,Sympatický lidi mají rádi kdys jse snimy rovná na rovinu a nemají rádi jenom sliby
441,-0.07493999127212288,0.15163185003867222,ANO,"Jsou to lidé kteří se živí poctivou prací, nemají lehký život "
442,0.44672744238214795,0.18759719985464887,ANO,"Neřeším ostatní lidi,ale jsem ráda,že mají stejný názor "
443,-0.2957840998659352,0.5170300857902581,ANO,"Lidé,co věří,že bude líp a že se na to najdou peníze.Lidé co věří,že začnou vládnout odborníci."
444,0.6321596880593471,0.37040627330092224,KSCM,"asi neexistuje jedna šablona stanovující ""tyto lidi"""
445,-0.46310671253209246,0.6327608594167334,KSCM,nevim nemuzu posoudit kazdy je jiiny
446,-0.33082160429486257,-0.5831233020247298,ANO,Neni jim jedno co se deje s nasi spolecnosti nejsou mi jedno duchodci a to jak je ted ozebracuji po tom vsem co pro nas vsechny delaly a udelaly
447,0.178422335234828,0.389792721385494,SPD,"Vlastenci,lidé kteří nechtějí zaprodat svou zem a být ve vlastní zemi otroky."
449,0.06487973178461091,0.20407906134396936,ANO,"To jsou lidé, kteří chtějí spravedlivé zacházení ve všech oblastech."
450,0.41905567223731294,0.38066595212394727,ANO,"Lidé střední třídy,kteří se bojí budoucnosti"
451,0.6583783264997922,0.1586044446074651,Unknown,Dnešní politika je úplně mimo nezáleží ji na nás a hrabou jen pro sebe a řeší Ukrajinu 
452,0.49298151173748417,-0.6031584950004479,SPD,Umí rozlišovat mezi dobrými úvahy a skutky a negativními.
453,-0.005567155964237877,0.11694729235298015,Unknown,"Jsou to lidé, kteří mají reálnou představu o životě."
454,-0.21297968128533856,0.4911423890406459,KSCM,lide kteri vnimaji politickou situaci stejne jako ja jsou lide kteri jsou mi sice blize nez opacna strana lidi ale ani druhou stranu neberu kriticky kazdy ma pravo na svuj nazor
455,0.39327591452505267,0.5123599224224851,KSCM,pracuji pro lidi a stat!!!!!!!!!!!!!!!!!!!!!!
456,0.2772380289607044,0.12510887981765006,KSCM,"Ti lidé, kteří umí vyslechnout názor voličů jiné politické strany. Kteří umí opačný názor vysvětlit, proč je důležitá změna a z jakého důvodu, "
457,0.6653277538808442,-0.41534654501487045,SPD,"hodně pamatují, prožily zlé i dobré"
458,0.5141823119283152,-0.3707585552265744,STAN,"Nevím, o politiku se moc nezajímají, ale ví, že vláda komunistů bylo to nejhorší, co nás potkalo."
459,0.23953971350762984,-0.45254617672452946,ANO,"jsou starší něco zažili narodii se o něco dříve než 1989 a pamatují si že v ČR bylo zdravotnictví,léky, školy zdarma, stát pomáhal a staral se o vše - chudým,nemocným,starým,invalidním, všichni museli pracovat jinak šli do basy, dáky se nerozdávali jako dnes , uprchlíci tu nebyli,nebylo tolik kriminality, lidi více tahli k sobě ,byli vstřícní,ohleduplní,laskavý,milý,ochotný,pomáhali nezištně- dnes je vše pravý opak "
460,0.15256648377997298,0.1388327006032932,ANO,Lidé s vysokým morálním kreditem.
461,0.015993163504477943,0.5096218055294328,ANO,To jsou normální lidi. nejsou to kariéristé a mají sociální cítění
462,0.6021731388020035,0.46654788254945345,Unknown,Politika je svinstvo a nikdo nic nezmění 
463,-0.45575055610240633,0.07824562044283222,ANO,Takoví lidé by měli pochopit život jak je v dnešní době pro všechny těžký a měli by zvýší důchody minimálně na 500 korun a nedávat to na 360 nebo 320 jen zvýšení. Pro všechny je to tak málo že to v dnešní běžné době nevystaci ano na jídlo než tak na běžné životní potřeby běžného člověka a ti co jdou ve vládě tak by se měli nad sebou zamyslet že zvýšení platu není tak akutně velké ze to nemusí ani byt
464,0.635927818083106,0.267208266243921,ANO,jsou zodpovední ke svemu statu i životu
465,0.13817618205273044,0.5654790892801479,SPD,Normální lidi co mají mozek 
466,-0.5982306252482504,0.27468422403834536,ANO,mají o dění přehled a nevnucují tlekem své názory jiným
467,-0.4435271450166085,-0.418119537427189,ANO,Vnímají názory stejně jako ja
469,0.31631837621430514,-0.716886489219777,Unknown,Každý volí dle svého uvážení 
470,0.5420028615116418,0.16510809859050068,SPD,"Vlastenco, ČR mají na první místě. Chtějí referendum o vystoupení z NATO a EU, protože ten projekt nás jen ničí. Diplomacii uznávají celosvětovou, nikoliv jen prozápadní. Vidí očima spravedlivého sociálního smíru, tak aby se všem dařilo dobře a nikdo nestrádal."
471,0.5262323074112348,-0.139828932106312,Unknown,"Nejsou konfliktní, dokáží problém vyřešit a jsou ústupní"
472,0.37188635250971463,-0.11980912150348531,ANO,Takový lidé jsou mi velice sympatičtí.
473,0.06631611182089005,-0.7181453179474072,ANO,Nevím  o politiku se nezajímám 
474,-0.5594870585266962,0.3043811540592085,ANO,mají stejné smýšlení jako já
475,0.3763755277967435,0.22474166666628198,Other,obyčejní lidé jsou mezi nimi špatní i dobří
476,0.2613687659559717,-0.5822155741690437,Other,"všechno  co  se  zdraží pro lidi,  ať už  služby,  potraviny, daně  bez protestů musím  platit ať se mi líbí  či nelíbí  tento  špatně zavedený systém"
477,0.011014202341164285,0.037151979513713726,Unknown,"Jsou to lidé, kteří jsou podobného ražení jako já"
478,-0.31993598423516856,-0.2587774521588487,KSCM,"LIDÉ MÉHO RAŽENÍ JSOU VLASTENCI,LIDÉ SE ZKUŠENOSTMI.MY NECHCEME UBLIŽOVAT JINÝM POKUD NEUBLIŽUJÍ NÁM.MÁME SMYSL PRO RODINU A PROTO MÁME RÁDI SVÉ DĚTI A ABY MOHLI ŽÍT PŘEJEME SI MÍR. MÁME RÁDI TUTO PLANETU!"
479,0.6826040573561664,0.24740099707590615,ANO,nevím nerozumím tomu a nechci odpovídat
480,-0.5958040799842932,-0.009801724179213905,ANO,"Lidé, které politika moc nezajímá a moc jí nezajímá."
481,-0.07992802887388382,0.41290684967636965,Unknown,Normální český lidé kteří žijí normální život.
482,0.7105728273560172,-0.05480113902263626,ANO,"Lidé s nízkými příjmy , prodavačky , důchodci , invalidní důchodci."
483,-0.13290037766468132,0.5627394648256456,ANO,"Normální, obyčejní a čestní lidé."
484,0.40919103893407194,0.4456395786007729,ODS,Jsou na tom finančně velmi špatně. vládá nepomáhá
485,0.5593132763978478,0.28037642620205305,Other,Mají přehled a nedají se oblbnout. Mají svůj vlastní rozum a přehled....
486,0.07311171667440224,0.4565097695981329,ANO,"Voliči kteří něco v životě dokázali a nepotřebují rady,, politiků "" kteří jsou ještě horší nežli oni. "
487,0.3943155402320731,-0.41737710643493436,SPD,"Jsou mi sympatičtí, rozumíme si."
488,-0.3080535789451663,0.11488841421127494,SPD,Rozumné lidi kteří nemyslí jenom na sebe jako Fiala a jeho banda v politice
489,-0.4252880187698177,0.4796000229823813,KSCM,"Myslíme na téměř všechny lidi aby se měli dobře.Je zbytečné,aby měl někdo zbytečně hodně,když ani neví kolik toho má na úkor pracujících."
490,-0.3828225560352032,-0.7025110739584617,Unknown,zrovna mě žádná slova nenapadají
491,0.7866412042945077,-0.125597229500011,ANO,na společné vlně porozumění
492,0.7493330739152816,0.00532283568179495,SPD,no kdyz maji stejny nazor tak si pokecame bez dohadu
493,-0.7146496243767332,-0.07491788066294458,ANO,"Pokud když budou u moc mi bude stačit,že splní to co slibovali."
494,-0.3173743434747666,-0.008720264351951985,ANO,"Jako lidé, kteří jsou starší, něco už zažili, prožili éru komunismu, kde byl život klidný, nebylo
tolik feťáků, bezdomovců a kdo pracoval, měl dá se říci vše potřebné pro spokojený život až do důchodu. A nyní je vše úplně obrácený život než tehdy..."
495,0.5015426565304565,0.4926884958745107,KDU-CSL,"Lidi, kteri neslysi na populisticke reci. Veri, ze budoucnost se nevyresi sama, musime se starat uz ted, kam sd budeme vyvijet. Vztahy s komunistickymi a autoritativnimi staty jako je cina a rusko nejsou mozne "
496,0.7386035968300841,-0.10841211067472326,KSCM,"Záleží jim na spokojenosti většiny občanů. Jde jim o světový mír, spravedlnost a rovnoprávnost."
497,-0.2387351118084601,-0.6834108047201028,Unknown,Asi se taky moc o politiku nezajímají 
498,-0.3534191954412598,0.3701181534677621,Unknown,Jsou neutrální mají svůj názor za kterým si stojí
499,-0.5281111235962861,-0.05102609610315328,STAN,"Takoví lidé se chtějí mít dobře, ale politiku moc neřeší, protože jí vlastně moc nerozumí. "
500,0.34241951087288397,-0.6799605567296259,ANO,Nevím Nevím Nevím Nevím!!!!
501,-0.4203255061385299,-0.5581289728583513,ANO,Nevim jak bych tyto lidi popsal
502,-0.4739261752793633,0.3487349462823027,Pirati,"netuším, jak je popsat, protože takoví lidé mě nenapadají"
503,-0.6387050157395884,0.2879605658521189,Unknown,Neřeším. Každý má svůj názor
504,0.6574052237844586,0.0262621877925634,Unknown,"Měli by mít sociální cítění, považovat si svobodu (slova, možnosti se v životě uplatnit, cestovat, vážit si toho, že nejsou perzekuovaní jako před r.89"
505,-0.06104145692675506,-0.7947420534472841,ANO,řešení ekonomiky a migrace
506,-0.19744983140266134,0.6250528062222424,SPD,Úplně normálně uvažující lidé
507,0.5364149594477605,0.5382014851448299,ANO,Normální obyčejný člověk s nízkými financemi
508,-0.1938917013116938,-0.6718290841675891,KSCM,Nemám názor jelikož nedělají nic
509,-0.7160665777637296,0.0702715958474466,ANO,rozumný a ví co chtějí nechtějí se podrobit západu a hlavně usa a rozhodovat sami o stabilizaci naší republiky bylí jsme špička ve světě a dnes nás spolkly různé korporace a všechny získy těchto firem jdou mimo naší republiku je toHAMBA
510,-0.0017226334055710866,0.2822065697279166,Unknown,Spokojený radostný lidé Kteří se radují že života
511,0.6162516011955083,-0.5142197014594927,ANO,opatrnějši zdrženlivý pesimistický  nedůvěřivý
512,-0.3496036867940579,-0.6667258353505257,ANO,"Stejné zájmy,poměry, vzdělání pohled na svět "
513,0.22101326342536953,0.12788357390630367,SPD,"Lidé kteří mají stejný názor jako já. Neznamená to, že bych je měla radši."
514,-0.18062733285149976,-0.1654611672743408,Other,"naprosto obyčejní lidi, kteří chápají jak je život složitý, že to bez peněz nejde, ale zároveň nejsou peníze všechno. Chtěli bychom mít více volného času na své děti, koníčky, mít možnost jet na dovolenou, vybavit si dům tak jak skutečně potřebujeme, ale bohužel.... Jsou to lidi, kteří nepohrdají ostatními lidmi, tím, když mají lidi více dětí, jezdí ve starších autech, nenosí značkové oblečení. "
515,-0.5602788557783316,-0.30095731660198155,SPD,"Když nemusím,tak se o politiku nezajímám,mám svých starostí dost,tak tím pádem mě lidi okolo ni neberou.."
516,0.7598308292635909,0.1041903774427335,Unknown,kazdy ma svuj nazor jestli pujde volit nebo ne
517,-0.5966867843391834,0.4987106735847322,ANO,"Stejné cíle, zájmy, stojí za svým nazirem"
519,0.37321032824527506,-0.6472804735448705,ANO,nevím nemám co popsat o podobnosti
520,0.6744871671338111,0.4180995210082071,ANO,S takovými mohu diskutovat o problematice 
521,-0.5962151801819191,0.45499593478535655,Unknown,"Věkové mladší (18-35), queer, studující, z větších měst, vzdělání nebo studující "
522,0.6680562005816824,-0.38841165837078245,Other,"Uspěšní, spokojení, rozumní, "
523,-0.7535477991860593,-0.28473088838343114,Unknown,konzervativni narozené na přelomu 1990
524,0.6792521051982172,-0.41781249868443465,Unknown,absolutně netuším co napsat
525,0.06241161941348786,0.7254323021550431,Unknown,Rozum na správném místě  mají otevřené oči 
526,-0.4791716061383832,-0.5922648957862521,ANO,Nevím neznám nikoho takového 
527,-0.33714538832840873,0.45409434507896007,ODS,Jsou na jedné vlně jako já.Mají stejný nebo podobný názor.
528,-0.13923740478533123,0.418427714251609,STAN,"Jsou to lidé, se kterými dokážu mluvit"
529,-0.07239082632213947,-0.7687219017955269,SPD,"nevím nedokážu posoudit,celkově ."
530,0.5084037904073002,-0.21643398046134427,Unknown,Lidi bez zájmu o politiku
531,0.07541783020752518,-0.3130296070004203,Unknown,"Nevím mám rád lidi kteří jsou realisti,jsou v pohodě a nad věcí. Politika je jaká je a drtivou většinu toho my stejně nezměníme."
532,-0.20146249645441958,-0.700754552313732,Unknown,"o politiku se nijak zvlášť nezajímám, unavuje mě"
533,0.46214306169085173,-0.539773591436064,STAN,zaměstnanci střední třída
534,-0.7105431931346182,0.19072758616133936,ANO,není jim lhostejná situace naší země
535,0.13304906710259903,0.604939588782307,ANO,"Nebudu je dělit na třídy, ale v širokém spektru oa těch nejchudších i po dost majetné, vládne názor, že současná politika a politici, dostali zemi do vážných ekonomických i bezpečnostních problémů. Veškerá opatření, která příjmají jsou asociální, rozpadá se průmysl, nejen vinou greendealu, ale i nekompetentními rozhodnutími v ekonomické otázce. Papouškování příkazů z Bruselu a USA, příjmání sporných rozhodnutí z Bruselu, která nemají opodstatnění.prostě názor lidí je, že tato vláda vede zemi k bankrotu"
536,-0.04639287291839909,0.10095868800698539,ANO,Jsou to lidé kteří souhlasí s našimi názory.
537,-0.2167467712984468,-0.3405762553670089,ANO,"Pracující člověk od 18 let, starající se celý život poctivě o svou rodinu. Když bylo potřeba tak pracoval i přesčasy. Nikdy nic neukradl a snažil se žít co nejpoctivěji. A když začal mír problémy se zdravím, tak kdyby neměl známé, jistě by už dnes byl ochrnutý. Tak se k němu chovali doktoři, jak praktičtí tak specialisté.Dnes už tři roky čekám na potvrzení invalidního důchodu č.1 a rok mám již nárok na invalidní důchod č.3.ČSSZ na mě sere, každý měsíc volám na úřad kdy mi konečně pošlou peníze, které mi náleží a nikdo mi nic konkrétního neřekne. Od letošního března pobírám prozatímní důchod 9 700,-Tak myslíte že by se mi toto mohlo stát před rokem 1989?Odpovim Vám sama, nemohlo. Tehdy vláda na svoje lidi nekašlala. Možná kdybych byla Ukrajinka tak by se nás stát o mě postaral lépe. Dnes se tu mají dobře pouze zloději a vláda pana Fialy a nejhoršího prezidenta všech dob Petra Pavla.Uz nevědí, kde by nás okradli.Ale věřím že když vyhraje pan Trump v Americe volby , půjde to i u nás k lepšímu a konečně se u nás udělá pořádek hlavně nahoře.Protože kažé hovno padá dolů."
538,0.5670577819258531,0.5387535768088296,ANO,každý svého strůjce štěstí
539,0.26894443280100017,-0.7287462257247131,ANO,"
 stejný level, ochotní komunikace s ostatními"
540,0.4859346379506201,-0.5802828751185142,ANO,"Neumím to popsat,protože se o politice nebavím mimo manžela"
541,0.7810430094607757,-0.10024793408778332,ANO,"To záleží na okolnostech ,jinak neví"
542,-0.06677063071486275,0.048731920915273064,Pirati,Jsou to lidé vnímaví citlivý velice empatičtí jsou to lidé pokorní kteří politiku sledují a politiky hlídají
543,0.5690037808641212,0.020636689598259025,Unknown,"Takové lidi neznám, protože s ostatními politiku neřeším. "
544,-0.4826002492421141,-0.5454001931195527,ANO,Lidi z běžného života co žijí skromně a rozumně
545,0.41470012240077364,-0.3197758182323896,ANO,Sympatizanti a objektivní lidé.
546,0.04105496204723283,-0.694798750824771,SPD,"Nevím,o politiku se vůbec nezajimam "
547,-0.06541381151735791,0.6187361567968976,Unknown,"rozumně myslící,lidé co chtějí spravedlnost pro všechny občany ČR"
548,0.031847064546932244,-0.2918712547553355,ANO,"Mají stejné názory, nemají asi hodně peněz navíc, aby jezdili 3x do roka do zahraničí i když samozdřejmě jsou i tací, kteří peněz mají dostatek. Je to jen o názorech, které mame stejné a tím pádem by jsme si i rozuměli. Ale i s takovýma lidma bych se na téma politika, nepouštěla"
549,0.5087551922994827,0.6184619417323185,ANO,nejlepší politik adrea babiš 
550,0.6470505783850117,-0.23598598632206033,ANO,"Flegmatici,bez zájmu o politiku. Apolitická"
552,0.6688155127197289,-0.42504131107434967,Unknown,"Někdo, s kým si pravděpodobně rád popovídám"
554,0.5748981524152752,-0.26441979162324925,ANO,jsou rozumní a myslí na dobro všech
555,0.17363078273958785,-0.1959431199479716,ANO,"Lidé co mají rozum a nevolit takové k,****y jako jsou ve vládě teď. "
556,-0.5802888144995526,-0.5227171012972567,ANO,nevim co napsat k tematu..
557,-0.565059179093296,0.01584708018958484,STAN,"Mají rádi svobodu a respektování jiných lidí, společností a názorů. Jsou ochotni hlůedat kompromis s jinými lidmi. "
558,-0.6981664375582917,0.3223688191525482,STAN,nevim nadokazu posoudit nekoho kdo muze me byt podobny
559,-0.1349372789738369,0.24913345868232312,STAN,Jsou to obyčejní lidé kteří nevyhledávají konflikty mají rádi i ostatní spoluobčany kteří se řídí selský rozumem a a nechtějí násilí ani válku !
560,0.13389609005722164,0.1702229487408906,ANO,"Tom jsou lidé kteří se musimoganet aby vyšli s příjmy které mají,zdravotni péče jde taky s prominutím do háje 😒a mladší generace mají co dělat aby vu by ex utáhli výchovu dětí bydlení a vzdělání a to nezmiňují samozivitelky které nemají možnost ranních dne aby mohli skloubit děti a práci.politici si přidávají na platech.👿a mladí.diky ním nemají malém ani na živo by yti"
561,0.6608044524014669,0.34387426273149535,TOP09,Nechtějí aby jim všechno někdo strkal až pod nos. Nejde je snadno opít rohlíkem. Váží si svobody.
562,0.32710051053906586,-0.2169994583873699,TOP09,"Jsou to ti kteří nezapomněli vlastní historii, rodiny, příbuzných a vlastního státu (zemně), umí rozeznat příčiny občanských jevů a zároveň jejich důsledky. Dále vyznavači demokratické společnosti a křesťanských hodnot (desatera). Kteří odolali v době totalitní lákání (přemlouvání) ke vstupovaní do strany KSČ. Zvlášť sympatičtí  jsou  ti kteří v době totality odmítli platit „dobrovolnou“ známku solidarity organizovanou odboráři tj. ROH ve svém zaměstnání. (pro neznalce - je to známka vlepovaná do členského průkazu ROH, výtěžek měl být použit na podporu zahraničních odborářů mimo RVHP. Nikdy jsem se nedozvěděl kolik peněz bylo vybráno a na co byly tyto peníze použity. Přestal jsem to platit v době pádu letadla nad městem LOCRBÍ v Anglii. A nebyl jsem sám. "
563,0.08690858500376579,-0.5947713186154557,KSCM,"Myslím si že takovým lidem záleží na české republice a že jim vadí korupce a rozkrádání našeho majetku i když už ho moc nezbylo. Vadí jim nadvláda Ukrajinců u nás doma, jejich protěžování a to že se na naše lidi kašle"
564,-0.278259801562105,0.7208646601243988,Unknown,i kdyz vyhraje naka strana nic se nezmeni
565,-0.6786613682933066,0.3585454624946335,ANO,"Vyměníme si názory a budeme si rozumět, sjednotime rozhovor "
566,-0.25647613377084816,-0.1297044489164618,ANO,Jsou to lidi kteří ví o čem je život a kdo je pro lidi
567,-0.08409421870845736,-0.6095457586415294,Pirati,"Lidé s podobným pohledem na politiku a společenské problémy bývají otevření změnám a podporují rovnost a svobodu jednotlivce, zároveň ale kladou důraz na zodpovědnost a konstruktivní diskuzi"
568,0.1699617051792718,0.07127974908463332,ANO,"Jsou to lidé, kteří mají stejný názor jako já. Nemám k nim žádný výhrady. Každý volí sám za sebe. Určitě se s nimi lépe spolupracuje. "
569,0.5337032943466747,0.4360186827478162,Other,"Sere je, že všichni ti kokoti co rozhodují o obyčejných lidech, o tom kolik budou mít peněz, jestli budou mít vlastní bydlení a tak dále, maj jenom plnou držku líbivých keců a po volbách se na ty obyčejný lidi z vysoka vyserou!"
570,-0.05280731504401267,-0.49069826903517755,ANO,JSOU TO MOJI NEJLEPŠI KAMARADI
571,-0.6254524870082285,0.2749080812460318,SPD,"podobní jako já, stejné názory"
572,-0.6372014958850806,-0.4908357077134762,ANO,"klidni ,zkuseni ,tolerantni"
573,0.20769611453284495,0.26150435450990317,ANO,Lidé kteří chtějí aby už se konečně něco zlepšilo k lepšímu aby bylo viditelné a hmatatelné že tento stát pro lidi něco opravdu dělá
574,0.6654013791339528,-0.03843471421310419,STAN,"Kapitalisté, co se o sebe dokážou postarat bez pomoci státu ( nebo minimální pomocí). Co chápou, že když se přidají peníze nějaké skupině obyvatelstva, tak budou jinde chybět. Co nechtějí navyšovat státní dluh."
575,-0.7172745824570214,0.30235783927249127,ANO,"Pravicově založení realisté. Pragmatičtí, kterým jde o udržení ČR v ekonomické způsobilosti."
576,0.6956471453525052,-0.02606687735998772,ANO,"Pracující ponejvíce pracující fyzicky za podprůměrný plat, kteří se snaźí finančně zajistit rodinu."
577,0.04219272646478373,0.33127995121499193,Unknown,"Jde o lidi, kterým je politika proti mysli stejně jako mě. Politici mi připadají jako loutky, které jsou pro peníze schopni prodat i své dítě i přesto, že když do politiky vstupovali byly jejich názory opačné. "
578,-0.6893399238432524,0.15585398310005463,SPD,"Jsou vystresovaní ze špatné politické situace. Vnímají morálku národa a mezi lidské vztahy za velmi zhoršené. Odchody do důchodu v nedohlednu. Důchodová reforma (zoufalství)........ 
"
579,0.5849998316363424,0.02900917331208887,Other,všechny lidé  kteři se bavi politikou 
580,0.7153277527537745,0.239890378087903,ANO,nechci nic popisovat ani mne to nezajima
581,-0.5171570447691919,-0.3800975195898591,Unknown,"O politiku se nějak hlouběji nezajímám. Nikdy jsem nebyl volit, protože mi přijde, že ať je tam kdokoliv, tak je to neustále stejné. Skoro na každého se již objevila nějaká aféra a politikům se všeobecně nedá moc věřit. Viz Babiš, který prohlásil před pár lety, že když nevyhraje volby, tak v politice končí. A je tam stále. Také prohlásil, že nikdy nebude kandidovat na prezidenta...
Jediný politik, kterého mám rád, je náš hejtman Kuba."
582,0.19997534727587854,-0.4750102854486972,Unknown,"Jsou vstřícní a ochotní o daném problému komunikovat, jsou tolerantní, jednají s rozvahou"
583,0.654013593086829,0.432318028571589,ANO,"používat svoji hlavu v názorech a postojích ve všem, raději vyjádřit řešení či postoj až druhý den, neřešit otázku zbrkle"
584,0.16099493900362558,-0.5000738950806215,ANO,"Nevím. Neřeším takové věci, nedokáží lidi škatulkovat a popsat. Jsou to jednotlivci"
585,0.4250103061518858,-0.4327465496511364,Unknown,"Lidé s podobnou společenským postavením, přátelští "
586,-0.7813654522187421,-0.10597530891762097,Other,Mladí konzervativci co nepodporují extra progresivní věci 
587,-0.10412964630733723,-0.7710102682801918,STAN,Nijak nechci odpovidat......
588,-0.7999534580304382,0.06070764348758458,Unknown,"smirlivi, uvedomneli, nezmanipulovany, optimisticti"
589,0.0347301870371139,-0.7840253021401766,Unknown,Nevim neumím si nikoho vybavit
590,0.4617070713220786,0.3956313251283588,ANO,většina má selsky rozum. nenechají se tak jednoduše zmanipulovat mají vlastní názor 
591,0.03189317561757756,-0.762915972420057,ANO,"STŘEDNÍ VRSTVA
MÍR, KLID
"
592,-0.3457517212980978,0.127121429647873,SPD,Lidé kteří pracují na plný úvazek a dělají skoro za minimální mzdy 
593,-0.07421118027518378,-0.7043728966295795,ANO,"Upřímní, citlivý, nemyali jen na sebe "
594,-0.32804393842757734,-0.5280463432151,ODS,Většinou to jsou realisti
595,0.0521234930629777,0.359177261935283,ANO,"normální běžní lidé ,kteří chtějí žít normálně"
596,-0.4768000679221317,0.5882201445114844,ODS,"Hodnoty a smysl pro spravedlnost, ekonomické povědomí"
597,0.5921210035395983,0.12819148930371346,ANO,neznám takové lidi a nedělal bych v politice
598,0.45755175349033333,-0.4571722339358617,Unknown,"Zcela v pořádku, více nedokážu odpovědět, jelikož to jak někdo vnímá politiku pro mě není podstatné."
599,-0.44116181881944233,0.6428089621975223,KSCM,používají selský rozum a ne naučené fráze okopírované z našich medií
600,-0.6087666646555584,0.38382541413324306,ANO,"mám svůj názor a jsem o něm přesvědčený, nikomu ho nevnucuji, pouze občas poukážu na kladné věci"
601,0.740815138266618,0.23310411261858804,ODS,Tolerantní pohodový s touhou se neustále vzdělávat a mít radost ze života 
602,-0.3612001570122087,0.6941744461996938,STAN,"Nekonfliktni, naslouchajici a pouzivajici selsky rozum. "
603,0.39601690489894975,-0.10486498062731678,SPD,"Myslím si, že tito lidé jsou ze skromnějších poměrů, pracují  v těžkých povoláních a žijících od výplaty k výplatě. Tito lidé se chtějí mít lépe a proto volí SPD."
604,0.7018058598442093,0.2805943251004518,Pirati,"Radujeme u se u stejných zpráv na internetu, dokážeme se rozčílit z rasistických keců, nebo urážek gayů a leseb. V pohodě probíráme politická témata a souzníme. Odmítáme poslouchat řeči o skvělém Putinovi a Číně, o špatné EU a NATO, nechápeme, jak někdo teskní po časech za totáče."
605,-0.31006749379131937,0.4413045773342251,Unknown,Nijak je nevnímám ale jsou mi sympatičtí
606,-0.09906947694128167,-0.5128057903713136,ANO,"Tito lidé vnímají politiku v mezích , jinak to nejde ."
607,-0.5424948240631416,-0.5696195575446688,SPD,"pohodový, chytří, pracovití"
608,0.27776543738707304,-0.49490469557173755,ANO,"Nevím, nemůžu mluvit za ostatní.Az budou všichni  pracující lidi na urovnichudoby tak pochopí že tak se nedá žít.za poctivou práci a odvody státu, nemají ani na léky "
609,0.24293204990569908,0.004605102941273986,Other,"Jsou liberálně, levicově zaměření. Myslí na klimatickou krizi a jak ji zastavit. Myslí na práva všech znevýhodněných lidí (jako jsou lidé jiné rasy, LGBTQ+, fyzicky či mentálně postižení lidé atd.). Bojují za práva žen. Podporují městskou hromadnou dopravu, nikoly auta na spalovací motory. Jde jim o světový mír, nikoli ego. Jsou proti privatizaci."
610,-0.7176435386523485,-0.18563220587652035,ANO,Nebavim se s lidmi o politice a je mi jedno jakou stranu kdo protezuje
611,-0.60277775493349,0.20999413026131694,ANO,Vidí sami jak se věci mají a nemusím je o ničem přesvedčovat
612,-0.737306702202137,0.28721048319864206,Pirati,"Opět stejná odpověď, nikoho nesoudim. "
613,-0.7158040768085485,0.21383763010775642,ANO,Určitě bych to s nimi probral 
615,-0.6339330787647288,0.075136482345774,SPD,Volí stejnou stranu jako já. Máme stejné nebo podobné názory na některé politiky. Máme stejné nebo podobné názory co se týče bodů v programu dané strany. Chtěli bychom stejné změny jaké nabízí daná strana.
616,0.1293521189674667,-0.45299999920754025,ANO,"nesnáší narcizmus vedení ODS, odradilo je především antibabišovké chování a lží a polopravd o skvělých výsledcích jejich vlády.  Jejich zveličování a naopak zametání a zlehčování průšvihů, které se dějí bez ohledu na stranickou příslušnost,ale podle toho jak se hodí, teď. 
Nesnáší utajování rozhodnutí návrhů vlády na poslední chvíli např. poslední poviný den a dokonce  v posledních minutách dne, je odporné vsouvání nenápadných vět do ustanovení a taktéž na poslední chvíli. To ovlivní průběh parlamentních jednání. Vadí naivita při těchto krocích. tomu se lidé opravdu smějí.
Odsuzuje parlamentní křivárny směřující k dosažení průchodu vládních návrhů. Vadí ukončení TV vysílání ze sněmovny. Všichní voliči by měli mít přehled- pokud je to zajímá - jak probíhá jednání v parlamentu. Koalice před volbou mohou zůstat, ale je nutné vyloučit po volbách strany které nedosáhly 5 %. Proč se má účastnit vlády? a do opozice zahnat strany s výrazně lepšími výsledky, které vyjadřují vůli voličů. Nespravedlivé od prvního pohledu.
Stydí se před světem s nesuverenitou vládních zástupců vůči EU. tzv. vlezdoprdelizmus za každou cenu, jen když to potěší vedení EU. Kde je národní suverenita a bystrý pohled na světový vývoj jak geopolitický tak přírodní a v neposlední řadě ekonomický.
"
617,0.1037149673240647,-0.7514481816519311,Unknown,Libertariani a svobodné smýšlející lide
618,-0.6459976537862466,-0.10705451880095747,ANO,"Chtějí slušné politiky, které zajímá, co jejich voliči potřebují, co je dobré pro ČR."
620,0.36051458859788577,-0.44912151988474913,ANO,Jsou mi sympatičtí a rád bych s nimi diskutoval
621,-0.4272930930377012,0.5386186769018505,ANO,Mají stejný politický názor.
622,0.5024031854390171,0.40091062260117355,Other,"Stejně jako sebe, nezávislí. Schopní si utvořit vlastní názor, nepodléhat davu."
623,-0.7783158758265322,0.0985501548920739,STAN,"Spíše liberálního smýšlení, váží si demokratických hodnot a svobod."
624,0.7344932724402139,0.12245263769338936,Unknown,Lidem se názory vybrat nedají 
625,-0.3873834356981207,0.5949118779276316,STAN,Mají zájem aby naše země někam směřovala a nebyla v područí jiných.
626,0.35704066556328523,-0.2519483550052884,Unknown,Obyčejní průměrní tolerantní lidé
627,0.5271819311162619,-0.4058161400185454,ANO,"Jsou sympatický, žádné hádky, rozumíme si"
628,0.5762075923746729,-0.4635311156793033,Unknown,Neřeším to s lidmi se moc nebavím
629,-0.39791248613568087,-0.526241106182636,ANO,"Nevím, souhlasím s jejich názory i když ne se všemi "
630,0.41419451760676546,0.4779432101729322,STAN,"jsou otevření změnám, liberální, demokratičtí, nepotrpí si na předsudky, chtějí prosperitu "
631,-0.19949715222615796,0.5915760942738615,Unknown,"podobné typy jako já, o politiku se příliš nezajímají"
632,0.3535710416880437,0.5775075954217535,Other,"Jsem pravičák, konzervativec a demokrat (nikoliv liberální, což je maska pro neomarxismus) a z toho vyplývá vše. Omezit úlohu státu, dát víc rozhodovacích pravomocí (a také zodpovědnosti) jednotlivcům. Neexperimentovat s multikulti, hlídat vnější hranice EU, zastavit migraci, nepřizpůsobivé migranty zavřít do detenčních táborů nebo vyhostit. Nevymýšlet 256 pohlaví, zelenou likvidaci evropské ekonomiky a další nesmysly, které vyplývají bohužel z blahobytu, ve kterém žijeme, a jejich strůjci už neví, co by roupama vymýšleli. "
633,0.6135601633778083,0.07823067604091907,STAN,"Každý ma svůj názor, nesoudím lidi podle politických názorů. "
634,-0.04539065504935729,-0.3428182511028053,ANO,"JSOU VETŠINOU ASI TAK STAŘÍ JAKO JÁ, MLADÍ MAJÍ ODLIŠNÉ ZKUŠENOSTI"
635,0.28170484327222345,-0.7269163963441839,Other,"Nevim,  nedokážu popsat takovou osobu"
636,0.5337600435760258,0.560309450407107,Unknown,"Vycházím s lidmi a je to každého věc jakou si zvolí stranu, takže máme k sobě respekt nemáme k sobě zlost ohledně politických stran"
637,-0.17223305529172456,0.24013539614345145,ANO,"Lidé kteří vidí ze momentální vláda myslí jen sama na sebe a Ukrajinu, ale na občany ČR vůbec "
638,-0.315312654151691,-0.20118821867868583,ANO,"jsou to lidi, kteří akceptují názory ostatních a nikomu nevnucují názory svoji, dokážou vést klidnou diskuzi bez nervů a urážek"
639,-0.053417894789115836,-0.7685160065473109,ANO,"Bez komentáře,nechci se vyjadřovat"
640,-0.2154251447473815,0.7152178673781248,ANO,"Střední vzdělání, problémy před rokem 1989"
641,-0.4268981448706648,-0.36512951422507794,SPD,Orientují se v politice a mají rozumné názory
642,0.04642986001710337,-0.6609894698800766,Unknown,"Lidé vážící si svobody, demokracie a možnosti vlastního projevu, rádi cestují a využívají možnosti EU"
643,-0.1510881617090621,0.01583754593786874,Unknown,"Lidé, kteří jsou v klidu, necpou nuceně nikomu své názory. Respektující i odlišné lidi, nepřemlouvající ale žádající respekt od jiných"
644,0.6370761422982615,0.40184259380733206,Unknown,"Progresivní člověk,  který věří na demokracie "
645,0.7297316834805158,-0.09805547198813297,ANO,S těmi lidmi se dokážu o politické situaci bavit a je to bez problémů.
646,0.07013141289689147,-0.08529069171994445,ANO,Jsou to lidé podobného myšlení jako já.
647,0.07740893889689099,-0.149282794528044,ANO,"lidé, kteří """"vyrůstali na stejné vlně"""", mají vztah k tradičním hodnotám, dokáží rozlišit lži a podsouvání """"správných názorů, mají za sebou život , který je držel při zemi ."
648,0.597384412468493,-0.22685630876703203,ANO,"Lidé v podobném věku, s podobnými životními zkušenostmi, přemýšlejícími o budoucnosti."
650,0.5206853277422375,-0.3426543728853952,Unknown,Jsou sobestacni a nevoli stranu podle toho kolik jim přidá penez
651,0.6214489509523667,0.3248960959112513,ODS,"o politice má přehled, ale příliš ji neřeší"
652,0.3742919869129549,-0.5713158958418246,Unknown,"Nevím, jak bych tyto lidi popsala."
653,0.3425019466324976,-0.6111732448989028,ANO,"Nic konkrétního, nevím co uvést."
654,0.6522683601614347,-0.047417685758611335,ANO,"Lidé uvažující reálně, bez utopistických a  nereálných názorů."
655,0.4777322037808205,0.12115731046215611,STAN,že jsou stejného zaměření a postojů jako já
656,-0.36822982031638174,0.18797468319526514,KSCM,"Jsou to lidé s nadhledem, selským rozumem a letitými zkušenostmi"
657,-0.3661856227480093,-0.47717791921515845,ANO,"Jsou konzervativnější, nemají rádi extrémy, preferují spíše stabilnější politickou scénu s několika málo stranami v PS. "
658,0.3373573267735177,0.37592709993401735,KDU-CSL,"Mluví mi z duše, je tu souznění, mají rozumný názor, jsou moudří, jsou shovívaví k jinému názoru. Rozhodně nevytváření pnutí a neživí antipatie vůči lidem jiného názoru."
659,0.09214269556341406,-0.6098282303226121,SPD,"Lidi s názorem, za kterým si stojí."
660,0.4989128371454368,-0.011824260214648332,Unknown,"Takové lidi se zajímají o polickou situaci v zemi ne nějak extra, ale povědomí mají. K volbám, ale nechodí, protože si myslí, že jejich hlas by stejně nic nezměnil. A myslí si to, protože si dali dvě a dvě dohromady když viděli co se dělo když se volil prezident (Pavel), tím chci říct, že se výsledky voleb věděli hodinu před tím než hlasování oficiálně skončilo."
661,-0.3883562254183908,0.46620256753959105,ODS,"mají názor, který je mi sympatický"
663,-0.20544835630400432,-0.7613819582157094,ANO,"vnímaví, všímaví, se zájmem o budoucnost svých potomků"
664,0.31868986747607136,-0.5287209450841495,Unknown,"V politice se nějak moc nevyznám, moc to nesleduji, sem tam si něco přečtu, ale většinou je to samé negativum."
665,-0.07296172128278768,-0.5474313245629625,Unknown,mají stejné názory víceméně něco mezi levicí a středem 
666,0.3538517991261505,-0.4981505078502182,STAN,"Nesledují dezinformační weby, mají schopnost kritického myšlení, umí si dát informaci do kontextu a hlavně nezapomínají, umí si vybavit, co kdo kdy v politice řekl nebo udělal."
667,-0.16041894050732922,-0.41193866080549163,STAN,Naštěstí žiji v práci a mém okolí většinou s lidmi co svět vnímají podobně jako já. Jsou to lidi inteligentní s přehledem. Jen výjímečně se v něčem neshodneme. S takovými lidmi se nebojím probrat jakékoliv téma. Bavit se o minulosti. 
668,-0.6753370191744031,-0.26291372284880415,ANO,Hledají odpovědi na svoje otázky všude. Ví že mnohá dnešní dezinformace se zítra stane pravdou.  Jsou přemýšliví
669,0.3886374018628684,0.6145575535605868,ANO,"Jsem ráda,ale nemám ráda přílišné agresory. Myslím,že spousta toho se dá vyřešit pokojně "
670,-0.055844165917314496,0.44479284751391296,ANO,"Lidé, kteří uznávají individuální snahu a úspěchy, avšak chápou i potřebu společenské solidarity. Zkrátka umí se o úspěchy podělit i s opravdu!! Potřebnými. "
671,-0.3347025555168027,0.6453050855580816,ANO,"Politika má sloužit lidem, poslanci by měli myslet na lidi a nové zákony nesmí rušit původní smlouvy "
672,0.18104453366965143,-0.7434088332390849,Pirati,"Průměrně inteligentní, pracovití, úspěšní, finančně v dobré kondici"
673,-0.045666527320755906,0.030406375258994162,STAN,"Jsou to lidé, kteří jsou finančně gramotní, pracovití. Chápou, že nemůže být vše zadarmo a stát musí dělat šetřící opatření. Jsou to lidé, kteří nenaletí na populistické řeči, dokážou uvažovat v souvislostech a v diskuzi používají relevantní argumenty."
674,0.44029848690079326,-0.29574064971807057,ANO,"nerozčilují se nad politikou, nestarají se o všechny problémy politiku, nehodnotí, jen občas něco přečtou, ale nekomentují to"
675,-0.19270189716795355,0.11281901319675829,STAN,"Jsou to lidé,kteří se zajímají o dění v obci a nejen v obci ale celkově v našem státě "
676,-0.1272070438409689,0.7847829744953811,Unknown,"Lepší casy, rovnoprávnost mezi všemi "
677,0.5530577188197987,-0.5506628894059982,ANO,"Voliči ANO, průměrní lidéa průměrnými platy."
678,0.42594392951956955,0.30904509007019487,ANO,"Vzhledem tomu, že mají stejné smýšlení jako já, tak si myslím, že to s naší zemí myslí velice dobře a chtějí aby naše zem co nejvíce prosperovala."
679,0.6933579347737875,-0.1841568544481885,ODS,"Kdo nepracuje at nejí.Když vládne vláda,která je zvolená,tak si většina myslí,že vládne špatně a oni by vládli lépe."
680,0.26963846527799024,-0.6887902028211239,ANO,Vůbec nevím jak je popsat. 
681,0.10439076869555015,0.2453274047162764,Other,"Lidé, kteří ostatní nejsou lhostejní."
682,-0.41051241827958435,0.19582377406836912,STAN,"Jsou to lidi inteligentní, vzdělaní, pracující."
683,0.34572764566833797,0.7025085801271164,Unknown,"Podprůměrné příjmy, proevropští, nejsou rasisté"
684,-0.6197757256645842,-0.11471678393604769,KSCM,Jsou mi příjemní a rozumní. Jsem pro mír a klid. Vztahy mezi občany na velice příjemném vztahu. Vzájemné pomoci a naslouchání.
685,0.06333824447436708,0.6568849911009744,Unknown,"O politiku se nezajímají. Je uplně jedno kdo ve vládě bude protože je to všechno stejná banda. Neřeší věci které nemohou ovlivnit a jen se přizpůsobují změnám které nastanou.
"
686,-0.0006955634220010329,-0.06258691662433213,ANO,Jsou to lidé volící ANO a koalici STAČILO 
687,-0.21540409513192305,-0.06833052346358966,SPD,Jsou to lidé podobného věku a nebo starší generace.
688,-0.5208794263258819,-0.4624154945861355,ODS,"Těžko popisovat, volím přátelé, kteří souzní s mými názory.na ulici je nerozeznáte od jiných voličů 
"
689,0.12219284557280123,-0.059706202178965155,Other,"Lidé, kteří chtějí žít po svém a za svoje. Chtějí, ať stát dá zákonné rámce a zajistí vymahatelnost práva a jinak ať se jim nesere do života. Chtějí minimální daně a nechtějí po státu žádné dotace nebo úlevy. Chtějí maximální smuvní volnost v právních vztazích. Chtějí mít možnost bránit sebe, své blízké a svůj majetek proti těm, kteří si ho neváží i proti zlovůli státu. "
690,0.0647654147221969,0.06323552253209708,KSCM,"Jsou to levicově konzervativní lidé, kteří jsou příznivě nakloněni i některým liberálním tématům."
691,0.31435550699772774,0.36289487458005676,Pirati,"Mladí lidé většinou vzdělaní středoškolské s maturitou a výš, rodiče od malých dětí, kteří vědí, že se budou o sebe muset postarat sami v pozdějším věku "
692,-0.5389041051446792,-0.2629940952769419,Other,"Máme stejné zkušenosti, většina lidí je blíže mé věkové kategorii, názory na některé politiky jsou podobné "
693,0.7573466643095186,0.2078548480859074,STAN,"Střed, snížit sociální davky"
694,-0.2920344014616917,-0.005606524880787623,ANO,"Lidí kteří dřou na vládu která radši podpoří Ukrajinskou válku místo toho, aby se starala o lidi který jim vydělávají na jejich pohodlí. Lidi kteří jsou už na pokraji svých sil jak psychických tak fyzických, co je ještě za podpasovku čeká. Žádné zlepšení, pořád jen horší a horší. Týká se to všech směrů. "
695,0.4361506572630926,0.14744730829751473,ANO,Jsou nespokojený co se děje 
696,0.0009675157249995727,0.7947481193343963,Unknown,stojí pevně nohama na zemi
697,0.644010326105696,-0.14536545689812266,ANO,"Jsem tolerantní a každý má právo volit si koho chce,ne jak voliči  ODS, TOP a jim podobných, nevolíš nás , tak jsi blb, to je špatně!!!!!"
698,-0.013150706638941493,0.13265193526042393,Unknown,"Jsou to lidé,kteří přemýšlí a nejsou odkázáni na mainstream."
699,0.010354231087359828,-0.5160853633722228,ANO,"v pohodě, jsou vyrovnaní neagresivní a hlavně neútočí na jiné
"
700,0.257407273394412,-0.20149751462491236,ANO,Jsou to lidé zdravého úsudku toužící mít za poctivou práci poctivé ohodnocení.
701,0.16874810878489585,-0.7314747903900771,ODS,"Sečtělí, vyslechnou si názory jiných, komunikativní, myslí vlastní hlavou."
702,0.5070762095314307,0.11656448705765975,ODS,"lidé, co se starají o rodinu, jsou přátelští a pohodový, neřeší nesmysli a populisty a pragmaticky vidí do politiky"
703,0.4270449459438228,-0.5807003940125219,ANO,O něco víc si s nimi dokáží popovídat.
704,-0.6620541564461626,0.36317861594638096,Other,"Používají svůj rozum, nedají se ovlivnit médii."
705,-0.6044231597571778,0.3582105526816953,ANO,"zajímají se o dění ve své zemi, chtějí žít v klidu, bezpečí, v zemi s křesťanskými hodnotami, bez progresivistických tlaků,"
706,0.7273058517791512,-0.026876939830050163,ODS,No tak takového bych rád potkal :D
707,0.4861182109335305,-0.46117103638234974,Unknown,"Zajímá je rodina a pohodlí, nemají strach, že nebudou mít příští měsíc na nájem. Snaží se volit vždy podle svého mínění a nejlepšího svědomí a podle debaty s předsedy stran, kteří nemusí vždy mluvit pravdu "
708,0.3415529223081873,-0.6782580350177226,Unknown,"to fakt nevím, nevím, nevím"
709,0.21090704347437883,-0.5204847650725773,ANO,"Myslím si, že takových lidí jako jsem já je hodně, kteří nevychází s penězma"
710,-0.5611038892176086,-0.5590252693260662,Unknown,"Otevření, vnímající změny."
711,-0.15292190877752887,-0.429240880297247,Unknown,"Milovníci zvířat, pohodáři, bezkonfliktní, ne příliš společenští, nebo vyhledávající podobně smýšlející lidi (skupiny). Ochotní pomoci, nepotřebují obdiv, ani hromady peněz, nemají rádi pomluvy, neohleduplnost, stěžování si a negativitu. Stačí jim mít kolem sebe laskavost a dobré lidi. "
712,0.2086722932391216,-0.39463111379929255,Unknown,"Jsou chápaví, slušní, rozumějí politice"
713,0.003765399618338016,-0.7747326167666928,STAN,"nevim, prostě nevim rozumite mi"
714,-0.3563389286918329,0.676599079050139,ANO,Nijak maji rozum na spravnem miste
715,0.5506537732548767,-0.44768012044749894,ANO,"Volíme stranu ANO
Politika nás moc nezajímá "
716,-0.28804971845470984,0.4592831696900279,KSCM,jsou vzdělaný a vi co chteji
717,-0.08553139352575169,0.40737097819973517,ANO,"Úplně normální obyčejní lidé, kteří chtějí slušně žít "
718,0.25397220049073416,0.29165128588519373,Unknown,"Mají pochopení pro starší a chudší lidi, neschvalují zvyšování platů politiků v době, kdy jsou všude velké dluhy a není žádný jistota. Je hrozné, když nejsou léky, lékaři a zubaři dostupní pro všechny, ale jen ve velkých městech"
719,-0.27957975785364036,-0.737252354439668,ANO,"sympatičtí, rovní, upřímní, klidní"
720,0.6257565546083855,0.13283882479166634,ANO,Úplně obyčejní lidé. Mít tu sociální jistotu a ne se pořád strachovat s čím novým ti nahoře přijdou a ztrpčovat život.
721,-0.23068137037367556,0.3903117291495153,ANO,"Lidé, kteří si přejí, aby měli důstojný důchod a bylo o ně zdravotně postaráno."
723,-0.25723423046215504,-0.7298461157496062,ANO,tolerantní vůči jiným názorům
724,-0.6587404384355181,0.2095393642582741,Unknown,Snaží se si o různých politických tématech získat co nejvíce informací. Jsou argumentačně zdatní a znají historii.
725,0.35229767369140996,0.4303363703848643,ODS,Lidé s všeobecným rozhledem.
726,-0.3148717989660246,-0.5247273049757104,ODS,"Jsou to zpravidla pravičáci, ateisté, většinou inteligentní, zelenou ideologii, gender apod. vnímají (velmi) kriticky. Ověřují si informace, obvykle nepodléhají konspiracím, vědí že Rusko je nepřítel."
727,0.7811857118819876,0.12244489799577053,Unknown,stačí nebýti zcela tupý.. vnímají veškeré souvislosti minulosti
728,-0.028610443729827184,-0.7709080697143649,ANO,Vadí jim zneužívání dávek
729,-0.7247041738760144,-0.004762956880448732,STAN,Sdílíme většinou společné hodnoty a máme podobné názory na život.
730,0.1514279638198668,0.04480575230828315,Other,Jsou to lidé voliči kteří jsou pro stabilitu téhle země i když nám už prakticky nic nepatří Vlast je vyrubaná štola v globálu tohle všechno spěje k velkému průseru a to není vůbec dobrý.
731,-0.1534530312425528,-0.745897351390417,ANO,o politice se kromě rodiny s nikým nebavím
732,0.18446622452468692,0.7515199018407054,Unknown,"střední třída, alespoň vyučeni"
733,-0.27686220770506137,-0.26789981570884913,STAN,"Jsou to lidi jako já z masa a kostí a rádi si nejdříve udělají svůj průzkum a nepodléhají hned kritice na nikoho, ale to neznamená že nemůžou být pak kritičtí "
734,0.3509478447398417,-0.12836417467374972,ANO,"
střízlivě uvažující, kteří jsou schopni reálného, pragmatického myšlení"
735,-0.2980029372488564,0.28196307757554595,KSCM,"Hrdí Češi, vlastenci, kteří nemají dostatek času a odvahu nahlas nesouhlasit s tím, co se jim nelíbí, zaujímají názor, že existují pouze 2 pohlaví a kdokoli se cítí jako zvíře či jiná věc, má poruchu osobnosti. Lidé, kteří milují svou vlast a historii a chtějí řešit pouze důležité věci (mít kde bydlet a vydělat si na to, mít pevné zdraví, svobodu), odmítají nesmyslná očkování a podsouvání strachu z budoucnosti, vtloukání nesmyslů dětem. Naopak je třeba děti chránit před přílišnou digitalizací a ovlivňování přes internet, více děti zapojit do činností venku, zocelovat je..."
736,0.5253946048736818,-0.23161558166022286,ODS,"Jsou otevření, přátelští a dokáží se postarat sami o sebe"
737,0.32593782541360655,-0.013762291747800264,KSCM,"Jsou to stejní lidé jako já, nebo ti co mají jiné politické myšlení, nejsou jiní že by to byli jen blondaci, nebo jen instalatéři, a dělání takových rozdílu ve společnosti kvůli politické u vyznání ničemu neprospívá. "
738,0.2094897813159739,-0.1805323574759427,KSCM,"Prosím vás, co je to za otázky? Copak člověk je zlý nebo hodný? Copak politika je o tom buď se mnou někdo se vším souhlasí, nebo ne, a v takovém případě jej odsoudím? Není to spíš tak, že se musí člověk pochopit? Jak můžu chtít po člověku, který vyrůstal v dnešní době a v zámožné rodině, aby na první dobrou volil nás komunisty? Každá doba, každý režim přesvědčuje lidi. I tato. I mé děti se učí ve škole, jak byli komunisti zlí. Hlavně že dnes se bojím jít večer v centru města, vyhraje ten s lepším právníkem a na ulici se válí bezdomovci, kteří jsou zdrojem pěkné podívané a bacilů. Copak člověka, který je takto naučený, mám odsoudit za to, že nás nevolí? On za to nemůže, byl tak vychovaný. Nikoho neodsuzuju za jeho názor. Vadí mi jen to, když se někdo vzdálí od reálného života a začne plodit ""blbé"" zákony. Zkuste si připravit reálnější dotazník, asi ne obsáhlý, protože politika a věci kolem toho zasluhují hlubší debatu, rád se zúčastním. Věci nejsou černobílé."
739,-0.5554810658905587,0.46317327595658625,KSCM,Vadí jim prolhanost dnešní politické garnitury a jejich pohrdáním normálním pracujícím člověkem v naší vlasti. Každá vláda by měla v první řadě chránit a podporovat své občany a teprve potom ostatní. 
740,0.10424157971152537,-0.7324030015867046,ANO,"nevím, nic mě nenapadá, takže těžko říct."
741,0.07991219286229401,-0.6953364215829486,SPD,obyčejný člověk který celý život pracoval a moc z toho zatím nemá
742,0.46926043621951374,0.2642770087821509,ANO,"jsou mi sympatiční,schodní v názorech"
743,-0.32207860656818993,-0.6872278658624424,TOP09,Nezajímám se o politiku do podrobna
744,-0.7565472281676234,0.16477200195447328,ANO,"Nemám o takových lidech představu. Snad jen to, že nesouhlasí s aktuální vládou v Česku "
745,-0.09902322212476601,0.6617581478834185,Unknown,"Nerozumím tomu. Množství politických stran a veškeré jejich smýšlení... Ztrácím se v tom. Proto raději nevolím a nehledám informace, jelikož bych u toho ztratila spoustu času a stejně nic pořádně nevěděla.
Nezajímá mě moc toto téma. "
746,0.6841129581015729,0.2201374744045101,Unknown,"nemám na ně specifický názor, jelikož sama na politiku nemám jasný nazor."
747,0.07895557553592536,0.7100352504473281,Unknown,"Levicové zaměřený, lidi střední a nižší vrstvy"
748,0.2137838663948813,-0.7442094941874615,Other,"rozumní , sečtělí,znalí, mající přehled"
749,0.17744178552184273,-0.7815776382282961,ANO,"vstřícní,ochotnáí k diskusi,"
751,-0.22700122357775684,0.355084589156508,ANO,"Lidé smýšlející jako já jsou pracovití, citliví, mají smysl pro spravedlnost. Chtějí žít a pracovat v míru a za práci být patřičně odměňování. Nesnášejí lež a podrazy."
752,-0.06675418173873363,0.7450566160019395,ANO,"mají zájem o zlepšení ekonomické situace, drží slovo"
753,0.19659086584902474,-0.5843128800411784,ANO,Nebudu nikoho popisovat je mi úplně jedno jaký má politický názor Toto je velmi hloupá otázka Je to každého osobní svobodná volba  tak nemám proč je tak či tak popisovat Já volím sám za sebe podle svého nejlepšího svědomí Proto si myslím že toto je velmi osobní A já nevím o nikom koho by zajímal můj postoj k jednotlivým stranám či hnutím Kdy by se mne na to kdokoliv ptal poslalbych ho kam si
754,0.6112185573445897,-0.34806765790780586,STAN,"Po změně režimu především okamžitě jsme vycestovali na západ, podívat sem jak bychom mohli žít. Už to, spojené s nabytím osobní svobody každého z nás, nás naplnilo a stále naplňuje. Postupem času jsme samozřejmě poznali, že nic není jednoduché a že budeme muset stále za tyto vymoženosti bojovat. Není to jednoduché."
755,0.4073659601961789,-0.6028557414828325,ANO,také nevím jak bych je popsal
756,-0.5655085520323362,0.25437134462936944,Unknown,"jsem za takové lidi rád,ale respektuji názor každého člověka"
757,-0.4308128525004405,0.654047488183164,ODS,"Ráda s nimi debatuju, je to zábavné "
758,0.4101159838504568,-0.16516501099244288,SPD,"Mají přehled,které strany dělají vše pro lidi "
759,-0.3979652025272374,-0.06643328745232469,ANO,"Takových lidí je moc málo. Většinou se to otočí v hádky. Lidi dnes vůbec neumí komunikovat, ale nemají ani vzory. Vláda se nahoře jen hádá, jsou vůči sobě vulgární, tak se není čemu divit."
760,0.04433451400775329,0.752865775687851,ODS,"Svobodomyslní, přemýšliví, tolerantní, uměření (konzervativní, ale ne zaprděnci)."
761,-0.7308444974500152,-0.2892359311583342,Pirati,"Spravedlivý, podporují EU, podporující gay komunitu, proti populismu, proti korupci"
762,-0.047030247176889355,0.455899155777756,Pirati,"Pohodoví lidé, kteří mají smysl.pro humor a dokáží žít s nadhledem. Milují svobodu a respektují svobodu druhých "
763,-0.3103521169722721,0.1486240940409908,ANO,"Jsou to lidé kteří přemýšlejí hlavou, nelžou a chápou, že musí udělat vše proto, aby naše děti mohli žít v dobrém státě."
764,-0.27481337636585174,0.5137419168441618,Other,"Mají dobré vzdělání,dokáží zvážit pro i proti, dosti sledují politiku a co se děje doma i ve světě."
765,0.248485443630233,0.7140462000241393,ANO,"seriózní se smyslem pro spravedlnost,
odhodlání pomáhat všem"
766,-0.18938052522789534,-0.31924157934125347,ODS,"jsou to lidi, kteří myslí na budoucnost našich dětí, na to aby se i oni měli jednou v naší zemi dobře, nemyslí jen na to, aby se oni teď měli dobře"
767,0.2247628457261405,-0.6540522707607132,ODS,"Podle mě, alespoň trochu přemýšlí a nepapouškují každou kravinu. Něco si ověřují, jestli to tak opravdu je a neodsuzují  všechno hned"
768,0.5657134552374296,-0.4926125466852997,KSCM,"jsem ráda, když mohu pohovořit s člověkem příbuzného názoru."
770,0.1377524019669736,0.18828208140549466,ODS,"Lidé kteří se podílí na zlepšení nejen svého okolí, dávají podněty k lepším cílům, mysli i do budoucna, své názory konzultují s přáteli, umí přijmout lepší názor, jsou prospešní společnosti, nejde jim jen o peníze a jsou rádi kdy jejich podnět pomůže k rozvoji a lepšímu."
771,0.41766054711405015,-0.1304786829468846,SPD,"Vzdělání lide , kteří mají přehled o historii"
772,0.16574566512299413,0.4680762201376982,SPD,Mají právo na názor a jsou v obraze
773,0.7653688775208903,0.1952214714826101,KSCM,"Jednoznačně pochopili to svinstvo, které sem zanesla ODS A JEJÍ ODNOŽ top"
774,-0.7742117604932501,0.19384238570491505,ANO,"Důvěrohodní, nekradou a nelžou"
775,-0.2759395898816649,0.33463188438173,ANO," 
jsou to normální lidé, nejsou hloupější ani horší
"
776,0.3464095609593081,-0.5918477517818325,TOP09,Nevím ale myslím že je dobra
777,0.1855142590006955,-0.6940413737269286,SPD,"Zodpovědní sami za sebe, vážící si svobody, spíše konzervativní "
778,0.6116002162703534,-0.12272065725987007,ANO,"Není jim jedno, co se děje v České republice a ve světě, chodí volit, jsou emapatičtí vůči znevýhodněným sociálním vstvám."
779,0.015444841945666712,0.12351781973559937,ANO,"Jsou to lidé, kteří mají paměť v pořádku a mají reálné a ne fanatické uvažování. "
780,-0.5897950373115599,-0.18360398633684286,ANO,"Mám ráda, když nám politici nelžou a chovají se lidsky. Jezdí veřejnou dopravou a jsou stejní jako my a nepovyšují se nad nás."
781,-0.2626746274551221,0.6217210966664528,ANO,"jsou naštvaní na politiky , kam jsme to s nimi dopracovali"
782,-0.5610258336683782,0.11620973563049308,ANO,Jsou podobného názoru a smýšlení jako já a vyznávají stejné hodnoty
783,-0.05270896330182357,-0.3042474439759802,Other,"Jsou to lidé se svým názorem. Nemusíme politiku vnímat stejně, ale dokážeme o ní diskutovat. Samozřejmostí je, že se navzájem neurážíme a nenálepkujeme za odlišné postoje k různým problémům."
784,0.7055478483138982,-0.2582938115104385,STAN,"Člověk ze střední třídy, průměrné příjmy, dobré rodinné zázemí, celková spokojenost s vlastním životem."
786,-0.02690326978602031,-0.41991449489073085,ODS,"jsou to normální lidi, ketří nesledují zprávy"
787,-0.7405661275862341,0.08852321850431197,Unknown,nezajímají se a nechtějí nic řešit
788,0.6916447672742838,0.347914692562251,Other,Pravděpodobně stejná odpověď jako v otázce předtím. 
789,0.1687943012925952,0.7428967072680782,Unknown,Liberální se demokratickými hodnotami a vyznáváním dobrých českých tradic - musím se postarat především sám o sebe a nespoléhat na jiné.
790,-0.6724298558101358,0.3095098181687479,ANO,"Ráda si s nimi povídám o všech událostech,  nejen o politice "
791,-0.416687298794748,0.3565256092462416,ANO,"Tito lidé si stojí za svým přesvědčením, nehledí pouze na sebe a chtějí dobrou společnost a tím i slušný život pro život současný, ale i budoucí!!!"
792,-0.4797311750437364,-0.27039699242090365,Other,"Lidi co nechteji zadnou valku,zalezi jim na prirode,jsou si vedomi,ze penize si do hrobu nevezmou,chteji klid,zdravi a par pratel."
793,-0.3460347250289594,0.6648098487843563,ANO,"mají sociální cítění, pečují o slabší jedince "
794,-0.25935707331997115,0.21847076076381367,ANO,"Lidé kteří nemají rádi korupci, lži, sobeckost a vyžírky"
795,-0.03202786670349785,0.40776681267631015,Unknown,"politiku by měli provozovat lidé, kteří už něco dokázali a už nepotřebují hrabat a krást, tato profese by měla být brána jako čestná činnost za minimální mzdu a ne aby ji dělala prasata na krmníku"
796,-0.30225129016893265,0.5384114321250122,STAN,"jsou svobodomyslní a nezávislí, mají jasný názor ba věc a nebojí se ho prjevit"
797,-0.07395641442850587,0.790174644618091,SPD,Musi makat a myslit na svou rodinu
798,0.4571327984208124,-0.026477450524015792,ANO,"lidé,kteří chtěji rovnost pro všechny občany,nižší náklady na bydlení,energie,levnější potraviny,odejít do důchodu v nižším věku,zdravotnictví pro všechny stejné"
799,0.6499902597399808,-0.28551237390307127,Other,"1. Podporuje suverenitu a nezávislost své vlasti
2. Chce vystoupit z EU A NATO
3.Je proti agendě LGBT, rodina je otec a matka. Neexistuje více pohlaví než 2.
4. Je proti cenzuře, omezování svobody  a žádá možnost vyjadřování svého názoru na všech platformách slušným způsobem bez ktiminalizace
5. Je pro mír na celém světě bez rozdílu a proti agendě vývozu tzv. ""demokracie"" 
6. Zásadně je proti vymyšlené agendě Green Dealu
7. Zásadně nesouhlasí politikou vměšování vojensky silnějších států do řízení slabších států a dosazování svých loutek do jejich vlád. Opovrhuje jimi řízenými MAJDANY."
800,-0.36805611552252393,0.2534591844985358,Unknown,"Jsou to lidé se, kterými se denně setkávám, pracují s nimi, kamarádi se stejnými zájmy."
801,-0.1659103034387277,-0.21597789687727229,Unknown,"neznám žádné lidi kteří mají názor jako já, tak je nemohu popsat"
802,0.5671215306062122,0.3041841459825084,STAN,"Úplně obyčejní lidé, žádní karieristi"
803,0.6922276515301539,0.14634582293705503,Unknown,sympatičtí tvl a co jako tady mám ještě napsat ?
804,0.7191070917806975,-0.2100118301747658,Unknown,"solidní, vzdělání, rozumí své práci, oblíbení, slušní, diplomatičtí, spolehlivý, odvážní, "
805,0.1366493813416884,-0.7210860996476097,Unknown,"Nevím, nevzpomenu si, nic mě nenapadá."
806,-0.2573935161443347,-0.09746797739264285,ANO,"Jde spíše o starší lidi, kteří mají žívotní zkušensti."
807,-0.14940353008385346,0.4651781254751489,SPD,Jsou to obyčejní lidé se starostmi běžného života
808,0.052950109760586575,0.01042842739225174,Unknown,Jsou to nespravedlivý a nepoctivý lidé
809,0.1765449335811199,0.6936370409263363,SPD,"Lidi,s kterými si mám co říct "
810,-0.06818297849347521,-0.10444527303046812,SPD,"Lidé, kteří poctivě pracují, jsou vlastenci a zachovali si zdravý rozum. "
811,-0.3555378697967492,-0.6180553004570339,Unknown,"Nezajímaji se do podrobna, ale není jim jedno, koho volit "
812,0.24332377297549238,-0.08606773056122162,ANO,"tito lidé jsou ve většině z chudé vrstvy, proto jsou pro, aby pro ně vláda dělala mnohem víc"
813,0.4977008073670699,0.5725051618165325,ANO,Může to být příjemné ale na druhou stranu chybí střet názorů.
814,-0.5328601073731972,-0.30650504103282655,Pirati,"Nezajímám se o politiku a politické dění. Stejně si všichni politici budou dělat co chtějí a nedají na názory obyčejných lidí, jako jsem například já."
815,0.3434312483870912,-0.6796790466486843,Unknown,"Nevím, nevím, nevím, nevím "
816,-0.5059162021069871,0.15099928494918652,Unknown,"V některých věcech máme rozdílné názory. Nejsem ochotna v těchto případech s nimi komunikovat. Každý je sám sebe strůjcem a jeho názory s mými nemusí být souhlasné. Svoje pocity nikomu nevnucuji. Každý má svůj názor. Pro něj je důležitý a nechce ho změnit i když se naše názory většinou schodují. Někdy v něčem odporuji, ale málokdy. Já sama málokdy své názory zásadně měním. Neumím své názory tvrdě obhajovat. Hádky pro mne nejsou nutné. "
817,-0.021869242792347626,-0.18778255897015,ODS,"Jsou dobře oblečení, mají smysl pro modu, jsou usměvavý, jsou to studenti "
818,0.42639383231788647,-0.5085217178213262,Unknown,Pracující střední třída lidí. V rozmezí 30-45 let.
819,-0.631675972291581,0.3291838488124353,Unknown,Politika pro ně není důležitá a zajímají se o ni pouze okrajově. 
820,-0.20297397516139715,-0.2385821045808761,ODS,"Jsou to lidi středního věku, žijí v rodině s dětmi. Jsou pravicové založení, ale ne fanatici. Neodsuzuji někoho pro jeho voličské preference."
821,-0.776151639763755,0.1787565813630682,ANO,Nerozumím bohužel zadání 
822,-0.567914550114876,0.39597780606703736,ANO,s těmi bych komunikovala každý má svůj názor. je to každého věc
823,0.3891581836044996,-0.6633567373716834,ANO,nevím jakým zpôsobem je popsat
824,0.34518014298413435,-0.6481754038615691,ANO,"nevím, coi k tomu říct, nevím"
825,-0.18116793110314686,-0.7583919190919666,ANO,Beru je a ráda s nimi promluvím
826,-0.6818491799947319,-0.05927487846475363,SPD,Lidi co pracují a odvádějí daně úplně zbytečně 
827,-0.0692967894701355,0.6386332127428306,Pirati,"VIdí politiku jako nástroj, ne růžovými brýlemi."
828,-0.3905035182368913,-0.6695623061062191,ANO,"Můžeme si vzájemně postěžovat na politické problémy. Nebudeme v opozici, konverzace bude uvolněnější."
829,0.21686513613639863,0.7616975051497105,Other,"Vzájemná osobní sympatie, přelívající se do politického života"
830,0.0959298319571153,0.5510380014578133,KSCM,"Jsou tolerantní, otevření změnám, chtějí spravedlnost a rovné životní podmínky pro všechny. Záleží jim na pravdě, nemají rádi překrucování, faleš. "
831,-0.22040847182934598,0.038833180800254004,Unknown,Jsou to poctiví lidé kteří vše posuzují objektivně a když poznají že se mýlili tak to přiznají. A snaží se svou chybu napravit. Rozhodně nemyslí jen na sebe.
832,-0.4960081109767592,0.21080999158456992,Other,"Normální rozumní lidé, realisté co stojí nohama pevně na zemi, nenají na očích růžové brýle a ví, ať je u moci kdokoliv tak, že se lépe mít nebudeme díky vládě, ale musíme spoléhat jen a jen na sebe a na nikoho jiného…"
833,0.5840674263212295,-0.18341744875398036,ANO,normálně smýšlející rozumní lidé 
834,0.6719003152464962,-0.21203464611889006,ANO,"Vnímavý,inteligentní ,člověk s velkou mírou empatie a zájmu o lepší životní podmínky pro všechny . "
836,-0.46415190375374166,0.11315617931127393,ANO,"Upřímni, svobodomyslni, mají rádi život a lidi kolem sebe"
837,-0.21678352462231876,0.6702599207349458,Other,"Sice s nimi souhlasím, ale neřeším politiku "
838,-0.4001275842658575,0.02884848699964119,STAN,"normální lidi, kteří se spíše o politiku moc nezajímají"
839,-0.10450278894104678,-0.2203270240010038,SPD,"Lidé se selským rozumem. Lidé co si váží práce ostatních, přírody a jsou poctiví."
840,0.7766394151316693,-0.1397522310332804,Other,"konzervativní, protiimigrační, proti green dealu, svobodný trh, proti dotacím, proti byrokracii"
841,0.8025722409181293,-0.007937217301063261,Pirati,"financne gramotny, dlohodobe uzitky, spolecensky"
842,-0.18513746828248268,-0.6487594013929833,SPD,"Vůbec se o politiku nezajímají, před revolucí nebylo dost věcí v pořádku, ale jistoty byly. Teď co se děje nemá obdoby, necítím se dobře v této době!!!!"
843,-0.6874044380749543,0.2543106825527013,Pirati,Nevim nevim vůbec nic mě nenapadá 
846,0.21968678211125875,0.627800754180082,ANO,"Obyčejní pracující lidé, střední třída."
847,-0.48305032770388223,0.31403460295318997,Unknown,"Lidé, které politika vůbec nezajímá "
848,0.1651754568052965,0.701829563603454,Unknown,"Střední třída, matka s dvěma dětmi, která se stará o rodinu, aby jí nic nechybělo."
849,0.22256477015030157,-0.7446779391029109,ANO,"zastanci dobreho vzdelani,rozumu,zadna korupce,stoji za ceskym lidem,nejde proti nim"
850,0.4896497020599922,0.4828219000366576,ANO,strasne fajn lidi spolehlivy
851,-0.10448588563685517,0.2642606849796381,Unknown,Obyčejní lidé kteří mají své běžné starosti a o politiku se moc nezajímají 
852,0.24125933675393385,0.5596937227480171,ANO,"Mám kolem sebe lidi, kterým není jedno jak to u nás v ČR nyní vypadá. Uvítali by větší zájem politiků o náš stát a jeho občany, zastavení zbytečného předraženého zbrojení, omezení finanční i jiné pomoci na UA . "
853,-0.43639918487544105,-0.4802443933155725,ANO,"Jak kdo, neda se jednotne popsat, starsi lidi, okolo 35let. Asi jina vychova, vneseni radu do zivota."
854,-0.2682690208126213,-0.7478897404647077,STAN,"Zodpovědnost, komunikace, vystupování "
855,0.3682907412002329,0.18933225645674037,Unknown,"Jsou to lidé, které stejně jako já, politika nezajímá, nerozumí ji, nemají žádný vyhraněný názor a nechodí k volbám."
856,-0.576241541475342,-0.49518557479531017,Pirati,"Chytří, vzdělání, naslouchají všem, snaží se vyřešit lidské problémy "
857,0.2743758954227744,0.7481727818889087,Pirati,"snaha o rovnoprávnost, nikoho neomezuje na osobní svobodě, ochota nahlížet okolnostem"
858,0.45689106598112794,0.576348623845258,ANO,povidali by jsme si o politice co bysme udelali lepsi.
859,0.6070639421589331,-0.45077665127278344,Unknown,nasraní a hodně moc vytočení
860,0.7537312357760952,-0.21127284175618619,ANO,normalni pracujici clovek bez exekuci 
861,-0.728307949694485,0.21527375652288025,Unknown,nijak neřeším to.je mi to uplně jedno
862,0.3221224856660173,0.6368673673876541,Unknown,"Jedná se o generaci na které se komunisti velmi podepsali. Nejen to, že naše rodiče připravili o majetky, ale nám zakázali přístup ke studiu mimo zemědělství, zničili zdraví mým prarodičům i psychiku mým rodičům, vyrůstala jsem v padesátých letech!! to byla degradace lidskosti vůči lidem rolníkům i zemědělcům, dřina a dřina i když na svém ..... 
"
863,0.19373162494589347,0.3128697895507811,ODS,"lidé, kteří na politiku a společenské otázky najlížení podobně jako já mají tendeci ocenovat otevřenost, inkluzivitu a empatii vůči ruznám názoruům a kulturam."
864,0.11835622577564354,0.039636380151426356,SPD,Poctiví slušní lidé kteří jsou šikovní a pracovití 
865,-0.7734118296334405,0.1371599596940512,ANO,"nesmí to být podvodníci , nesmí lhát ,musí umět přiznat i neúspěch,nenechat se ovlivńovat nikým jiným ."
866,-0.011650835811405824,-0.7725797626926415,Unknown,"Získávají fakta z více zdrojů, vracejí se do minulosti, dívají se na problémy z více úhlu pohledu."
867,0.40022429274015786,0.59673827391051,STAN,"Dívají se na zprávy o politických tématech, před volbami si vždy projedou jednotlivé programy stran a udělají politickou kalkukačku, aby věděli, jaká má strana priority, ale nespokojí se jen s tím: porovnají jejich výsledky v minulých letech aktivity. Zajímá je rovnoprávnost, spravedlnost."
868,-0.12645868201094618,-0.11653707857106642,KSCM,"Především se jedná o lidi, kteří poctivě pracují v nejrůznějších profesích a chtějí za svou poctivě odvedenou práci poctivě zaplaceno a očekávají od státu, že peníze z jejich daní budou použity ku prospěchu všech pracujících na kvalitní vzdělávání jejich dětí, na kvalitní zdravotní služby, na péči o zdravotně postižené spoluobčany a na důstojné penze pro lidi, kteří celý život poctivě pracovali pro tuto zemi a poctivě odváděli státu své daně, že stát bude investovat do rozvoje cest, bude podporovat mladé rodiny s dětmi, bude pomáhat zajistit dostupné bydlení mladým rodinám, ale i seniorům. Z peněz daňových poplatníků stát zajistí kvalitní a dostupné energie všem občanům, kvalitní a dostupnou pitnou vodu, bude investovat do ochrany před živelnými pohromami - povodně, sesuvy půdy apod. Stát nebude podporovat lidi, kteří se vyhýbají práci, nebude podporovat dotacemi různé zájmové skupiny, nebude podporovat nelegální migranty dotacemi dokonce často vyššími než dotace pro naše skutečně potřebné spoluobčany, nebude tolerovat migranty, kteří nejsou ochotni přijmout naše zákony a naše kulturní tradice a naučit se náš jazyk - chtějí-li tito lidé u nás být, musí se našim zvyklostem přizpůsobit, ne-li, ať jdou do zemí s tradicemi pro ně blízkými. Žádnou podporu práceschopným lidem (míněno podporu v nezaměstnanosti) déle něž 3-6 měsíců. Neupřednostňovat v žádném ohledu migranty před našimi občany. Umožnit občanům vyjádřit se k důležitým otázkám státu a jeho hospodaření v řádném referendu a výsledky vůle lidu plně respektovat. Nezvyšovat neustále platy politikům na úkor pracujících ve státní sféře jako je policie, záchranné sbory (hasiči), zdravotnictví, školství. Nezvyšovat stavy státních úředníků jako jsou různí poradci na ministerstvech, krajských a okresních úřadech. Pokud na těchto institucích nepracují odborníci v daných oborech a potřebují poradce, pak tyto pracovníky vyměnit za odborníky, kteří poradce nebudou potřebovat. Snížit počet poslanců v poslanecké sněmovně na úroveň obvyklou v ostatních zemích světa podle počtu obyvatel naší země, zrušit senát - pro tak malou zemi, není zapotřebí mít 2 komory parlamentu. Udělat důsledný audit pracovníků ve státní sféře. Důsledně vyšetřit a potrestat všechny politicky odpovědné lidi za ekonomické ztráty způsobené jejich nesprávnými rozhodnutími od r. 1989 (náklady na špatné zakázky pro armádu - padáky, obrněná vozidla, F-35 atd., náklady na sanace bank a jejich prodej, předražené zakázky na budování silnic a dálnic, prodej a následný odkup OKD, machinace s byty OKR, náklady na kuponovou privatizaci atd. - toto by vydalo již na celý román). Já i lidé mně podobní chceme od státu za své daně, kvalitní služby. Vedení státu jsou  naši ""zaměstnanci"" placeni z našich daní, tak po nich oprávněně chceme, aby svou práci dělali kvalitně pro nás - ne pro Brusel nebo USA nebo jiné zájmové skupiny. A pokud to nedělají, pak chceme mít právo je odvolat (běžného občana, který pro svého zaměstnavatele kvalitně nepracuje, zaměstnavatel také vyhodí z práce, tak nevidím žádný rozdíl mezi lidmi řídícími stát a běžným pracujícím občanem).   

 "
869,0.6262048645044206,-0.399971351515286,STAN,"Cítí potřebu angažovat se v problematice vztahů mezi lidmi, vztahu k přírodě a budoucnosti našich dětí. Stále a stále se potýkají s nezájmem spoluobčanů, jejich sobeckostí, nesnášenlivostí a ztrátou jejich historické paměti. Přesto znovu se snaží..."
870,-0.2943992555740262,0.686143750588934,STAN,Respektuji rozhodnuti kazdeho cloveka ale samozrejme si vice rozumim s lidmi kteri nechteji potopit nasi budoucnost
871,0.22251445037069742,-0.6259758469998566,Unknown,Nevím. Nezajimám se o politiku. 
872,-0.48097643707038457,0.03117772113242357,ANO,"Jsou to normální lidi,  kterých je už málo"
873,0.09277706929520772,-0.7827822099200117,ANO,"Klid,zabezpečení, pohoda neokradani, nedělani z lidí blbce chudaky "
875,0.5423009595673807,0.08416825347145847,ANO,Jsou to dobry lidi co umi projevi5 svuj nazor
876,0.7342102505079692,-0.14418423214356452,TOP09,"Hned se vším hotoví, zbrklí, ale upřímní "
877,0.22430056924565214,0.6724153541706378,Pirati,"Zajímají se o zahraniční politiku, vzdělávání, síť silnic v ČR je špatná -oproti západním zemím jsme velmi pozadu ve všech těchto tematech"
878,0.5531977467853643,0.32637368897182667,Pirati,"Snaží se uvažovat, dodrzovat pravidla, jsou liberální, zajímá je ekologie a budoucnost. "
879,0.5772521645530834,0.4957170878608262,Other,Nesnaží se tolik vnucovat svoje politické názory. 
880,0.22371704911272094,-0.3766521561706969,ANO,Tak to opravdu nevím. Jsou to lidé různí.
881,0.5444691084586867,-0.5822492389657177,ODS,Netuším  co po mě chcete 
882,-0.5501199943628102,-0.4921374649505091,Pirati,Možná jsou názorově podobní a proto se shodneme i v politických tématech 
883,-0.6790908419045508,-0.20506795152121818,Pirati,Snaha a lepší svět pro všechny 
884,0.7277678160140297,0.2601351317486754,ODS,Zodpovědnost sama za sebe i přes irčitý diskomfort 
885,-0.4025866488171764,0.6226718626487497,Other,"Mají zdravý selský rozum,nedovolí zničit Československo "
886,0.2550416032094638,-0.5132364683946965,ODS,"Lidé se zdravým rozumem , inteligentní "
887,-0.7355903062970965,0.24513671631700473,KDU-CSL,"Snaží se neustále zjišťovat a ověřovat fakta, snaží se nepodléhat ideologiím."
888,0.7517353875375067,0.25666271348984765,ANO,"Pracující, loajální, poctivý, nekonfliktní "
889,-0.5116624261953772,0.09282166057764686,ODS,"S velkým všeobecným přehledem. Zajímají se o současné dění doma i ve světě. Čerpají informace z různých zdrojů, mají kritické myšlení. Jsou zaměstnaní nebo podnikají. Jsou plně soběstační. Cestují. Pracují na svém osobním rozvoji."
890,-0.40079628817131785,0.6471270027200231,ANO,Maji mozek  a ne jako ovce se tahnout za stadem
891,0.4033090908618656,0.06670068657258096,ANO,"Zkušení lidé, kteří pamatují doby minulé. Starší generace."
892,-0.15395910161712936,-0.721132285492909,Other,"Záleží jim i na druhých, nejen na svém prospěchu, pracují poctivě a nemyslí jenom na peníze"
893,0.6850569791284526,-0.3415136862025152,ODS,"více doprava, liberální, demokratičtí, podnikatelé, nesnáší Babiše"
894,-0.6825616698809003,0.39327527094290143,Pirati,"Chytrý, laskavý, inteligentní "
895,0.023481322916283548,-0.6058596000626276,ANO,Nemají rádi Babiše ani SPOLu ale radši by volili Babiše než aby spolu zase okrádala naše lidi
896,0.4169689847885875,-0.6554249902664364,ODS,neumím je vůbec nijak popsat
897,-0.002582982226384713,-0.3745110244813401,TOP09,"Vzdělané lidé, kteří často cestují do zahraničí, umějí cizí jazyky, nechtějí prodat Česko za pivko a pár knedlíků"
898,0.11741239858114762,-0.762244580869244,Unknown,"Nevím, nevim, nevim, nevim "
899,0.18353987248823672,0.4642051408353567,SPD,"Vzdělaní umělci nebo vědci, kteří vyznávají tradiční hodnoty, ale nebrání se smysluplným inovacím. Umí zachovat chladnou hlavu a jsou rozumní. Nedají se opít rohlíkem populistických a ultraprogresivistických stran a stojí nohama pevně při zemi. Jsou zásadoví a to samé čekají od politiků, konzistentnost, vytrvalost, upřímnost a smysl pro spravedlnost."
900,-0.0406754266530744,0.5156556710411158,SPD,Jsou nasraní z  činnosti vlády
901,-0.5061751246337475,0.5059963229277473,STAN,"Snaží se vybrat stranu, která má k lidem rovné postoje a nikoho neznevýhodňuje na základě rasy nebo sexuální orientace. Stranu, která chápe důležitost toho, co se děje okolo nás a nevidí pouze jednoduchá a jednostranná řešení těžkých situací
"
902,-0.790959727088028,0.10471785326098945,ANO," spolehlivý,poctivý, pracovitý, loajální "
903,-0.5479950566721207,0.15039306338577932,Unknown,"Viz předvhozí odpověď, většinou to jsou kamarádi z vejšky co mají dobře placené práce, umí jazyky, cestují a záleží jim na moderním, svobodném a ""pravdivém"" životě"
904,0.2629222281080067,-0.7260106612676889,Other,"nevím, nedokážu popsat. nesoudím."
905,-0.37466412240587343,0.6302885773708488,ANO,"Ekonomicky nezávislí na státu. Pracující, vlastní názor"
906,-0.3247009787137439,0.24973814227150673,Other,"inteligentní, vzdělaní a hodní lidé, kteří nechtějí nikoho obtěžovat ani okrádat."
907,0.02074375991113172,-0.5372788262425384,STAN,"snaží se vyhovět i potřebám a požadavkům menšin, posunout Česko na Západ, záleží jim na tom, jak se k sobě navzájem lidi chovají i v diskuzi s lidmi, co mají jiný názor."
908,0.19387908092111736,0.7357124544718847,ANO,"Vyšší střední třída,2-3 děti "
909,0.7724495875565499,-0.003114932861997496,ODS,Bílý/á heterosexuální pracující muž nebo žena tvořící HDP
910,-0.1840901325195466,-0.20301213539647725,ODS,Jsou to lidi na stejné úrovni jako já.
911,-0.7180733904259482,-0.3282930804216205,ODS,pohodář chytrý rozumný inteligentní
912,0.0508998991102332,0.7732326867606005,ANO,Střední třída rodina dětmi zaměstni
913,-0.2666082101282609,0.7410077119014337,ANO,Ti co stojí nohama pevně na zemi a nemají smyšlené představy. 
914,-0.05468631004886573,-0.6568232586468042,ANO,"Nevím co je to za lidi,když neví koho volit"
915,0.2590625483056501,-0.650925125497897,KDU-CSL,W nevim jak to bude možné toto napsat
916,-0.7262468016510518,0.25720264767754997,STAN,"Rozumní, přirozeně inteligentní "
917,-0.2166772477866066,-0.431362767474276,STAN,"Střední až nižší třída , které pracuje celý život hned po škole...nikdy nedostala žádné úlevy ani přídavky nebo příspěvky, protože na ně s průměrným platem nedosáhne, nemá žádné známé na vysokých postech, takže bude celý život pracovat někde uprostřed ...nedělá ve státním sektoru, takže platově nikdy nedosáhne ani na republikový průměr, i když má vysokou školu a umí min. 1 cizí jazyk a rozčiluje je neustálé upřednostňování jen určitých skupin , které pracují náročností nebo časem méně než my ( jen pro upřesnění, pracuji 8 hodin denně  a nezastavím se, jsem pod tlakem a ve stresu a přidáno dostanu ročně kolem 1.000,-). Žiju ve svém bytě , ale 70% platu mi měsíčně odchází na bydlení a služby , takže mi měsíčně zbývá na zábavu, oblečení nebo tak cca 3.000....Takže na úpravy doma nebo koupi nábytku musím dost dlouho šetřit....Na dovolenou jezdím pokud dostanu nějakou prémii v práci."
918,-0.5485633446894845,0.3623666565195334,KDU-CSL,"Mladí lidé, studenti vš, těší se ze života "
919,0.14558791888850325,-0.1643700862086856,Pirati,"Jsou to mladí lidé, kteří nikdy nebudou mit svou nemovitost, protoze si ji nemohou dovolit "
920,0.2181847954846966,-0.690222590601638,STAN,Vzdělaní a schopni diskutovat
921,0.43852913814337996,-0.6503227925055676,ANO,"to nelze popsat,nedokážu to popsat"
922,-0.14772607223148038,0.7028390012625553,Unknown,Důraz na sociální politiku
923,-0.6944894812885508,-0.3141315298277018,Unknown,"Střední a, starší generace, vysoké vzdělání "
924,-0.426097180533861,-0.44970809376005394,STAN,"Chtějí demokracii, stejná práva pro všechny, ověřují si informace, vše pořádně prodiskutuji, není jim jedno že se nemohou brát stejnopohlavní páry, že ještě nepřišla důchodová reforma, "
925,-0.593994336318201,-0.43041573608522665,Unknown,"je mi jedno ,jak kdo co vnímá mluvím za sebe, "
926,-0.216746450854303,0.2942315306508823,ANO,"Jsou to většinou vzdělaní, analytického myšlení schopní lidé, kteří si zdroje informací ověřuji a konfrontují je se skutečnostím a svými žicotními zkušenostmi."
927,0.02410080774627937,-0.0729268663677531,Pirati,"Lidé svobodní a svobodomyslní, ale zároveň v určitých otázkách obezřetní, možná konzervativní. Politikou jsou unavení, protože stále politici vedou žabomyší války, stále na sebe házejí špínu a myslí jen sebe. Jsou z nich znechucení, ať se jedná o Babiše, Okamuru nebo i politiky ze spektra, které volí - ODS, TOP 09, Piráti nebo STAN. Nemyslí na blaho státu a jeho občanů, pořád omílají prázdná hesla a fráze, na která ale bohužel lidé slyší. Lidé jako já jsou chudší, ale pracují, snaží se a je jim smutno a jsou naštvaní z toho, že jim stát nepomůže. Že pomůže lidem, kteří se nesnaží a jen ho využívají. Jsou nešťastní z nedostupného bydlení a na  bydlení ani nedosáhnou. Cítí frustraci. "
928,0.06716258755614803,0.6235713415713193,STAN,Nepatřím k nynější mladé generaci PIRÁTI jsou za mne strana pro mladé středoškoláky vysokoškoláky kteří už znají jen tuhle svobodnou dobu 
929,-0.17104043261678878,-0.5363616079306197,Unknown,Lidi co se více zajímají o to jak přežít než o politiku
930,0.7197940282649524,0.028180644619745742,ANO,"Mají empatii, dokážou se vcítit do problémů společnosti "
931,-0.31818851030818307,-0.709845258079546,Other,Klidní v hodnocení současné situace. Ochotní k diskuzi. Ovládají své emoce.
932,-0.4436285140324751,-0.10737577163223797,Unknown,"Lidi, kteří přemýšlí a přeji si lepší život "
933,0.40749030010667836,0.6920998725083407,STAN,"Moderní přemýšlení, postupování s rozvahou, otevřeni inovacím."
934,0.23527958437490046,-0.015097633624991322,Other,"Lidé, pro které je důležité tvrzení, že méně znamená více, lidé, kteří potřebují vědět, na čem v životě jsou a co mohou čekat, uvědomují si základní problémy"
935,-0.616532104065045,0.1396267073957887,Unknown,"Starají se o udržitelnost, jsou proto, aby gayové mohli uzavírat sňatky a adoptovat děti."
936,-0.1184208606416823,0.7053092890041229,ANO,"Inteligentní lidé s vyšším vzděláním, sečtělí a tolerantní. Nevěřící dezinformacím"
937,0.040591455690420226,0.6484699154585647,Unknown,"Politika je příliš nezajímá, mají jiné starosti a záliby. Myslí si, že všem politikům jde jen o to, nahrávat si co nejvíce peněz a lidí je zajímají jen před volbami. "
938,0.47390989148577095,0.6309940714621808,Unknown,Řídí se vlastním rozumem a vlastními pocity
939,-0.5653406732348222,0.486119481201518,KSCM," nesnáší lež, jdou za pravdou jak se říká přes mrtvoly a tak v naší společnosti na to zpravidla doplatí
 pravda a čest se v naší společnosti nevyplácí"
940,0.17843337705552653,-0.23919726845577494,SPD,"Částo jsou pro Rusko, levicově směřovány atd. Neznamená to ale, že tito lidé jsou tak smýšlející všichni"
941,-0.7595677064739997,0.2239591341792605,ANO,"inteligentní, prozíravý, s dobrou pamětí"
942,0.3535890502942527,0.5638074561234133,TOP09,"Pozitivni vztah k demokracii a svobode, stale hledani pravdy a toho co je spravne, moralni, udrzitelne, v souladu s civilizaci a hodnotami. Jsou alespon obcas aktivni a dokazou se zapojit, odmitaji proudy ktere vedou k diskriminaci, k napadni ostatnich, extremismu.. a dokazou srovnat toho, kdo to s excesy opravdu prehani."
943,0.01734878652203147,-0.329548181018383,ANO,"v hnutí Ano jsou lidé konkrétní dostojí svých slibů,nezadlužují republiku"
944,-0.1243914530099078,0.5866633337675957,Other,"Liberální levice - sociálně citliví, ""woke"", chtějí progresivní daně, efektivní sociální politiku, jsou pro ochranu klimatu, pro rovnost, lidská práva"
945,0.541367162264041,-0.1407087812528605,Unknown,"Dost znechucení tím, co se nejen u nás, ale i celkově ve světě děje. Jít volit,koho? Většinou menší zlo, následující zruší to, co vymysleli a prosadili jeho předchůdci, snaží se žít, jak to jde a na politiku a politiky moc nemyslí. "
947,0.6098406804173441,-0.47636590895726083,ANO,"Nenávidím násilí, válku,,  agresi, raději  se podřídím než bych bojovala , "
948,-0.6388714972614258,-0.06945534932210902,Pirati,"Liberálové, podporující menšiny jako třeba LGBT. Podporující demokratický systém a svobodu slova, možnost žít život tak, jak je v mých schopnostech. Nespoléhání se na stát, na úplatky, ale na vlastní iniciativu. "
949,0.5512329765163323,0.5827453501908261,Unknown,Ne díky ne díky ne díky ne díky ne díky ne díky ne díky 
950,-0.6042737577216417,0.1910100197728109,TOP09,"Pravicový, vzdělaní lidé. Podporující to, že každý má to co si vypracoval."
951,0.358567994632691,0.3090347796084369,ANO,"Senioři, kteří mají střední nebo nižší  důchod. "
952,-0.38687934154200715,-0.34981764240843954,TOP09,S lidmi jako já máme společně tématy a všichni jsou spokojený. 
953,-0.03532007056078716,0.760924646322438,ODS,Nic co by popisovalo stejného voliče strany 
954,0.5546673682848628,-0.3969918620883641,KDU-CSL,"Jsme na stejné vlně, ale někdy se také můžeme názory lišit. Celkově jsem otevřená diskuzi s těmito lidmi."
955,0.14434258635861194,-0.42166338407621806,Unknown,"Lidé, kteří přemýšlejí nad důsledky politických slibů a jednáním  politických špiček, přemýšlejí o tom, jaké budou mít jejich sliby a jejich jednání  skutečný dopad na  ekonomickou realitu České republiky. Nepodléhají tedy velkohubým  populistickým a předvolebním prohlášením, ať již zleva či zprava politického spektra a umějí si zdůvodnit, proč ten který politik  či jeho strana, mluví tak jak mluví.   "
956,0.011317216326602243,-0.44363465293460935,ANO,Jsou to lidé ochotni naslouchat jiným názorům a občas i přijmout určité kompromisy.
957,-0.19743261199747764,0.76182717987086,SPD,Stejná věková generace nebo podobný životní styl 
958,-0.436558847888589,-0.21050862245410584,ANO,Lidé s výborným vkusem a stejnými názory. 
959,-0.5244160514275344,0.5892610158370604,Pirati,S nima je dobře pobavit a rozveselit se
960,0.23936353717684156,-0.7454763369517241,ANO,"muž staršího věku
bezpartijní
dobře zajištěný"
961,-0.003382287021447804,0.528916667264766,STAN,"Lidé minimálně s maturitou, rádi cestují a poznávají nové lidi a kraje. Nemají problém bavit se o jakýchkoli tématech a jsou schopni přijmout kritiku a uznat chybu"
962,-0.21329630077028125,-0.547535673258697,TOP09,"Opírají se o životní zkušenost a vĕdí, že nejdražší je to, co je zadarmo. Svůj názor si vytvářejí po analýze více zdrojů. Snaží se myslet i na budoucnost s udržitelný rozvojem. Vidí ekonomiku spojenou s ekologiì a bohužel vliv lidí žijících jen pro současnost.
 "
963,-0.3708351861698043,0.6731007703053187,ODS,"Pravicoví konzervativní, zodpovedná politika bez zadlužování."
965,-0.2957745163676661,-0.6321303976809579,STAN,"člověk střední třídy, který s penězi vychází, ale nemůže je rozhazovat"
966,0.07425440069388041,0.13354452486078439,Other,Lidé kteří svými názory bych zařadil napsáno od středu
968,0.3347380340551704,-0.7292760475460347,Unknown,"Spolehlivý, drží dané slovo, dokáže uznat pravdu oponenta "
969,-0.1497379404940411,0.40801598121813115,ANO,"normální obyčejní lidé, kteří mají nyní velmi malé prostředky na své zdraví, dovolené, koníčky"
970,0.06771485490979684,0.7798639396863812,ANO,"Člověk střední vrstvy, s normálním platem a prací na plný úvazek "
971,-0.046230957341058976,-0.7100514584173916,ANO,"Finančně gramotní, vzdělání, zajímající se o seberozvoj, řeší otázku udržitelnosti, mají hodnoty "
972,0.2925667629003615,-0.21658197796909,Unknown,"Lidé, kteří už dávno prohlédli tuto hru na politiky a vedení státu a nemají zájem se jí dál účastnit."
973,0.27346506306427537,0.7301934515122935,Unknown,"Rádi žijí, cestují. Nebojí se práce,  výzev. "
974,-0.10498168330389888,-0.7920875951247658,Unknown,"Znechuceny tim, co se tady deje"
975,0.1820871627150524,0.11813485413078867,Unknown,"Lidé, kteří jsou schopni změnit svůj názor na základě různých diskuzí a zjištěných informací. Jsou schopni kritický zhodnotit nové poznatky."
976,0.4635256665404274,-0.15953891782509408,STAN,"Vyssi vzdelani, dobrý prijem a zivotni standard, hodnoty jdou pro ne dulezite a jsou ochotni pro ne neco obetovat, zajimaji se o spol.deni a politiku, maji vseobecny prehled, je pro ne zasadni demokracie,nesnasi komunisty a fasisty"
977,0.3792478444475144,0.48886893531979,TOP09,"Lidi, co si o politice nedělají iluze a volí to ""menší zlo."" Lidi co vědí, že na složité problémy neexistují jednoduchá řešení a proto se nedají zlákat populisty."
978,-0.42743152151799346,0.5682944275963392,Pirati,"Lidi se středním a vyšším vzděláním, ověřující si informace. Ochotni změnit tvůj názor."
979,0.3072176868084221,0.43923971209514573,ODS,"lidé s komplexním myšlením, jsou schopní chápat souvislosti a ne uvažovat izolovaně"
980,0.2344151489754288,0.23449898983605477,ANO,"lidé, kteří mají paměť na to co strany nabízejí před volbami a pak dělají něco jiného"
981,-0.5843592855645133,-0.40695642093266776,ANO,Takové lidi nesoudim a pokud nechteji nebavime se o politice
982,-0.7621989948567105,-0.14580653573234995,Unknown,Vubec je nezajímá politika 
983,0.07670819069415671,-0.43397892728503945,KSCM,Můžou to být lidé různí. I tito lidé mi mohou být  nesympatičti.
984,0.4790526321268947,-0.4959441568857216,Unknown,"Politika je vůbec nezajímá. Občas jdou volit,když si myslí,že strana co by zvítězila,by zde dokázala něco podstatného změnit."
985,0.6566047640888439,0.33093528987421617,STAN,"Ctí demokracii, přejí si, aby stát co nejméně omezoval přirozený rozvoj ve všech oblastech lidské činnosti (za dodržení etického jednání vůči lidem i přírodě) a dokázal podpořit potřebné, aby se co nejvíce mohli začlenit do běžného života."
986,0.14998315969762407,-0.25973300839086855,ANO,"Obyčejní lidé,kteří vyznávají pravdu,nesnáší lež,tunelování ČR,a současnou vládu"
987,0.7252186130987583,0.33128011075899005,ANO,"empatičtí, cílevědomí, ambiciózní, společensky prospěšní "
988,0.45694531121836685,-0.660961295793232,ANO,"Ponauceny, vtlzdelany , sebejisti"
989,-0.6793699004990662,0.0919460797744599,STAN,"Nebojí se dělat radikální změny, nespoléhají se ve všem na stát, jsou přístupni kompromisům"
990,-0.06344885840140867,-0.3984584197439288,STAN,"Zajímají se o politiku, jsou to mladí lidé, VŠ vzdělání."
991,0.3508387238718052,0.26258076559304244,KSCM,Tyto lidé mají pouze stejný názor a představu o životě jako já.Rád s nimi najdu společnou řeč a nejsem žádný organizátor a starám se spíše sám o sebe a o své blaho a tak by to měl mít každý se mnou sympatizující.
992,0.14017462849335285,-0.6064180196807785,Unknown,"Běžný občan státu, který nenadává na každou změnu a chápe, že některé reformy jsou nutné, i když bolestivé "
993,-0.6717369138096922,-0.23464867049369503,Unknown,"Liberální, demokratického smýšlení, jsou si však vědomi, že k uhájení svobod je třeba někdy použít méně demokratické postupy."
994,0.10994324300811156,0.09043807601217901,Unknown,"Lidé, kteří jsou celkově nespokojení se situací v ČR"
995,-0.09280786666267853,0.5708127382292045,Unknown,"Nikoho takového neznám. Mají sice názory podobné, ale stále si myslí, že existence politiky je správná a že bez politiky nemůže  stát a svět existovat. Já si naopak myslím, že politika by měla být trestná nebo aspoň zakázaná."
996,-0.2467738297505369,0.5769219671075269,Unknown,"pravicově smýšlející, kteří se chtějí starat sami o sebe"
997,-0.3746842549277358,0.3112654814199717,ANO,"Lídé, kteří vědí že nic není jen černé nebo bílé a že je potřeba zajímat se do hloubky. Zárověň si nesmíme idealizovat politiky, bohužel často mají i své osobní zájmy."
998,-0.7051152720286419,0.36578629071829766,ANO,"mírní, spolehliví, dobří, mírumilovní"
999,0.06808872878765228,0.755977312157462,Other,"Svobodní, chytří, normální "
1000,-0.7357536162266676,-0.1220174206383662,TOP09,Nevim nenapada me jak popsat 
1001,0.3911411064678343,0.10142137362870801,ANO,"Obyčejní lidé s obyčejnými, ale pro ně důležitými problémy."
1002,-0.7600740321920476,-0.08456164359592247,STAN,Politika není důležitá a můj život neovlivňuje.
1003,-0.037085130288087645,-0.5341217414383952,ANO,"Jsou sympaticti, klidní,  pracovití, radsi řeší práci nebo osobní věci než politiku. Rádi se vzdělávaji a učí se nové věci. "
1004,0.3450472978521778,-0.0016299565481761916,KSCM,"Lidé, kteří si nenechají nikým vnutit žádné myšlenky a radši si sami zanalyzují dostupné informace."
1005,0.2606727357853756,0.069317114489759,Unknown,"Lidé, kteří smýšlejí o polotice jako já, bývají spíše klidní a praktičtí. Myslí si, že politika je složitá a že volby toho moc nezmení. Mají pocit, že politici často slibují věci, které pak nesplní. Nevěří moc tomu, že jeden politik nebo strana dokáže skutečně vyřešit velké problémy. Proto raději věnují čas svému životu a rodině než politice. Tito lidé mají pocit, že je lepší se starat o vlastní spokojenost než čekat, že něco vyřeší vláda nebo volby."
1006,0.5539462775467784,-0.5020495044257647,Other,"S těmito lidmi se cítím na stejné vlně, mohu si s nimi popovídat o čemkoliv."
1007,-0.5282408939461647,0.5089509436073932,Pirati,Volime piraty protoze cesko potrebuje zmenu a ne jen kecy starych lidi.
1008,0.41285171250084185,-0.3603989931090289,STAN,"Chápou, že společenská situace je složitější, neobviňují současnou vládu, ale jako vývoj společnosti. Hodnotí jednotlivce podle dovedností a chování a ne podle toho, čím jsou. Nezačínají diskuze typu “ti dnešní mladí”."
1009,0.7059108502385596,0.0013729254485402513,Pirati,"Stejné koníčky a názor na svět. Rozhled v sociální, kulturní sféře"
1010,-0.28633621063111275,-0.7124156962041936,TOP09,"Liberální, mladší člověk, žijící ve větším meste"
1011,0.4621049235180256,-0.5154039814408777,ANO,"Mají dost současné vlády, chtějí změnu"
1012,-0.2060131864173302,0.2899600503766281,STAN,"Lidé s vysokou školou, lidé zvyklí si informace ověřovat. Lidé na vyšších pozicích, kteří chápou důsledky a hrozby politického populismu."
1013,-0.27483466993659106,-0.6139551325144251,STAN,"Mají vyšší vzdělání, zkušenosti a zážitky s různými situacemi. 
Empatie, vzájemná úcta, slušné chování - tak by se měli chovat všichni bez rozdílu.."
1014,-0.37499278280565396,-0.11731541477891848,ANO,Jsou to normálně myslící lidé
1015,0.6210921381656799,0.16619590922898916,Unknown,"lidé, co dokážou prokouknout nenasytnost a farizejství, populismus a lež u politiků, vidí činy politiků a jejich důsledky pro občany"
1016,0.1594013884910982,0.784633437803261,ANO,"Racionální, realističtí a poctivý."
1017,0.2850755278763647,0.19261376130503788,Pirati,"Vzdělaní lidé jakéhokoli věku,kteří jsou ochotni prevzit zodpovědnost za svůj život, nespoléhají na sociální dávky (ale vnímají je jako záchrannou síť v případě nemoci či osobní krize), zajímají se o budoucnost mladších generací, nechtějí žít na dluh (ani konkrétně,ani obratně), u dětí kladou důraz na vzdělávání a slusnost"
1018,-0.22520034474533246,-0.7599923081478224,ANO,Je jich v mém okolí poměrně málo. 
1019,0.03434899852902951,-0.12016265093297045,Unknown,"Že to jsou lidé, kteří se sice politickými otázkami zabývají, o politice se někdy spolu pobaví, ale mají především jiné problémy k řešení, než politiku."
1020,0.2949168824669469,0.14449134438193784,STAN,"Lidé, kteří se snaží nedělat problémy a nechat ostatní žít. Zároveň vyznávají tradiční hodnoty."
1021,-0.10104693622404595,0.10004393133605896,Unknown,"Jsou to lidé,kteří se nezabývají vlastním prospěchem,ale přitom neubližují nikomu ani nikomu nestraní."
1022,0.7267435696784589,-0.28184016535234346,ANO,tito voliči loajální k volené straně
1023,-0.1974299032985329,-0.5917292320077387,STAN,Zajímají se o politiku trochu stejně jako já 
1024,-0.2854122432942995,-0.24065489741279633,SPD,Lidé podobné jako já vnímám politiku 
1025,-0.17517354576750915,0.08679561720680415,SPD,"Lidé, kteří spoléhají sami na sebe. Lidé, pro které jsou preference v tomto pořadí: rodina, sousedé, obec, stát. Lidé, kterým nevadí jiný politický názor, ale vadí jim třeba plýtvání veřejnými prostředky typu podplácení naší líné a uřvané menšiny prostřednictvím štědrých dávek, klientelismus, zlodějské neziskovky (ne všechny, pouze cca 98 procent). Nemohu napsat vše, nemám k dispozici několik desítek hodin."
1028,-0.5720995105087442,-0.36993716853963166,STAN,"Laskavý, moudri, demokrati, schony videt veci tak hak jsou, nepodleha populismu, uprimny, nelžu, spravedlivy, realista"
1029,0.7419743011721641,0.057441665622296564,ANO,Chápu to každý má názor nějaký 
1030,-0.34325124000662577,-0.6804709443690244,KSCM,Aby uznali i dobré věci minulého režimu. 
1031,-0.1774411541263815,-0.5041049973317749,Other,jsou to lidi s kritickým myšlením a berou v potaz více úhlů pohledu
1032,0.3467609347559487,0.14763585506862978,ANO,"starší lidé,kteří už něco prožili."
1033,-0.08063407636747351,-0.27120403599371357,Unknown,Jsou to lidé se stejným vnímáním a řešení problémů.
1034,-0.11247562549778867,-0.7158888166055664,ANO,"nijak, s lidmi se o politice nebavím"
1036,0.3199566999005365,-0.5241268783683708,ANO,"Nevím, jak smýšlí ostatní lidé "
1037,-0.459852961571673,-0.39755069349778305,ANO,nevim me to moc nezajma lidi
1038,-0.3569807661182022,0.14154454704926334,ODS,"Lidé, kteří se zajímají o dění kolem sebe, chovají se slušně, jsou ochotni nezištně pomáhat a dělá jim to radost.
Nemají rádi velkohubé politiky, nevolí KSČM, SPD a ano. Ví, v čem tkví hrozba populismu. "
1039,0.0946000702221991,0.6962521954455082,Pirati,"Tolerantní lidé, proevropsky smýšlející, přemýšliví, s kritickým myšlením."
1040,0.6554535755452274,0.39070410928282434,Pirati,"Středové zaměření, s akcentací na sociální stránku, ale také na menší podnikatele a OSVČ. za důležité považují zdravotnictví, vzdělávání (nehrazené) a ekologii."
1041,0.2976460840325392,0.6900469765102825,ANO,"Primárně jimjde o to kam naše země směřuje. Je třeba zajistit chod hospodáství, průmyslu. Nebýt jen montovnou. Je smutné že evropský vývozce elektřiny, kterým ČR beze sporu je, má nejdtažší elektřinu.
Tahle vláda fialové bídy musí skončit. "
1042,0.7224498475312261,-0.24754615524990714,STAN,"zajímají se o dění doma i ve světě, "
1043,-0.06166562416651344,0.7665729474863543,ANO,"může to být kdokoliv, mladý ,starý, dělník, důchodce, úředník apod. , takový člověk se nedá popsat"
1044,0.0033459368258485353,-0.3475808429950409,ANO,"Jak jsem již psala, o politice se veřejně nebavím, takže nemohu popsat lidi, kteří mají stejné politické smýšlení, jako mám já. "
1045,-0.12327408423831387,-0.5521944411933565,Other,"mají zájem a berou to jako svou zodpovědnost se o sebe postarat finančně, žijí zdravý životní styl a dbají na prevenci, berou operaci jako poslední možnost a nebojí se být odlišní. spoří si"
1046,0.1818951873509536,-0.43161219655668087,ODS,Normální lidé žijící normální rodinný život 
1047,-0.1946579757029965,0.6463739330441283,ANO,obyčejní rozumní lidé milující svobodu a demokracii
1048,-0.20936146998050156,0.7507511701308738,Other,"Většinou vědeckého zaměření s vysokoškolským vzděláním, demokraticky orientovani. "
1049,0.6395816271453436,0.42164242980838174,ODS,"Stredni az vyssi trida, vzdelani, s detmi, spolehaji se na sebe - ne na stat"
1050,0.008365802585512524,0.7364064133297006,STAN,"je ochotný naslouchat názoru jiných lidí, dokáže argumentovat bez nadávek, obviňování či násilí, je ochotný ke kompromisu, je slušný, dodržuje zákony a jiné normy, chápe nutnost úspor v rozpočtu (že nelze snižovat daně a zároveň zvedat platy a důchody), považuje za normální chodit do práce, je-li to v jeho možnostech, pomáhá ostatním"
1051,0.1554194297746457,-0.7693326341858867,Pirati,Jedná se stredo-levicového voliče s velkým fokusem na lidskou důstojnost a sociální spravedlnost. 
1052,-0.7240719633434554,0.06301083614966507,ANO,Vysoké prijmy rodina lidi všeho věku 
1053,-0.35605723059338407,0.4922278940334356,ANO,Mají stejný názor. Každý člověk má právo na svůj názor
1054,0.6356232514369127,-0.4647033979697919,ANO,"Budou odtažití, nedůvěřivý, váhavý, tvrdohlavý, příjemný "
1055,-0.3591912215299584,0.5250078978170885,Other,Lidé se selským rozumem s empatii hlavně nemyslí jen na sebe a nelžou.
1056,-0.0023089335089989606,-0.7397904350599765,ANO,ne nejsme nic a nikdo o koho se zajimam
1057,-0.5221305486839409,-0.3154032792402009,Unknown,"Momentálně jsem zaměřena na vlastní rodinu, děti, politika jde aktuálně mimo mě. Je to téma, které vyvolává hádky, nepochopení a nerada se pouštím do těchto debat. Priority mám momentálně jinde a rozhodování, dělání názorů a řešení politiky nechávám na jiných. Na nikoho nejsem zlá za jeho názor a nikoho nepřesvědčuji. Každý má právo volit dle sebe."
1058,-0.3624348402734391,-0.1324992164583675,ANO,"Rozumní lidé,kteří nechtějí drahé potraviny, léky, služby. Lepší život v důchodu."
1059,-0.6912499852560623,-0.336805753159087,ODS,"Praktičtí, spravedliví, smysl pro pořádek, rozhodní "
1060,-0.17580887011450488,0.002877925768529259,STAN,"Lidé, kteří jsou inteligentní, zajímají se o svět kolem sebe. Mají dostatek peněz na bydlení, jídlo a na své koníčky, ale peníze pro ně nejsou to nejdůležitější. Jsou poměrně spokojeni se svým životem, proto nepotřebují hodnotit druhé nebo jim závidět. Mají dostatečné vzdělání či zkušenosti na to, aby dokázali vyhodnotit dlouhodobé dopady rozhodnutí politiků a nenechali se zlákat populistickými sliby. "
1061,-0.412887922410008,0.17289372562355343,ODS,"Jsou to pravičáci. Ve větší míře podporují vládní koalici. Jsou hlavně pro demokracii, členství v EU a NATO. Chápou, že se mění celosvětově klima a planeta se otepluje."
1062,-0.5758687204490527,0.49419271568463385,ANO,"Normální, solidarita, pracující pokud to zdraví dovolí, rozumný, "
1063,-0.7794538006692674,-0.07927796637484265,STAN,Mám ráda upřímné jednání 
1064,-0.6802647649973933,-0.29145851178063414,STAN,"Snaží se volit menší zlo, protože nic jiného nám nezbývá"
1065,-0.01892483569744861,-0.6351935998475337,SPD,"Do války na Ukrajině bych se nijak nemíchala a k uprchlíkům z Ukrajiny bych se chovala stejně jako k jiným uprchlíkům, zvláště bych se hned z počátku zajímala o jejich finanční situaci a nevyplácela všem podporu, i když jí vůbec nepotřebovali. Především bych na Zelenského i Putina apelovala, aby se snažili co nejdříve ukončit válku. Rozhodně bych odmítla se války jakkoli účastnit, neposílala bych zbraně ani jedné zemi, zachovala bych neutralitu."
1066,-0.5877624436915213,0.24161317562903414,Other,"Lidé se zdravým rozumem, vzdělaní "
1067,-0.6894910378197895,0.009945416995122377,Unknown,"svoboda je spojená se zodpovědností, toto nelze oddělit. nikdo se nemám jen vézt, každý může a měl by něco pro společenství, kde žije, dělat, něco odvádět. "
1068,0.012106367372262528,-0.1623025284027892,Unknown,Jsou to lidé dobře se orientující v mezinárodní politice a vyznávají princip demokracie
1069,-0.024206160297554055,0.7511419654186499,Unknown,"Vysokoškoláci, se zájmem o ekologii, biozemědělství, technologie, sport a zdravý životní styl.
Lehce “alternativní” pro dnešní svět."
1070,-0.7292492276280307,0.10954078902274227,Unknown,"Je jim to celkem jedno, protoze zadna strana neni spravna. Zadna nezajisti blahobyt a aby se lide meli dobre."
1071,0.06275548603897378,0.17487529006812833,SPD,"Podporovatelé Donalda Trumpa a jeho politiky, konce války na Ukrajině. Lidé s negativním postojem k současné podobě EU. Lidé, kteří si velice váží své svobody, práva na vlastní názor a na to navazujicí svobodu slova. Lidé nepodléhajicí lži o CO2, elektromobilitě a obnovitelných zdrojích. Jsou to lidé, kteří si na sobě nenechají testovat vakcíny."
1073,0.5453539364286468,0.519953837633118,Pirati,Prijemni pratelsti nejsou to blbci
1074,-0.030029052597908282,-0.7949471547324382,KDU-CSL,"křestané, hodnota rodiny (máma+ tata+ dítě) jiný vzorec ne, "
1075,0.26661408801269,-0.17286173773512453,SPD,"Tito lidé se většinou dělí na dvě naprosto odlišné bubliny. Pokud jsou v politýckých otázkách stejně smýšlející jako já a pochází i ze stejné společenské vrstvy, tak jsou naprosto střízliví ve svých názorech, hledají si informace i jinde než jen poslouchají veřejnoprávní televizi a čtou podplacený tisk, uvažují samostatně a  dělají si vlastní závěry. 
Pak je tu skupina lidí, nenáviděná většinou národa, která se mnou nemá vůbec nic společného (co se týče vzdělání, zaměstnání, záliby apod.), ale vyznávají třeba stejný politický směr. "
1076,0.6823472672654296,-0.27212088649025123,ANO,Realiste kteri spolehaji prevazne na sebe.
1077,-0.43215859952915797,0.5088199254490732,ODS,"Lidi, kteri se desi vlivu Ruska a maji obavu z dezinformaci. Obavaji se vyse statniho dluhu a obranyschopnosti nasi zeme. Nemaji radi populisty. Chteli by, aby byly dane snazsi (kdo vymyslel ten strasny system vyjimek?), aby se prestalo obchodovat s chudobou a lidi meli rovny pristup ke vzdelani. "
1078,-0.04627776683452539,-0.09824678321828771,ODS,"Na první místa žěbříčku hodnot staví svobodu, demokracii a lidská práva. Dokáží respektovat odlišné názory u druhých lidí, pokud tito neohrožují demokracii a práva dalších lidí. Uvědomují si, co jsou nyní skutečně vážné problémy, např. že ruská agrese  a další totalitní režimy (Čína, Írán, Severní Korea) jsou teď zásadní hrozbou, proti které je prvořadé se postavit, např. co největší podporou Ukrajiny (včetně vojenské). Jsou to lidé, kteří jsou liberálové v původním slova smyslu, že respektují svobodu ostatních a nemají pocit, že by stát nebo nějaké avantgardní skupiny měly ostatním lidem zakazovat nebo přikazovat, čím mají jezdit, čím topit, co mají jíst, pít apod. Odmítají např. zvýšené daně na slazené nápoje. Jsou ohleduplní vůči životnímu prostředí, dělají a pdporují praktické kroky, jako jsou adaptační opatření, zelené střechy, obnovitelné zdroje energie, omezení plýtvání, ale jsou proti byroktratickým nařízením a zákazům, jako je zákaz spalovacích motorů, zavádění modrých zón ve městěch apod. Nemyslí si, že by stát nebo samospráva měly lidi vychovávat, ale že jim mají sloužit. Jsou pro to, aby všem menšinám byla zaručena rovná politická práva, jsou proti diskriminaci žen, sexuálních menšin apod., ale vadí jim aktuální hysterie kolem politické korektnosti. Pohled na pěknou ženu nepovažují za obtěžování, odmítají pozitivní diskriminaci a kvóty, nemyslí si že vtip o Romech nebo o homosexuálech je nějaký strašný hřích, za který by se měl člověk stydět. Vadí jim nucená digitalizace, když např. město zpoplatní parkování a ani na místo neumístí automaty, takže kdo nemá v mobilu data a banku, je ztracen."
1079,0.1493460868730116,0.08928505983752526,STAN,"Lidé, kteří jsou vzdělaní. Nejsou nutně VŠ vzdělaní, ale mají zájem o dění ve společnosti. Politika a to, kam se bude ubírat náš stát, jim není jedno. Umí rozpoznat dezinformace a dohledávat a ověřovat informace. Umí svůj názor vyjádřit civilizovaně a jsou schopni diskutovat. "
1080,0.6985001954335335,0.03289327195454016,TOP09,Lidi podle politických názorů nehodnotím
1081,0.026983747699355208,0.30056988298481563,ANO,"Lidé, kteří jsou znechucení současnou vládou pětikoalice, kteří chtějí menší výdaje a ochotu pomáhat lidem"
1082,-0.4055392935534157,-0.10466644366899545,ANO,Lidi kteří pořad za vše platí zdražuje se 
1083,0.315126876012691,-0.6749508979945181,Unknown,Já nevim opravdu nevím nevím 
1084,0.3748728875311848,0.6982214344521376,STAN,"Samostatní, pracovití, nezávislí občané"
1085,-0.3741123285084716,-0.6788908843700028,KSCM,"Každý má právo volby, jsem rada"
1086,-0.17173354375480646,-0.3640924101483284,Pirati,"Jsou to lidé, kterým záleží na politickém dění a kteří kladou důraz na čest a zodpovědnost politiků. Umějí kriticky myslet, odhalovat populismus a manipulace. Dokážou se o sebe postarat, nezneužívají podporu a dotace. Zapojují se aktivně do společenského dění, dle možností i do dobrovolnických aktivit a podporují smysluplné projekty případně i finančně (dary). Účastní se voleb, přičemž předem hodnotí programy stran a postoje kandidátů."
1087,0.7638901196566062,-0.01734930056965926,ANO,S těmito lidmi se rada budu bavit o politice či jiných zajímavých tématech 
1088,0.7069658121285184,-0.32069068680035434,Unknown,Bez argumentů o ní nemluví. 
1089,0.3066626700727701,0.493932335164325,KDU-CSL,"Tito lidé nejsou nějak moc znalí v politice, vyrůstali v prostředí křesťanského."
1090,0.0023343164831294773,0.19749093999875517,STAN,"Lidé, kteří věří v demokracii a vše, co s ní souvisí - práva, i povinnosti. Lidé, kteří mají a přebírají zodpovědnost za své činy, za své chování, za svá rozhodnutí. Lidé, kteří jsou ohleduplní k druhým, nechtějí omezovat základní lidská práva ostatních občanů. Lidé, kteří se snaží pomáhat."
1091,-0.1608412995851416,0.7196298715261528,ANO,"O politiku se zajímám jen okrajově, nakláním se ke stranám kde cítím podporu a menší zlo než u ostatních"
1092,0.44093679797920043,-0.4649671564064712,STAN,"Připadají si zmanipulovaní a zahlceni informacemi jejichž pravdivost si nemohou přímo a jednoduše ověřit. Chtěli by něco jako řízenou demokracii, ale ví, že to není možné a žádný osvícený panovník neexistuje. Věříme na vědu a historií ověřené pravdy o dobrých lidech a narůstající moudrost, pomocí které se většina lidí do budoucna snad zachrání a vychová k moudřejším a tím lidštějším vztahum mezi sebou."
1093,0.1860064444163784,-0.023485395114220275,STAN,"lidi, kteří jsou rozumní, známí, nejsou idioti"
1094,-0.7923275136190734,-0.05528415931596219,ODS,Volič pravice se sociálním cítěním.
1095,0.5259220608349083,-0.2575925235693624,Unknown,"Nemají vyhraněný názor, jsou otevření a respektují jiné pohledy a svobodu volby"
1096,-0.13053270375390366,0.5315940149304839,Unknown,Lidi kteří uvažují o problémech v širších souvislostech a nejsou krátkozrací při zásadních otázkách. 
1097,-0.68048515428149,-0.02252948430812321,Other,"Není jim jedno to, jak se zástupci této strany chovali v době své moci. "
1098,-0.09707266908802917,0.36188931181308875,ANO,"osoby, kteří mají rádi řád, nízké ceny a inflaci. Kteří chtějí nízké prodejní ceny nemovitostí, kteří nemají rádi uprchlíky "
1099,0.05770166787585548,-0.5010913677171152,Other,Normální lidi. Nevidím na nich nic speciálního. 
1100,-0.43048037110621545,0.48429667525932496,ODS,Takový člověk je zastánce politiky která podporuje podnikání a vytváří pozitivní prostředí pro rozvoj firem. Vnímá důležitost svobody slova a vytváření otevřené společnosti kde se mohou všichni vyjádřit. Chce zjednodušení s zprůhlednění procesu ze strany státu čímž chce odstranit byrokratické překážky také pro firmy a živnostníky. Rad by aby zde byly podmínky pro vytvoření vhodných podmínek pro zahraniční firmy. 
1101,0.6657744182539951,-0.3694787033728847,TOP09,"Pracoviti, přicetni lide, važici si svobody"
1102,-0.706929363969499,-0.16571644363539692,Pirati,"Odpůrci komunistů a komunismu vůbec, liberálové, inteligentní, přátelští, empatičtí, zajímají se o dění kolem sebe, ochranu přírody a zvířat."
1103,0.6840960097018697,0.2649779774789216,ODS,"pracovití, podnikaví, uznávají demokracii, člověk se má především postarat sám o sebe a ne spoléhat na stát, který se neustále zadlužuje kvůli pochybným slibům populistů"
1104,-0.1493264958723545,-0.6043080994526921,ANO,mají rozum a vidí co se děje
1105,-0.4735660631036008,0.539630594732728,ANO,"Mají většinou vyšší vzdělání, nejsou spokojeni se současnou vládou, jejíž výsledky považují za nesocialni, protichůdné vlastním volebním slibům. "
1106,-0.13682893894569872,-0.6592377611782599,STAN,Žij a nech žít. Nenutí nikomu svůj názor. Před rozhodnutím se pořádně informují.
1107,-0.399446428158181,-0.5938314213296432,STAN,"Člověk toho typu musí mít nadhled. Řešit budoucnost nejen nás, ale i našich dětí. Spolupracovat s ostatními zeměmi. Soucit a pochopení, přitom jasný řád a důslednost"
1108,0.18156404669609486,-0.22711111201039064,Unknown,"Chápou věci v souvislostech. Nezajímá je jen momentální situace a momentální změna, ale i dopady, které to bude mít dlouhodobě. Mají zájem o celospolečenské ""dobro"", které překračuje hranice toho, co se jich přímo dotýká. Např. i když z opatření bude nejvíc benefitovat někdo jiný než oni - tak pokud vnímají, že daná skupina to skutečně potřebuje a celospolečensky je to prospěšné, tak to vnímají jako dobrou věc. Jdou otevření, zvídaví a chtějí věci pochopit. Nevnímají věci černobíle, ale snaží se zhodnotit plusy a mínusy a pak z toho teprve dělat závěr. Jsou ochotni přistoupit i na řešení, která nejsou veskrze ""příjemná"", pokud u nich vnímají dlouhodobý přínos, nebo že jsou nutná, popř. je třeba udělat kompromis."
1109,0.49270516129429587,-0.002155626691403972,Unknown,"Popsala bych je jako lidi, kteri opravdu vi, co je to demokracie. Nejsou to ovce, vetsinou jsou to oide, kteei k volbam nejdou, protoze vi, ze stádo jinych ma uplne jine mysleni a nekdy se az divite, kdo ma tady praho volit. Nehlede na to, ze neni z koho volit. Jsou to lide s uplne jinou mentalitou nez českou."
1110,-0.26026226190229707,0.5918899072381751,STAN,Věří v budoucnost EU a v demokracii. Jsou schopni si ověřovat informace 
1111,-0.24776169806130063,-0.48443552812191953,Unknown,"Ihned vy odvolali vládu. Dávali by peníze vybrané na daních lidem v ČR a neposílali je na Ukrajinu, kde se póze ztratí. Přemýšleli, zdali pro nás ještě stále je účast v EU větší přínos než negativní dopady. Obnovili by automobilový průmysl. Neprodali by nikdy státní podniky (pivovary,aerolinky,…), aby i naše země měla své významné prodejce na trhu. Zmeninili by systém školství. Zakázali by dávat/podsouvat detem možnost, ze jsou jiné pohlaví než se narodiliy. "
1113,-0.38994282569095257,0.369063114839023,STAN,"Myslim, ze se jedna o lidi vesmes VS vzdelani, pripadne takovych, kteri sice vysokou nedokoncili, ale jsou to chytri podnikavi jedinci s vyssimi ambicemi.
Jsou ve stredni/vyssi stredni tride. Maji solidni prijem a ziji pomerne pohodlne zivoty, i kdyz napriklad otazka vlastniho bydleni pro ne muze byt pri soucasnych cenach komplikovana. Maji urcite zivotni hodnoty, kterymi se ridi a ktere jsou pro ne podstatne. Dokazi kriticky premyslet a vyhodnotit plane sliby a populisticka gesta. Maji prehled o historii. Zajimaji se o ekologii, globalni oteplovani a zmenu klimatu, snazi se ke svym rozhodnutim pristupovat strategicky. "
1114,0.6525460747617317,0.1943759098628132,Unknown,Nevím. Neřeším politiku. Těžko říct.
1115,0.11822348013375791,-0.49237236930861356,Unknown,Lidé nejsou stejní každý jsme jiný 
1116,0.5901421491290929,0.5214821090198077,TOP09,nikdy jsem takto neuvažoval
1117,0.7440275318930597,0.17675290197397628,STAN,Zodpovídají za svůj blahobyt sami na svou zodpovědnost 
1118,-0.2781958658043754,-0.6725795887693315,ANO,"Mladí, pracijici lide .dal nevím co napsat"
1119,-0.3590847958367289,0.7133457194963085,Unknown,Zajímá mne to a sleduji politiků 
1120,-0.752415229176286,0.01632935005997378,Unknown,"Určitě nebudou fanatici, nebudou se v politice pohybovat za každou cenu. Budou si vážit života a své rodiny "
1121,-0.029271339207684603,0.6547076431095525,SPD,"Jsou empaticti,chtějí pomáhat lidem,zvířatům a nemyslí jen na svoje potřeby. "
1122,0.2244109355454779,0.7000685056545836,ODS,"Agresivní, neprizpusobivi a nechtějí přijmout názor jiných "
1123,-0.3450053791586936,-0.5878341205848185,ANO,Se zájmem něco změnit.Porozumet politice a ne vykřikovat pláně výhrůžky a nadávat na politiku
1124,-0.10968980241598408,0.31143474847232844,SPD,lidé kteří používají mozek
1125,-0.16442101521810173,-0.6658240850435195,STAN,"Všichni do nějaké míry nesou odpovědnost za problém, na řešení by se měli podílet všichni, všichni by se měli účastnit voleb, měli by dělat nějaký vlastní předvolební průzkum toho co jim kdo slibuje a jaká je reálná šance že to skutečně splní apod. Což dle mého názoru většina lidí nedělá (štve mě to ale také to chápu)"
1126,0.19922045645225064,-0.5527941444802207,ODS,Jako lidi co dokáží aspoň porozumět lidím s těžkým životem (těžkou životní situací) a snaží se je jakkoliv podpořit např. rodina postiženého chlapce nemá peníze na speciální auto a nikdo jim nechce přispět
1127,-0.45368071407227906,-0.6254931870639487,ANO,"Zamestnani lide v neumeleckych sferach, ucitele, delnici, urednici, seniori"
1128,-0.06136424915019311,-0.7272582888167556,Pirati,"otimističtí, mírně zfetovaní, bez prakticého vzdělání, všehoschopní"
1129,0.3934409916546963,-0.6153916628677034,STAN,"Nevím, podporují strany, které neschvalují Putina"
1130,-0.5473424477307125,-0.070931398560769,ANO,"Lidi kolem 25-35 let, kteří pochází z mého kraje."
1131,-0.2876033479583635,-0.3746517647529849,STAN,"Opak toho, co jsem psala předtím. Lidi, co respektují životní volby ostatních a jsou otevření. Lidi, co jim není jedno, jak se žije menšinám a chovají se zodpovědně vůči ostatním i vůči planetě. "
1132,0.47598018108002416,-0.3566927975322107,ANO,"Přínos politické situace není vždy o straně, ale především o lidech. Někdy je záměr dobrý a provedení katastrofální. Někteří lidé ví co a jak a oblast hodně prospívá. "
1133,-0.7269119280923387,0.30681300927420346,STAN,"Mysli na budoucnost rozumným pohledem, žádný extremisté "
1134,0.27103636094357975,-0.4511865502415772,Unknown,"jsou pohodoví, pracovití a přemýšlí o tom co bude do budoucna"
1135,-0.6458521593080394,0.3882769453463783,ODS,"zajimaji se o budocnost nejen svou, ale i svych potomku a dalsich generaci, mysli na nasi zemi, at uz ve smyslu udrzitelnosti planety nebo nasi republiky. vi co je demokracie a vazi si techto moznosti co tu mame.  "
1136,0.7085234731909867,0.08782767027223276,ANO,Rozumně uvažující lidi s ekonomickým a politickým přehledem.
1137,0.5100914057954683,0.15255594735386224,Unknown,"Popsala bych je jako rozumne uvazujici lidi, kteri jsou schopni logickeho premysleni, a zaroven nepostradaji empatii."
1138,-0.4421199375734625,-0.2671207163000999,Unknown,Lidi jako já se o politiku zajímají okrajově a soustředí se jen na určitě věci které jej zajímají. Tolik o politice s ostatními nemluví protože nechtějí vyvolávat zbytečné debaty a že zkušenosti se snaží vyhnout konfliktům.
1139,-0.08831037282887842,0.30071916627480366,ANO,Lidé kteří nemají rádi Ameriku
1140,0.1032607608489109,-0.65749293481301,SPD,"Neškatulkuji lidi podle toho, koho volili. O politice se s přáteli nebavím. "
1141,0.4583211265123074,0.445079149867482,ANO,"Zahr. politika: myslí si, že agresor je Rusko a Palestinci, nikoli Ukrajina a Izrael.   
Ekonomika: chápe, že v zájmu dalších generací je nutné šetřit a zavádět nějaká nepopulární opatření. Nechápe ale, že si vládnoucí politici jsou zároveň schopni beze studu zvyšovat platy a vymýšlet další benefity. Také pochybuje o jejich inteligenci, když i přesto věří, že budou v příštích volbách opět zvolení (-:
Udržitelnost: také chápe že jsou nutná opatření ekologická, nemyslí si však, že to, co se v rámci EU dosud vymyslelo, je vždy to pravé (např. nesmyslná podpora elektromobility)
 "
1142,-0.5869934660043893,-0.5344269362942683,ANO,Voliči ano ano ano ano ano ano
1143,0.0392822031527512,0.37861572074749883,STAN,"Jsou to lidé střední vrstvy, jako jsem já, kteří musí přemýšlet, jak ušetřit, aby vyšli s výplatou. Mají zdravý pohled na tento bláznivý svět a nenechají se ovlivnit stupidními bláboly politiků"
1144,-0.29198590151479265,0.7247387693976157,ANO,"Do politiky se radši nemíchám, nakolik tomu tolik nerozumím."
1145,0.4894405247134515,-0.14930517200865406,SPD,Tak hlavně bych chtěla aby se Česko postaralo o problémy co se dějí tady. Nechápu že na děti kteří potřebují drahou operaci musí vybrat rodiče od obyčejných lidí. Ale na pomoc Ukrajině se finance našly a vlastně i na lidi této národnosti.  Chápu že pomoc potřebovali ale nemuseli mít úplně vše zdarma.
1146,0.51539298452548,0.35931344300791157,ANO,Popsala bych je jako lidu který mi jsou víc blízký a víc si mužem povídat a rozumět když mame stejný nazor
1147,-0.6115687678144767,-0.3581330486305571,Pirati,"liberální, neverici lacným slibum politiku "
1148,-0.38229110329753896,-0.28957449319318407,Other,"Politika má vliv, si tak jako lidé. Záleží jenna nás jaký život, se rozhodneme žít."
1149,-0.09308499599371024,0.33968735510998693,ANO,"obyčejní lidé,kteří mají zdraví selský rozum."
1150,-0.4346473318185494,-0.6311698255102062,Unknown,"Střed, který se snaží o bezkonfliktní žití."
1151,-0.11988747153324511,-0.27989779265496256,STAN,"Politici na úkor zadluzenosti vydávají neuváženě příspěvky a dotace. Sliby z předvolebních akcí dodržují jen výjimečně především kvůli koaličním smlouvám. Hospodaření státu se mi dlouhodobě nelíbí, jelikož poslední slovo mají většinou lidé, kteří mnohdy v daném oboru mají nulové zkušenosti a vzdělání (viz. mnozí ministři). "
1152,0.5878951203394025,0.2074971730279458,ANO,Můžou to být lidé z různých vrstev a různého postavení. Nerozlisuji lidi podle jejich politického postavení. Buď je mi sympatický nebo ne. 
1153,-0.6875064644702282,0.21743859346904473,Unknown,Nevim nedokážu posoudit  neznám konkrétní lidi
1154,-0.23660980932144837,-0.26193464178496917,STAN,"Lidi, kteří používají hlavu, mají přehled, umějí počítat."
1155,-0.3626455317239583,-0.019164565110005593,Unknown,"jsou to lidi v pohodě, ale i snima může mít člověk rozdílné názory, ale jsou schoný vést smysluplnou politickou debatu, a nemají problém přiznat, že se spletli. Rozhodně dokažou tvrdit, že i jejich politická strana, nedělá správné kroky, a je to jenom ku neprospěchu."
1156,0.7576125965989815,-0.0931928401923312,STAN,nevim nevim nevim nevim nevim
1157,-0.42896300227755835,0.3085289866182971,ODS,"Jsou to lidé se kterými vyhledávám kontakt. Mají argumenty/hodnocení situací, se kterými se umíme vzájemně ztotožnit. Pokud však umí vést společenskou zábavu pouze na tyto témata, je konverzace v delším časovém horizontu také náročná (opět zde beru v úvahu hodnocení náhodného společenského setkání, jako je např. ples, zahradní párty u přátel atd., nikoliv politický klub a jeho diskuzní setkání)."
1158,0.5619417106814878,0.14483689444455958,ANO,"Lidé co se chtějí mít dobře, nechtějí se dřít pro pár korun a většinu své výplaty dát státu na daně a pojišťovnám. Chtějí pracovat a fungovat"
1159,0.08399736079935823,0.7713108952144482,TOP09,"Skromní, ví co chtějí, co chtějí dosáhnout, rozumí problémům, ví o co se jedná a za čím si jít."
1160,0.015391553617149153,0.777139371967729,ODS,"Střední třída, zaměstnaní, děti, společensky aktivní."
1161,0.005239735996737931,-0.4882062972395104,ANO,každý člověk volí podle sebe ale když se najde člověk který je na tom stejně jako já tak si o tom povídáme
1162,-0.25500286827823754,-0.5180170490941333,ODS,"Budou to lidé otevření, vnímaví, inteligentní, tolerantní a hledící do budoucna, hledající vzájemné souvislosti a myslící spíše na druhé a blaho celku než sami na sebe - přesto to nebudou zanícení socialisti nebo snad dokonce komunisté - jen umí vyvažovat realitu s potřebami."
1163,0.7054949071556791,0.36170719422927966,Unknown,"Nesouhlasí s EU, s politikou evropské unie, nesouhlasí se zavedením eura. Nepodporují válku na Ukrajině"
1164,-0.11404380727394488,0.06827632539896605,KDU-CSL,"Lidé, kteří mají pevný hodnotový základ, jsou konzervativně založení, prozápadní, podporují členství v EU a NATO... "
1165,0.26345241522384394,0.6173717140661172,Other,dělají politiku jako službu lidu země
1166,0.34841579119642996,-0.3425285254026837,ODS,"Lidé spoléhající především na sebe, podporu státu vyžadují pouze v případech krize. Nejsou aktivisticky zaměření. Mírně konzervativní názory a nezacházejí do extrémů. "
1167,0.5093906365155912,0.29357711098530226,Unknown,"Lidé s vlastním názorem, muj postoj není dan jako ten správný pro všechny "
1168,-0.6450866734203146,-0.020876236152369894,Pirati,"Jsou otevření názorům, nehledí na situaci pouze negativně."
1169,-0.5451648407428648,-0.4553130739188094,Unknown,"Máme velmi podobné vnímání těchto problémů, kdy se maximálně třeba lišíme názory v tom, jak přesně by se daný problém měl řešit"
1171,-0.5096268697818983,0.5561545077209794,Unknown,"Myslí na budoucnost mladých, např. dostupnější bydlení, levnější hypotéky. Podporují homosexuální páry v oblasti manželství a adopce. Zastávají názor, že žena si může se svým tělem dělat, co chce -> dovolené interrupce."
1172,0.019100346512728867,0.22757826726854097,TOP09,"Jsou to mladí lidé, kteří to vnímají úplně stejně jako já "
1174,0.5290496662625856,0.5484894285435054,Pirati,"Nezajímá je politika, většinou nechodí vilit"
1175,-0.005902555473538789,0.15817446188930304,TOP09,"Lidé, kteří vědí, že reformy nejsou příjemné, ale více než nutné, že nemůžeme podporovat lidi, kteří nepracují, lidé, kteří jsou tolerantní, chtějí chránit demokraci! "
1176,0.4311852543130734,-0.07959029973647201,Unknown," Představte si lidi, kteří vnímají politiku a společenské problémy podobně jako Vy,"
1177,-0.43013493377652473,-0.08275414264551688,STAN,"lidi kteří věří v to , že se nad slbšími nelze povyšovat , ale je jim povinnost pomoci"
1178,0.6268166343650584,-0.3108077110655668,STAN,"S nepříliš velkým zájmem o politické dění, ale s obavami o budoucí vývoj v otázkách demokracie a otevřenosti společnosti obecně. Zájem o životní prostředí, rurální oblasti, ale žijí v městských oblastech a rekreují se v rurálních."
1179,-0.48044071898981094,0.411161020433569,Unknown,"nezajímají se o politiku, je to zcela zbytečné. Pochopit politiku je dost obtížné, zvláště není-li zaměřena na blaho občanů. Neustálé hádky mezi politiky nepřinášejí pro případné voliče žádnou motivaci volit (kohokoliv)"
1180,-0.7152030874390805,0.3469003805283987,ODS,Zajimaji se o problemy a nenechaji se ovlivnit populisty a slibovaci
1181,0.2609616163995104,0.3544429626316071,STAN,"Lidé, kteří si uvědomují, že demokracie je pouze tím nejlepším ze všech špatných lidstvu známých politických systémů a zřízení. Tíhnoucí k pravicové politice, avšak uvědomující si, že v Česku chybí jakákoliv skutečně pravicová strana. Nesnášející populismus, komunismus, nacismus, fašismus a další formy extrémismu. Nesnášející jánabráchismus, klientelismus a všechny ostatní formy korupce. Skupina lidí, která si jasně uvědomuje, že človek má nejen svá práva, ale také povinnosti. A stát mu má co nejméně komplikovat život ať už nesmyslnou byrokracií, nebo třeba nefunkčním právním a justičním systémem, v němž mají zloději a násilníci větší práva a možnosti než jejich oběti. Lidé věřící v rovná práva všech lidí, ale také v jejich jasné limity, například nepřípustnosti ovlivňování světské moci náboženskými prvky a dogmaty a prosazování teze „naše země, naše pravidla a naše kultura“, kdy ti, co se nehodlají v rámci svých možností přizpůsobit a chtějí prosazovat pouze svá pravidla, tam nemají co pohledávat."
1182,-0.4811637332866749,-0.5069762808953798,ANO,Mají takzvaný selský rozum.
1183,-0.1428867589962389,-0.3762423216078455,KDU-CSL,Lidi kteří zažili komunismus a ví čeho byli schopni.
1184,0.18782093540871278,-0.7538755849400554,STAN,Nedokáži popsat. O politice se se svými přáteli nebavím.
1185,0.29986731133953853,-0.07654559653160445,Unknown,"Lidé co si dohledávají informace z různých zdrojů i staršího data. Lidé ktřeří přemýšlí nad dostupnými informacemi a neberou je tak, jak je (obzvláště média) dnes servírují. Jsou schopni si udělat vlastní názor. "
1186,0.10573772682570057,0.5627625029656067,ANO,"nemají politiku rádi protože pro nbás politici nic nedělají 
"
1187,0.34403130424151873,-0.6806210054476716,Unknown,"nevím, nevím, nevím, nevím, nevím"
1188,-0.0069179615433610534,-0.22713719332147717,ODS,"Myslím si, že takoví lidé jsou schopní se zamyslet, mimo jiné dokážou prokázat kritické myšlení. Jedná se o příjemné, pohodové lidi, kteří nechtějí ostatním škodit a mají rozumné názory."
1189,0.6565570716883548,0.11742742400559047,ODS,rozumně přemýšlející lidé
1190,0.7348839201759562,-0.3201652165291202,Pirati,"pohodáři, nekonfliktní choleryci"
1191,0.4285571702114533,0.6666209042966508,ODS,Někdo s podobnou životní zkušeností a pravděpodobně s vyšším vzděláním.
1192,-0.47554051123869806,0.5948012719054883,ODS,"vzdělaní, zajímají se o různá společenská témata, ochotni naslouchat, chápou jiné kultury"
1193,-0.7403799878511045,-0.01394812354240671,STAN,chtějí aby se měřílo ku prospěchu všem  stejně  
1194,0.4973727848823927,-0.29353823085632563,ANO,Jsou  na stejné vlně. Existuje mnoho témat hovoru. Pozitivní vibrace. Nemusím se ostýchat říct svůj názor.
1195,0.24691378465800748,0.7557401428014097,ODS,Notujeme si. Vzájemně se hecujeme a doplňujeme si informace
1196,-0.5388041594280817,0.010723253888698837,Other,Jsou nanejvýš v pohodě a nic zbytečně nehrotí
1197,0.219581659466992,0.7254616511596685,SPD,Nerozumí vůbec politice. Bohužel
1198,0.4451759366200575,-0.6049473174935989,Other,"sympatie, nevím co víc k tomu dodat.."
1199,-0.61891353033275,-0.47631030285645864,ODS,"vysokoskolsky vzdelani lide, rozumneho postaveni, majici deti, "
1200,0.7001043998017585,-0.15239164202560138,ANO,"Chytří, vnímaví, není jim lhostejné vše kolem nich."
1201,-0.010340337042169441,0.0012777417957436734,TOP09,"Většinou jsou to vysokošláci, podnikatelé, živnostníci, převážně mladší lidé. Lidi jako já myslí na budoucnost, vidí šílené výsledky zadlužení naší vlády, nenechají se ukecat pro pár tisíc teď. Jsou to lidé, kteří pracující celý život, kteří se snaží se postarat o svoji rodinu, tak aby i v budoucnu pro ně něco zbylo. Také jsou to lidé, kteří cestují, dokáží si tedy udělat obrázek, jak to v ostatních zemích funguje a že my jsme velice ""sociální"" stát i když komunisté nejsou u moci skoro 40 let. Jsou to podnikatelé, kteří mají vlastní firmy a vidí, že okolo 20% jde jenom na důchodové pojištění, které ani nemusí ten zaměstnanec nikdy vidět. Jsou to OSVČ, kteří platí skoro 30% na sociální pojištění, ale pokud náhodou onemocní, tak jim nikdo nedá nemocenskou jako v obyčejném pracovním poměru a přijdou tak o své výdělky. "
1202,-0.25435996343159845,-0.17851209192598053,ANO,Lidi kteří mají základní rozhled a nejsou spokojeni se současnou vladou
1203,-0.08790272251178759,-0.6884207930318396,Unknown,"střední třída, vzdělání s maturitou a vyšší, vycházející s příjmy"
1204,-0.7942409623878198,0.04537120323363743,KSCM,moje krevní skupina .souhlasím s ní
1205,0.5657714407312949,-0.2662583822407884,KDU-CSL,"Snaha nejen v sociálních systémech něco pozitivně změnit, podpořit rodiny s více dětmi, nepodporovat gender, nepodporovat manželství pro všechny, ale podpořit pouze manželský svazek muže a ženy, bojovat proti všem formám zla, válkám a nenávisti, korupci, nekalým obchodům, lžím, vydíráním apod. Podporovat zdravou výchovu dětí a mládeže, NE volnou výchovu a podobné nesmysly, umožnit ženám postarat se o své děti a dobrou výchovu doma a ne je nastrkat do jeslí a školek. Mít úctu k lidem a ke stáří, žáci i rodiče navrátit úctu a respekt k učitelům a vychovatelům, být např. ohleduplní za volantem a začít opět dodržovat pravidla a neobcházet zákony,..."
1206,-0.0016992040141890436,-0.6172759548878022,STAN,"Neúčastní se konverzací na téma politika ani s přáteli/rodinou, natož s cizími lidmi. Je jim jedno kdo koho volí. Naštvou se, když se jim někdo snaží vtlouc do hlavy, že tahle strana je strašně super a tahle je strašná. Žádná strana není super na sto procent a v každé se dá najít názor, s kterým člověk nějaký způsobem souhlasí."
1207,-0.3291586046884753,0.3733143877824949,ANO,"Mají podobné životní zkušenosti, hodnoty. Vnímají politická témata a jejich priority stejně jako já. Máme podobný názor na řešení situace, nebo na to jakým směrem by se měla společnost, vláda ubírat. 

Btw. u předchozí otázky, kdy se ve 2 otázkách ptáte na můj názor na lidi se kterými mám zcela odlišný názor. Ptáte ve 3. otázce, jak´vnímám ochotu takových dělat kompromisy s ostatními .... v závorce píšete, že jde o lidi se stejným názorem ??? ..... Pokud odpovím dle otázky, pak to bude zcela v rozporu co si myslím o druhé skupině lidí, se kterými nemám stejný názor."
1208,-0.23112610116431684,-0.6450007962105148,ODS,Lidé se stejným názorem a pohledem na svět.
1209,0.5766549644952239,-0.2968877010874128,ANO,Ti kteří pracují a odvádějí do systému zaslouží odpovídající péči. Ti co ne - nic
1210,-0.014599720125905892,-0.26816314310911277,STAN,"Jednalo by se o muže, ale i ženy vyššího věku, žijící ve městech, ať už bydlí na sídlišti či na okraji města. Jsou to většinou ženatí muži, kteří jsou již v důchodu, ale někteří z nich ještě chodí do práce. Občas se starají o vnoučata a jezdí s nimi na výlety, nebo je jinak zabavují. Záleží ovšem na stáří vnoučete. A hlavně podle toho, jak dědečkové, či babičky mají čas a chuť se věnovat malým dětem, ale zároveň děti musí též mít rády své prarodiče."
1211,0.3251105954491215,-0.623791420995057,Unknown,"nevím, politice neholduji"
1212,-0.5075361319893668,0.4883169753681553,ANO,"jsou znechuceni současnou politickou situací v zemi, máme vládu, která je asociální a nerozumí obyčejným lidem "
1213,0.631171528258266,0.48830896078547636,STAN,"samostatní, umějí si poradit, spokojení"
1214,-0.21841982446435398,0.14054257200654768,SPD,"Jsou to lidé-vlastenci, kteří nezaprodávají svoji vlast.Také si ji chtějí chránit pro sebe a své potomky. Vědí, že stoprocentně platí heslo""bez práce nejsou koláče"", a neobdivují se  lidem přisátým na ""státní kasu"", nicnedělkům a vejžirkům z neziskovek a nadací. Zároveň se snaží své potomky učit úctě ke všem generacím, ke svým učitelům a vážit si i přátelství,kamarádství
a nevěřit kdejakým prolhancům."
1215,0.5430922890815607,0.4194411205262595,Unknown,Většinou jsou to moji kamarádi 
1216,0.18440764695524156,0.4311576934877435,ANO,"normální obyčejní lidé, kteří pomáhají druhým a potřebným"
1217,-0.4548757442089728,-0.1858988726506356,STAN,"Jedná se o lidi, kteří si udržují rozhled "
1218,0.261575680286369,0.716490987307475,ANO,"Střední třída, snažící se zajistit rodinu - děti v nejisté době."
1219,0.2989534782479851,-0.34738139155303277,ANO,Jsou na stejné vlně jako já.
1220,0.7109188953897125,0.16589916196557464,ANO,"nevím prostě obyčejný člověk, který žije od příjmu k příjmu"
1221,-0.5278629768940722,-0.34787085070751983,Unknown,moc se nezajimaji o politiku
1222,0.5594471435902617,-0.5722665328644767,KDU-CSL,Uvh gbhvtvgvgbz z gbgvtvrvrvg
1223,0.40194569368234545,-0.6593195602537834,ANO,"Nevím,neumím na to odpovědět "
1224,-0.5736902067423315,0.3431580055865683,Unknown,"Lidé ochotní diskutovat o různých aspektech, ne zcela striktní."
1225,0.7927607136400739,0.03765060585732388,ANO,Ochotní a příjemní. Nediskutuji a spolupracují. 
1226,0.6882109755803333,0.40178292604261595,ANO,mam takovou společnost rada
1227,-0.6037482088332123,0.4472998417694866,Pirati,"Liberální člověk s dostatkem empatie, ctící hodnoty humanismu. Člověk s kritickým myšlením, důvěrou ve vědu a pokrok poznání. Ne nutně nehrdý na svou zemi, nicméně nesnižující se k primitivnímu nacionalismu a rasismu."
1228,0.2898432528309436,0.6484056186052529,KDU-CSL,"myslím si, že je to jedno jak lidí všechno vnímají"
1229,0.1627791188098679,-0.7233807997769633,SPD,"Rozuměli bychom si, a tak bych neměla potřebu se dohadovat"
1230,0.5547469509244632,-0.5319472736208511,ANO,ted me nic momentalne nenapada 
1231,0.5080130237188523,-0.08111191216037114,Unknown,"Pro rodinu, pro práci dobře finančně ohodnocenou, pro lidi co se nebojí přidat ruku k dílu když je třeba."
1232,0.4998491938181603,0.5922685861347359,TOP09,jednoduše si rozumíme politickými názory
1233,0.20453447721825327,-0.6878088799380948,ANO,"Lide se sociálním cítěním, kteří potřebují pomocí."
1234,0.36403007455999736,0.48753949665881036,Other,"O politických tématech se bavím ve skupině přátel, jsme z různých koutů republiky, jsou tam i lidé ze Slovenska, diskutujeme přes sítě i osobně se potkáváme. Diskutujeme o problémech a tématech, o jednotlivých politických představitelích, hodně probíráme zahraniční události. Máme přátele i v zahraničí, v Evropě i za mořem, a je velmi zajímavé vědět, co se děje jinde a jaké postoje zastávají. Ono totiž v důsledku nás události ve světě ovlivňují výrazně, jsme totiž malá zemička. S těmito lidmi se tolerujeme, i se v názorech také různíme. Snažíme se vzájemně si vysvětlit a ukázat, proč máme určitý názor/postoj na nějakou věc/problém/události. Prostě bych to popsala slovy, že hledáme v politice : konsensus místo konfliktu a kooperaci místo konkurence."
1235,-0.219906591797571,-0.5038788295267411,Unknown,"Normální lidé, normálně přemýšlejí, mysli na budoucnost"
1236,0.5083558818044054,0.24147661757106836,ANO,"Jsou to lidí starší nad 50 let, vědí co je práce i zábava, nic nedostali zadarmo."
1237,0.06726509031244364,-0.014640499881918836,STAN,"Řekla bych, že jsou to lidé, kteří se nenechají zahltit dezinformacemi a kteří jsou otevření více názorům a hlavně se dokáží vzájemně respektovat."
1238,-0.6229603910126612,-0.15405205319497928,Pirati,"Dbám na ochranu přírody a na co nejšetrnější zacházení s ní. Chci, aby se více braly ohledy na snižující se diverzitu různých živočichů a rostlin a začalo se o tom více jednat a také vzdělávat veřejnost. Podporuji LGBT komunitu, jelikož každý jednotlivec by měl mít právo na sebevyjádření a být tím, kým se cítí být. Chci, aby členové této komunity měli stejná práva jako ostatní. Zastávám demokracii, svobodu volby, svobodu projevu."
1239,-0.41754591158921917,-0.6699056405219703,SPD,Neschopny volit v tejto tazkej dobe
1240,-0.6427185701953462,-0.44533797368605904,Other,Snaha najit smysl politiky
1241,0.4027917889807514,-0.18563453389991064,ANO,Mají stejný názor jako já
1242,0.27186009474674655,-0.612809928312245,Unknown,Podle mého přesvědčení mají správný postoj.
1243,-0.631667987160633,0.4725084306135911,KSCM,"Zastanci minimalniho statu a regulaci. Socialni a jina pomoc jen v nouzi, ktera musi byt skutecnou nouzi. "
1244,-0.12311359951978713,0.11271387436535475,STAN,"Jsou to lidé, kteří chodí k volbám, ale v o politiku jako takovou se moc nezajímají."
1245,0.7891200570514733,0.07449389326093325,SPD,"Ti co chteji neco dosahnout, nechteji diktat EU"
1246,0.10950294613101778,0.7977817742022825,Unknown,Absolutní intolerance Fialových příznivců
1247,0.18619557316027704,0.5940683336283609,Other,"Lidí,kteří věří,že v politice se stejně nikdy nic nezmění k dobrému, žádná zásadní pozitivní změna nepřijde. Nač se tedy o politiku zajímat."
1248,0.4334589161707891,0.6332290273951214,KDU-CSL,"Pracovití a cílevědomí. Jdou si za svým cílem i za cenu vlastního pohodlí. V novinách nečtou pouze titulky. V případě vyšší finanční potřeby nejdou do banky, ale na brigádu... "
1249,-0.15378942638111542,-0.47637253710130906,Unknown,"Zajímají se o dění kolem, ověřují si informace a fakta. Jsou otevřeni jiným názorům a jsou schopni o nich komunikovat. Chybu uznají. Zajímají se o svou budoucnost i budoucnost okolí, kde žijí. Zajímají se o druhé. "
1250,-0.5849188081512745,-0.3439864231087192,Pirati,"Pravicově zaměření lidé, často z podnikatelských rodin, často poměrně dobře finančně zajištěni jak od rodičů, tak vlastními prostředky "
1251,0.24114046878141088,-0.3250589827803996,STAN,"Jsou to vzdělaní lidé, minimálně s maturitou. Všichni pracují. Jsou to buď vedoucí pracovníci, manažeři, zdravotničtí pracovníci, pracovníci ve školství, bankovnictví."
1252,0.7045363089803686,0.37642985087037406,ANO,"Klidní a trpělivý,do určité doby"
1253,-0.0822805253551778,0.732845849530058,ANO,"Zajímají se o ekonomické věci a dění ve světě. Zároveň se zajímají o automobilový průmysl a green deal v tom směru, že nesouhlasí se zákazy v těchto oblastech."
1254,-0.08761864173816873,-0.1552794228097393,Unknown,"Jsou to lidé kteří jednají zdravým selským  rozumem  ,neslibují co nemohou splnit ,neobohacují se na úkor druhých a hlavně nevycucávají stát ,tedy nás všechny."
1255,0.5732943733592719,-0.3496185962298661,Other,"obyčejní 
politickou scénu moc nesledující, ale všímající si dopadů politických rozhodnutí
volí menší zlo, protože není výběr 
"
1257,-0.6488688787332363,0.39345767655957675,STAN,Nikomu nevnucuji své názory.
1258,0.5110000450349553,0.5521960646440977,SPD,"má všeobecný přehled,získává informace z různých zdrojů,není ukvapený vzávěrech"
1259,0.47854708693540987,-0.5623194707241479,TOP09,"Jde jim o slušnou a reprezentativní vládu, která není xenofobní, homofobní a podporuje rozvoj obyvatelstva. "
1260,0.5322654807461811,0.3983082792504982,STAN,"Lidé smýšlející jako já, nejsou snadno ovlivnitelní, nepodléhají davové psychóze, nenechají se ovlivnit kultem osobnosti, nevěří populistickým stranám, nevidí svět pouze černobíle."
1261,-0.10685074666135845,0.7417958003679862,ODS,ověřují si fakta ale nenechají si lhát
1262,0.14359265694941403,-0.5466258393063814,Unknown,"Nelíbí se mi nebetyčné zadlužování našeho státu, nelíbí se mi, že se tolik přispívá Ukrajině, když se ČR neumí pořádně postarat o naše lidi. Občané z Ukrajiny by už dávno neměli mít žádná privilegia a sociální dávky. Pokud nejsou schopni začít tu pracovat a začlenit se, ať se vrátí na Ukrajinu. Nemluvě o tom, jak moc se tu zvedla kriminalita! Také se mi nelíbí sociální systém, kdy někteří občané nemusí pracovat a mají se lépe, než pracující lid! To by měl konečně někdo změnit!! "
1263,-0.6941691466678896,0.08220039455132996,Unknown,"O politiku se raději moc nezajímám, protože se nechci rozčilovat a upřímně na to nemám čas."
1264,0.04037870111003635,-0.7074100391457365,STAN,"nevím. podobné názory, zájmy"
1265,-0.2745004015817839,0.4371108940713926,ODS,"mají svůj názor a nebojí se ho sdělit
mají stejný životní styl jako já
stejné názory na politiku, politiky"
1267,0.36071501409605444,-0.014505990807493152,KDU-CSL,"Jde o lidi, kteří ví, že nejde věřit všem nesmyslným slibům jiných politických stran, které tvrdí, že by aktuální situaci zvládly lépe a pouze kritizují stávající rozhodnutí. Populistické sliby jiných stran nás neovlivňují, protože když je ve světě krize, nemůžeme si dovolit rozhazovat a dopřávat všem nadstandard. Jsou to lidi co mají rozum, a znají hranice své i státu. Vždyť dnes si všichni žijí v blahobytu a ještě si stěžují. "
1268,-0.7675375671993686,0.032295908347759424,STAN,"Vzdělaní, zajímá se o okolní dění, finančně gramotní. Nespoléhají na populistické sliby, dokáží odhadnout reálné hrozby. Doufám že ne arogantní - pouze sebevědomí."
1269,0.09834956740286488,0.5083601869037708,Unknown,"jsou to lidé zdravých názorů, sledují politické dění doma i ve světě, jsou empatičtí a přizpůsobiví, stojí nohama pevně na zemi a neradi se pouštějí do ostrých konfliktů, "
1271,-0.5096215489038486,0.3791419546618868,ODS,"Lidé zodpovědní, soběstační, schopní sami utvářet své postoje."
1272,-0.29381791782955685,-0.055522580835673886,SPD,"jsou bezva, odpovědní a nenávidí prospěcháře ve vládě, lidi kteří lžou jako tahle vláda"
1273,0.6179783630213342,0.20359004271318823,Other,"Lidé vedi lepe nez stát, jak utrácet svoje penize. Pomoc pouze nemocným, hendikepovanym nebo z jiných důvodu prace neschopným. Ji AK je každého osobní zodpovědnost postarat se o se e a svoji rodinu"
1274,0.41757124291542913,-0.5888157367961189,ANO,"nevím co bych napsala,jak bych je popsala"
1275,0.3424179950892963,-0.6799609793712769,ANO,Nevím nevím nevím  nevím 
1276,-0.5643606792531948,-0.19457784382217003,ODS,"Pro mne normální lidi, u kterých mě nepřekvapí přístup a názory."
1277,-0.6599657261013239,-0.3440296334681408,ANO,Nemohu si presne vybavit lidi o kterych mam mluvit.
1278,-0.04146462228662924,-0.22850295740289017,Unknown,Jsou to lidé z mého nejbližšího okolí - rodina a pak lidé narození cca po roce 1980
1279,0.4313686000885595,0.08696394590112065,ODS,"Lidi s pozitivním myšlením, lidé především slušní, vzdělaní, sportovně založení. Lidé, kterým záleží na budoucnosti této země a ne jen na okamžitém prospěchu"
1280,-0.2508364336428064,-0.3545011167916138,SPD,Jako sebe samého v zrcadle.
1281,0.027506461280822483,0.186523463178912,Other,"Lidé, kteří nehltají mainstream"
1282,-0.3414451349729218,0.4305229820256807,ANO,"Lidé, kteří nesouhlasí ze současnou vládou Petra Fialy. Neboť tato vláda nesplnila nic ze svých
předvolebních slibů."
1283,0.05755273891561993,0.7997997437771274,ANO,"přejí si ukončení války na ukrajině, nepodporují  zelené a rúzné neziskovky"
1284,0.29261091887886576,0.008118421079723876,ODS,Každý se má postarat sám o sebe. Politici mají pouze určovat mantinely v kterých se mají lidé pohybovat. Teprve když lidé sami nemohou tak by jim měl stát pomoci.
1285,-0.27569443521304887,0.6638243485541911,Unknown,Normální lidský názor každý je jiný 
1286,-0.22665821557469423,0.7276801155996752,Unknown,Pracující střední vrstva 
1287,-0.49162506974822784,0.26589734841092927,ODS,"Samostatní a zodpověďní lidé, rádi si užívají volného času, ale vědí že si musí na něj vydělat.
Nezávidí, snaží se na sobě pracovat, a berou každý den jako další příležitost."
1288,0.6331771670961865,-0.07035629290629167,STAN,"opět-nemyslím si, že by politika byla něco, na jehož základě bych lidi ve svém okolí hodnotila"
1289,0.2962318679770788,-0.19097115769960502,Unknown,"také jsou to lidi, jako každý jiný"
1290,-0.011213226383391945,-0.10550542169157608,KDU-CSL,"Jsou uvazlivi, inteligentni, zasadovi, konzervativne zamereni"
1291,0.635112268839825,-0.006130824612965228,ANO,"Lidé střední třídy, bez dluhů a závazků."
1292,-0.3075296582051878,-0.3776354680047561,Unknown,"Progresivní liberální voliči. Spíš střední třída, vyšší vzdělání, zcestovalí a jazyků znalí, v životě nějakým způsobem úspěšní (ať už profesně nebo ve svých hobby). Lidé bez xenofobních předsudků všech barev.."
1293,-0.3678438077793375,-0.2433803633268204,ANO,"Jsou to lidi s rozumem a s přehledem ,jak se skutečně žije."
1294,-0.08528316740660866,0.19726016603077026,ANO,"Nejvíce podobné názory sdílím s voliči SOCDEM, případně ANO (strana u které předpokládám, že má mnohem vyšší šanci na výhru ve volbách než SOCDEM). Jsou mi sympatické strany a lidi, kteří si myslí, že je potřeba, aby vláda podpořila ty, kteří sociální pomoc potřebují a zároveň si ji zaslouží (tedy lidé, kteří alespoň někdy pracovali/pracují a pouze nenatahují ruce po penězích). Zároveň je pro ně důležité starat se o vlastní občany a nepodporovat všechny ostatní kolem, ačkoli na to nejsou dostupné finance. Sympatické jsou mi také názory těch, kteří tvrdí, že je potřeba zajistit dostupnější bydlení pro vlastní občany."
1295,-0.09089483340788208,-0.31178169267865546,SPD,"Jsou ochotni naslouchat lidem s jinými názory, případně i přijímat kompromisy. Jsou zastánci názoru, že všechny strany chtějí, aby se lidé v této zemi měli dobře, stačilo by, jen se dohodnout, jakým způsobem toho dosáhnout."
1296,-0.6869981384525103,0.03448858524840403,Unknown,"Jsem nespokojen s tím, jak se všude lže a všíchni se snaží druhé jen využít."
1297,-0.3008167773356768,-0.5846051925183088,KSCM,"v mém okolí je několik lidí podobně smýšlejících,ale nemají tak vyhraněné nézory za ktrerými si stojí .já se snažím být čestná a to je moje kredo celý život"
1298,-0.45823368335102194,-0.30903209978029184,TOP09,"Lidí, kteří nesnáší lživou politiku"
1299,-0.288220017147093,-0.683338948350876,ODS,"Bez dluhů, nehází své životní situace na vládu, zodpovědní"
1300,-0.5350485550089848,-0.16988397036163033,ANO,"Jsou to prostí lidé,poctiví,kterým se nelíbí rozežranost čs.politiků,zadlužování státu na úkor občanů a z jejich peněz a pak ještě ty hloupé kecy."
1301,0.4353443449001833,-0.20653455268885507,ODS,jsou vesměs uznalí a mají přehled o ekonomice a nenechají se nalákat nesplnitelnými sliby
1302,-0.7158474503775412,-0.12011705396536726,ANO,Politické otázky a názory s lidmi neřeším 
1303,-0.2221125048762738,-0.013349969977370094,Pirati,"Jsou to lidé, kteří se aktivně o politiku a problémy zajímají. Sami si vyhledávají informace, které si ověřují z více zdrojů, u každé informace si ověřují jejího nositele. Přemýšlí nad chováním politiků a jejich důvodech, tvoří si svůj kontinuální politický názor dlouhodobě, nepodléhají momentálním výstřelkům a populismu."
1304,0.5782485256936208,-0.41545609285950574,SPD,"Lidumilové, není jim lhostejné, jak se tu všichni budeme mít."
1305,-0.04959985466336385,-0.5681519830096019,ANO,Máme o čem diskutovat a mají stejné smýšlení jako já 
1306,0.700488938512982,-0.3369218433614181,KSCM,Do hlavy jím člověk nevidí
1307,-0.2323125578186737,-0.527125194023868,ANO,"Mají mé sympatie, zajímají se o současnou politiku."
1308,0.505838355410027,-0.5075739357673127,ODS,"Starší věk, vysokoškolské vzdělání, konzervativní přístup k životu, schopen si tvořit vlastní názor, odpůrce komunismu ve všech jeho podobách, obava z agresivního chování Ruska"
1309,-0.08462192764408594,-0.7852009118928174,STAN,"otevření, schonpni přijmout argumenty, realističtí"
1310,-0.6057090832447554,-0.07052211257902748,ANO,"Pokud budu popisovat politiku selským rozumem dnešní vládnoucí garnitury, tak jsou sebestřední snad do jednoho, ať si vzpomenu na jakoukoliv osobu (Fiala, Černochová)"
1311,-0.32245917095833043,0.34220705016377345,ANO,"Jsou realističtější,  mají podobné zkušenosti a potřeby jako já "
1312,-0.32886695124296156,-0.3936202603867062,Pirati,"Pokud mají stejný nebo přibližný pohled jako já, tak s nimi nemám problém."
1313,-0.5103725880114085,0.474543239740171,ANO,"Chtějí aby za politiky byli vidět výsledky, ne jen signály"
1314,0.541977603339095,-0.015199388981187995,Unknown,"Každý máme svůj názor, zastáváme jiné nebo stejné příklady a zkušenosti"
1315,-0.009227869454648744,0.7705593270486497,ANO,Pracující střední třída a odporem k vládě a Ukrajině 
1316,0.29591262591183215,0.3109632245548132,KDU-CSL,"Většinou jsou to lidé s dosti vysokými morálními hodnotami, vzděláním, s rozhledem, samostatným myšlením a rozhodovanim.Nesednou jen tak na lep líbivým řečem nebo naopak nepodloźenym tvrzením."
1317,0.28670419297699623,0.6224803892080685,STAN,"Chápou, že Ukrajinci sem nepřišli aby náš ohrožovali, ale že přišli o své domovy. Že státní kasa není bezedná a že rozdávat z ní se obrátí proti našim dětem a vnoučatům."
1318,0.6551763760590553,0.4494047589410942,ANO,Podporují ochranu životního prostředí 
1319,-0.6231875641768799,0.5027938299162793,Unknown,"Overujú si fakty, vedia si dať dokopy dve a dve. Sú to ľudia rozmýšľajúci kriticky, ktorí neuveria každej blbosti."
1320,-0.5875092328907086,-0.10441918333066064,Unknown,"Jak jsem už psala, každý má svůj vlastní názor a já bych nikomu nic nevnucovala."
1321,-0.4827110578574631,0.6253482961666926,SPD,"Skromni a rozumni,zkušení ,znalí normálního života "
1322,-0.1818181690073987,0.7462477554938193,ANO,Střední vrstva žijící v ČR 
1323,0.3083734433482457,0.568769018835368,Pirati,Mladší lidé s přehledem co se děje ve světě a jak by bylo nejlepší pomoct vsem
1324,0.6036522871953456,-0.37887471148156404,Other,"většinou lidi, co si hledají fakta, ověřujou si informace a uvažují logicky"
1325,0.3147118887431399,0.06429929639116987,Unknown,"Obyčejní, velmi pracovití lidé, kteří se snaží a vadí jim prospěchářství a nespravedlnost."
1326,-0.7009518008416636,-0.22944769763713735,ANO,Jsem rada ze by jsme na to meli stejny nazor a pohled jinak co se tyce politiky tak to neresim prijde mi to ztrata casu 
1327,0.7063925699642017,0.32650506189309364,ANO,"Racionální myšlení, rozum "
1328,0.018636153772398897,-0.4865789888552762,TOP09,"Nemusí se nijak lišit, ale spíše je vnímám jako obyčejné lidi ve střední třídě společenského žebříčku"
1329,0.36099668227085785,-0.38821538127121785,ANO,"Důchodci. Lidé, co nemohou najít odpovídající zaměstnání.Ti, co smýšlejí jako já - spiše doleva.."
1330,0.0762776718605517,0.5353422853573889,Pirati,"Vyšší vzdělání a kritické myšlení, dokáží si udělat vlastní názor. Nebojí se říct, že nemají na věc názor, protože o ní nemají dost informací. Informace musí být dostatečně podložené a ozdrojované. 
Rádi cestují-mají přehled, jak se žije v jiných zemích (v cizině se vždy nemají lépe, i když mají větší mzdy).
"
1331,0.11090620860837071,-0.36477521473978985,ODS,"Jsou si sympatyčtí, mladí, "
1332,-0.49264053532735885,-0.08885264992305965,SPD,"Lidi samostatní,se znalostí historie, spíše konzervativní, cticí rodinu,tradice,historii,samostatnost, nezávislost, lidi pracovití, poctiví,ferovi, samostatně myslící,logicky uvažující, se zdravým selským rozumem.Lidi, kteří ctí svobodu slova a nepodléhají propagandě "
1333,-0.08479604964591494,-0.03565459237044551,SPD,"Jsou to obyčejný lidé kteří nechtějí seskupeni určitých vlád, nechtějí podporovat migranty na úkor vlastních občanů, jsou to lidi co jsou hrdí na to že jsou češi, jsou to občanů kteří chtějí udržovat českou tradici našeho národa jako je koruna a další naše důležité symboli. Jsou to lidi kteří nechtějí podporovat jiné obyvatelé kteří nemají zájem o práci a jen se povalují a zneužívají stát a čerpání pomoc od státu i když jsou zdraví a mohou státu přispět."
1334,0.09509907543246009,0.39522933221963724,ANO,"Střední vrstva, lidé, kteří živí rodinu, mají závazky např hypotéky apod "
1335,-0.5331641463917315,0.1684960409148058,ANO,"Mají otevřené názory s ochotou k jednání.Jsou schopni navrhovat a provádět takové změny,které vedou k prosperitě.Zaměřují se na podporu svých voličů a snaží se o zvýšení životní úrovně,narozdíl od koalice,která ústy svého guru Fialy propaguje nákup nutelly v Německu.Jak ubohé."
1336,0.2762888381948967,0.5280626265141909,ANO,"Střední a nižší třída, dále důchodci, kteří jsou nejvíce zasažení rozhodnutím vlády"
1337,-0.12972890186553213,-0.3849455981664787,Unknown,"Lidi s rozhledem, kteří nepodléhají dogmatickým manipulacím."
1338,-0.06815801438745592,-0.6405453280488338,Other,"Tito lidé tráví mnoho času s rodinou. Doma se baví i o záležitostech mimo jejich domácnost, včetně politiky a kultury. Odebírají časopis Respekt. Poslouchají Český rozhlas. V televizi dávají přednost tvorbě ČT. Rádi podnikají výlety, často i s přáteli. Pomáhají pořádat sousedská setkání typu Zažij město jinak atd."
1339,0.7797274447288433,-0.042127198054081924,ANO,"Národní zájmy, suverenita, bezpečnost, sociální spravedlnost, solidarita."
1340,0.48267850400295753,-0.30611220816861606,Other,Sympatičtí zodpovědní lidé 
1341,0.14531202259566736,-0.013034812900762197,Unknown,"Lidé, kteří berou věci tak jak jsou a nesnaží se je měnit. Lidé s nevelkou potřebou vyjádřit a prosadit si svůj názor (pokud to není v nutné situaci). Lidé žijící si svůj život bez ohledu na politické dění."
1342,0.6850820191618656,0.2939598370839512,KSCM,snaží se vyhodnotit celkovou situaci jak nejlépe pomáhá vlastním- obyčejným lidem.
1343,0.5855733010294396,0.07889874815764983,ODS,Lidé s přehledem o politice a zdravě uvažující
1344,-0.08913444161631048,-0.14437896337382428,Pirati,"Jsou to většinou lidé mně blízcí, s určitým vzděláním a náhledem do života. V dnešní době to jsou ale bohužel většinou právě ti lidé, kteří dostávají ,,vynadáno"" od starších generací, že o světě nic neví, jsou mladí a hloupí a nedokážou přece pochopit, jaký byl život předtím (např. za dob komunismu). Často si musí své postavení a respekt ve společnosti prosadit, a cesta k onomu prosazení není vždy jednoduchá. Přesto je jich ale v mém okolí čím dál tím víc, a já doufám, že jich bude jen přibývat a nebudou se bát se prosadit a ozvat. Stejně tak, jako tomu bylo vždy. "
1345,0.1253312129907365,0.7353536431243597,KSCM,Nemám s takovými lidmi problém ani se s nimi o těchto tématech bavit
1346,-0.5996865287522677,0.5348726564837821,Unknown,bbbnvvv jojbvfr hiknbfrr. fuuhfdfhhbbvcf. hugffhjb frklo 
1347,0.144665869761642,-0.19991193124333873,Unknown,"Jsou to stejní lidé jako my,kteří stále čekají že se konečně začnou dít pozitivní věci ale nic se neděje….je to čím dal více frustrující pro všechny naše vrstevníky."
1348,-0.36704046641409077,-0.3184555733958271,KSCM,"jedná se o lidi znalými společenský vývoj, historii a mají společný názor jak na vnitřní vývoj, tak zejména evropský směr vývoje- jwdná se zejména tzv. o lidi dělnických zaměstnání a střední až malé podnikatele."
1349,-0.5365270123273296,-0.40497586187651385,ANO,"Normální lidi, chápající souvislosti."
1350,0.11721111048150598,0.7727244722183835,Unknown,Kdokoliv komu je jedno kdo povladne 
1351,0.6815736707226799,0.11120815211870004,Other,"Hledám stranu, která je něco mezi. Jsme zbytečně sociální stát k některým skupinám. A naopak, kdo potřebuje reálně pomoc, tak ji nedostane. Proto si myslím, že bývalá ČSSD byla nejpřijatelnější."
1352,-0.14022423475209897,0.7388671115454488,ANO,chtějí pro společnost lepší životní podmínky
1354,-0.23709878933491782,0.7419540388436648,Unknown,DOBŘE UŽ BYLO.JSEM ZE STARÉ ŠKOLYASENIOŘI BY SE MNOU SOUHLASILI
1355,-0.464511846812829,-0.5084240059799999,ANO,"Používají tzv. selský rozum a nemluví o teorii a signálech, ale pracují pro své spoluobčany."
1356,-0.3935154890982458,-0.41286135671547347,ANO,"Lidé, kterým není lhostejný osud druhých, bojují pro ně a za ně. Zároveň bojují za svou vlast."
1357,-0.6547789042126128,0.23044326249504982,Unknown,Názory pirátu nemáme rádi 
1358,-0.03360879477967017,-0.6667616808232651,ANO,"Jsou to z mého okolí lékaři, učitelé, živnostníci, dělníci, důchodci, ženy na mateřské dovolené"
1359,0.41290661087012526,-0.2882712421170722,ANO,"Tito lidé vnímají situaci u nás realisticky a vidí, co se děje. Argumenty členů vlády, koaličních stran ve všech oblastech jsou směšné, amatérské, neakceptovatelné, hloupé. V podstatě výsměch lidem. Upadající vláda dělá zoufalé činy. Všichni očekáváme změnu vládní koalice dle vox populi ČR."
1360,-0.2307671785224444,-0.15351841004301692,KDU-CSL,"Jsou to lidi, kteří opravdu přemýšlejí "
1361,-0.3672681320866066,0.39447625688538795,ANO,To je na dlouho všichni nadávají  na vládu na politiky jsou nešťastní protože mají problémy je to psaní na hodiny a na to není čas.
1362,0.25699168147006274,-0.7490601146526091,ANO,Soukmenovci se systemem. Chteji zmenu a iz maji tohpto hnusu dost.
1363,0.3536981787449495,-0.3225868371484206,Unknown,"Tyto lidi se příliš nezajímají o politiku. Neúčastní se voleb, neboť jsou toho názoru, že ať zvolí kohokoliv nic se nezmění."
1364,-0.5934622725155423,-0.3178478352196261,Unknown,"samostatně uvažující nepodléhají reklamě,ověří si to co jim kdo vykládá,nesoudí jen podle toho co je pro ně výhodné,žadají dodržovaní slibů"
1365,0.37713739300883264,0.6446425065054361,STAN,"Lidè, které život tolik “nefackuje”, žijí v relativním blahobytu a celkem šťastně, takže nemusí druhým závidět. O svůj blahobyt se sami zasloužili vlastní prací a úsilím."
1366,-0.7907617078658139,-0.15157314150937973,ANO,nknkgh tghthd jtzhsd rtwr tr
1367,0.28066044798842726,0.42265949257151947,STAN,"Lidé ověřující si informace na více zdrojích, automaticky nevěří tomu, co je jim naservírováno, nefungují na ně jednoduchá a úderná politická hesla evokující strach, zajímají se rovněž o zahraniční politiku, o budoucnost, nehledí jen na sebe"
1368,-0.6204260506463148,0.4626751759675842,KSCM,"Volič, kterému není jedno co se ve státě děje "
1369,0.37994643961425945,-0.6803312479781172,STAN,"Nevím, nedokážu říct a vyjadřovat se k tomu "
1370,0.46066180812207214,0.6476198712357712,Unknown,"Konečně dodělat důchodové reformu..
Přestat srat peníze na Ukrajinu "
1371,-0.4599496112257768,0.3838274149138872,STAN,inteligentní lide kteří alespon trochu rozumí politice
1372,-0.7537666743133745,0.03519933790650269,ANO,"Lidi co očekávají změnu, nespokojeni s nynější vládou. Realisti "
1373,0.504994216823732,0.32249885607430134,Unknown,Obyčejní lidé . Normálně logicky smýšlející se selským rozumem. Lidi se přeci nedaji hodnotit podle toho jakou stranu voli. Muze volit koho chce a muze to byt člověk fajn a nebo blb.
1374,-0.7629107372307262,-0.19072433672410247,Unknown,"Co v našem státě komunisti pos..., nejde odpustit a nemají co dělat ve vládě."
1375,-0.25192760847186757,0.7397234660777443,STAN,"Progresivní smýšlení bez šíření nenávisti, dezinformací a lží"
1376,-0.21501446434607663,-0.722554174403555,ODS,dokazal bych s nimi probírat problematiku 
1377,-0.13471810535378725,-0.47515160536771617,STAN,"Dospívající, vzdělání, rozumí politice a snaží si ji vysvětlovat ostatním. Nemají rádi konzervativní lidi a názory. Stojí si za svými právy."
1378,0.5830601898651538,0.5388567892247867,Pirati,"naslouchající, snažící se porozumět druhé straně, pochopit její postoje, nalézající co nejširší shody, hledající průnik vyhovující všem"
1379,0.3802158194924981,0.2830472587523339,STAN,"také blízcí lidé, mají stejné názory jako já (teď se máme lépe, protože je demokracie), muzeme mít vlastní názor a nebát se ho říci nahlas"
1380,-0.6317911162507244,-0.4360508834689307,ANO,"Nevim, kdo by to mohl byt"
1381,0.29772962294057426,-0.7381092502187602,ANO,"Radovi zaměstnanci, důchodci, studenti "
1382,-0.6473728231987131,-0.21358304439678125,KSCM,"přemýšliví, prověřují informace z více stran, nebojí se diskuse, rádi se podělí o infomace s vámi,cítí se se mnou na stejné vlně. Umí číst ""mezi řádky ""Sami vyhledávají informace, aby si potvrdili či vyvrátili nějaká tvrzení. "
1383,0.6682623717643585,-0.09075049561232218,STAN,"Svobodomyslní, nezávislí, otevření, zodpovědní, se sociálním cítěním, které je ale podloženo snahou dotyčné osoby udělat maximum pro zlepšení své situace, je-li to možné."
1384,0.2840359385636659,-0.4069456993989643,ANO,"Lidi kteri delaji neco pro lidi a nechteji krast 4 roky pro sebe ,tato vlada si pujcila penize na sve platy  , takze tato vlada ani dalsi nemusi splacet a 3vlada se musi postarat o zaplaceni , n.Ylodeji .aco maji 130000s splatnosti 10 let"
1385,-0.1592761000771846,-0.04123074169381039,KSCM,"Jsou to lidé, kteří ctí zákony a chtějí kolem sebe zdravé, sebevědomé a poctivé lidi. Chtějí vzájemné pochopení ne konfrontaci, chtějí žít v míru a souladu s přírodou . Jsou všímavi k problémům ostatních a nežijí na úkor ostatních. Je to neuskutečnitelné, ale tak to mám nastaveno."
1386,-0.4770631531851765,0.21125991276306788,STAN,Lidé by měli souhlasit s tím aby do budoucna byly dobré podmínky pro mladé lidi
1387,-0.47598082390132274,0.5619863235902472,Unknown,"Myslí na svou budoucnost a budoucí vývoj naší země, chovají se ohleduplně nejen vůči lidem, ale i životnímu prostředí"
1388,-0.00913597929963322,-0.6572448944969317,Unknown,"Snaží se volit takové strany, které slibují, že naše země nepůjde stejnou cestou jako např. Německo, Švédsko, Francie atd. - viz předchozí podrobná otázka."
1389,0.6052162761264,-0.07155217861423672,ANO,"Je dobré si popovídat s lidmi, kteří sdílí stejný názor"
1390,-0.48999737432624485,-0.603958104682889,Unknown,Nevim. Nedokáži popsat.     
1391,0.6214170704515906,-0.16164554775817622,Unknown,Je to úplně jedno jestli vnímají politiku a společenské problémy stejně či nikoli. Kvůli jinému názoru nebudu lidi vnímat jinak.
1392,-0.160352603074383,0.31299661452874733,Pirati,"Lidé, kteří by rádi zlepšili naši zemi a vidí, jak to tedy jde do háje."
1393,-0.3088768604380049,-0.4283158755228439,ANO,"jsou přátelští, otevření, nelžou, vyslechnou si názory ostatních,  zbytečně se nehádají, záleží jim v prvé řadě na jejich rodině, ale nebojí se a nezdráhají se pomoci i ostatním, pokud je to v jejich možnostech"
1394,0.6028322812232505,-0.4875648474260223,ODS,"Chodí k volbám, zajímají se o to, co se řeší, a jaké volba dané strany přinese výsledky "
1395,0.6244052112226879,-0.2622440407442804,Other,"normální člověk, který přemýšlí o věcech kolem sebe a nepodléhá mainstreamu"
1396,-0.09343046412165618,0.7025821090724954,STAN,"Rozumní, inteligentní, empatičtí, nenechají se ovlivnit planými řečmi, snaží se na věci dívat komplexně, je pro ně důležité bezpečí, svoboda, spravedlnost, budoucnost - neřídí se heslem ,,po mně potopa”"
1397,-0.3726258747989348,0.12522654237090064,KSCM,"Jedná se většinou o lidi, ve stejném věku jako já, ale i mladší, kteří v-růstali v podobném prostředí. mají objektivní názor nepodléhají momentálnímu vlivu medií. Rádi  o politických otázkách diskutují. Nemění názor-, dle momentálního modního a vnucovaného trendu i kd-ž při diskusi o problému a protistrana ho přesvědčí jeho názor přijme. Jedná se o vlastence, kteří řadí v prvé řadě co nejlepší řešení problémů ve prospěch občanů ČR"
1398,0.5430019429605073,-0.09302709536686185,TOP09,"O politiku se v zásadě moc nezajímají. Vnímají v obecném pohledu, kam se ubírá její vývoj. Jsou zastánci demokratické vlády, ale vadí jim celkové hospodaření několika vlád, které se již v čele naší republiky vystřídaly "
1399,0.27529820659496596,-0.04126397011095219,ANO,"Politika by potřebovala kompetentní lidi, kteří nejsou zahleděni do sebe a chtějí opravdu něco dělat pro lidi a ne jen pro pár let, kdy mohou být u lizu. A potřebovali by mít selský rozum, ne naučené fráze a příběhy."
1400,-0.589088286313526,-0.46614173763803113,STAN,"Nenechají si namluvit vše a spíše se snaží vidět problémy v širší souvislosti. Nerozhodují se unáhleně a vše pečlivě zvažují.
"
1401,0.10014566512596346,-0.798732391919903,Unknown,"libertariani, centristi, umerneny pravicovi"
1402,0.25249874857252963,0.4594765156462698,Unknown,"Myslím, že to jsou lidé co dají šanci ostatním lidem vyjádřit svůj názor. Hned ho nezavrhují. Mají otevřenou mysl a hned toho druhého neuráží. Dá se s nima diskutovat o čemkoliv a nemusí se hned urážet."
1403,0.5075209861129343,0.21660367153277071,STAN,Moji lidé v tomto ohledu jsou mi příjemné 
1404,-0.25701027932111464,0.680317446589986,ODS,Dokud se s tímto člověkem nezačnu bavit o politice jeho politický názor není nijak očividně. Sám hovor na toto téma nezavadi. 
1405,0.7015919102153789,-0.3045475125879524,ANO,"Pravicové smýšlení, určitě bez komunistů a SPD ve vládě, "
1406,-0.6790005397161373,-0.13260149815654768,ANO,"Jsem ráda , že můžeme Ukrajině pomáhat.  Když jsme byli napadeni my , tak to bohužel nešlo aby nám někdo pomohl....škoda těch let."
1407,-0.6088372708446825,-0.2500640919245551,ANO,"Mysli na dobro občanů. Nehtabou si do kapsy, ale záleží jim na tom, aby se měl každý občan v ČR dobře. Řeší situaci, kdy matky nemohou najít práci na ranní směny a nemohou umístit dítě do školky před 6h ranní. To je problém samoživitelem a všechny politické strany by se tímto měli zabývat. Řeší situaci vysokých nákladů za koupi nemovitosti, za vysoké ceny potravin. Zabývá se kvalitou potravin. Zabývá se inflaci a nárůst minimální mzdy. "
1408,0.11697564953716534,0.34452452381354665,TOP09,"lidé kteří chtějí vyrovnaný rozpočet, nezapomínají na reformy, vědí že je potřeba se vyvíjet, ne couvat zpět"
1409,-0.4662534344048281,0.46256238255844867,ODS,"lidi co chápou, že problémy je třeba vyřešit i z dlouhodobého hlediska a ne jen teď krátkodobě."
1410,0.04703947613783837,0.568709252449261,ANO,"jsou mi sympatičtí,,,,,,,,,,,,"
1411,0.7985919652381361,-0.07437487447067721,ANO,je to ok           bhb hjk bhjkbhjkb hjkb
1412,-0.1003550367997917,0.7656209325858309,ANO,"Bez korupce 
Žádní pritelickove
Sociální cítění 
"
1414,-0.2307738289677979,0.19341553449263027,TOP09,"Jsou to pravicově smýšlející lidé, kteří mají na prvním místě svobodu a demokracii. A preferují osobní zodpovědnost, před nataženou rukou vůči státu. "
1415,0.13489901587623282,-0.5251152357149143,STAN,"Vzdělaní, jsou ochotni zvážit jiné názory, udělat kompromis. Dokáží se dívat s nadhledem."
1416,-0.3342147798141356,-0.3127332307455017,TOP09,"Chtějí lepší životní prostředí, lepší dostupnost bydlení, podporují mladé lidi a rodiny. Chtějí kvalitnější život, důchod v rozumném věku. Chtějí finančně stabilní nekomický stát, který je bude podporovat a snažit se je rozvíjet, ať už jako jedince, tak jako společnost. "
1417,-0.5057058296491126,0.3445303464208065,SPD,"Tolerantní, rádi diskutují o věcech veřejných, nikoho neuráží, neponižují, nenadávají mu a nedávají mu nálepky nepřátel. Snaží se z diskuze vytěžit pro sebe nové informace. Ke své argumentaci používají fakta z nejméně dvou zpravodajských zdrojů a to i zahraničních. Hodně čtou na několika zpravodajských webech, aby měli co nejkvalitnější a nejpravdivější informace, vyznávají kompromisy v politice, upřednostňují diplomatické řešení vážných problémů."
1418,-0.6714104361087299,-0.16515520749161677,Unknown,"lidi jhako každý jiný, přemýšlwjí a vidí pravdu"
1419,0.7343250810206914,0.1435227510076825,KSCM,"Inteligentní, se sociálním cítěním. Pracující, podporuje své děti a rodiče. Nesouhlasí s migrační politikou EU."
1420,0.14469937795198595,-0.693258570469721,ODS,"Realističtí, žádné feministky, cílevědomí, lidé toužící po vysokých příjmech a lepší ekonomice v Čr"
1421,-0.004252457120998335,0.6238324644612429,Pirati,"Stabilní stát, solidární pro ty, kteří to opravdu potřebují "
1422,-0.7224831678179843,-0.2850100797659425,SPD,"Přemýšliví, humánní, vzdělaní. "
1423,-0.5640692363305374,-0.5279073267571222,ODS,"Pratele, rodina, jsme si vsichni svymi nazory velmi podobni"
1424,-0.37270488853177347,-0.5292817172591885,Unknown,"Jsou to osoby, které prožívají podobné životní situace. Tím pádem si rozumíme v tom, co očekáváme od budoucnosti. "
1425,0.48294077525136336,0.35856160013931526,Unknown,Takový lidi jako já stejně nic nemůže změnit nebo vyřešit. 
1426,0.7566779847686084,0.0793992065857978,Pirati,Nevím j jich spousty. Nedokáži vitičit.
1427,0.06606924518884201,-0.7709856304892793,ANO,"sociální cítění,snaha pomoci druhým , přátelští"
1428,-0.2751275316127493,0.08825453552939172,Unknown,"Lidé, kteří politiku zas tolik neřeší. Zajímají se hlavně o své záležitosti a vědí, že jejich aktuální situace záleží primárně na nich samotných."
1429,-0.03661648920763731,0.801944514085352,ANO,Kazdy ma sve rozhodnuti a sve zajmy
1430,-0.16921299469251425,0.5968490719337085,ANO,normální lidé pracující a žijící normální život
1431,0.05484881629238629,-0.06512616188915742,Unknown,"těžko se popisuje. Jsou to lidé, kteří to mají v hlavě srovnané a Babiše by nikdy nevolili. Nejhorší je, ale že není koho volit. Všechny strany jsou jedna pakáž"
1432,0.0762416999082943,0.47323752740205705,SPD,"normální lidi, a opět pokud někoho zarytě nepřesvědčují o své pravdě jsou ok"
1433,-0.48569141250596076,-0.2990325833075491,Unknown,"Takový lidi se snaží o politice moc nemluvit, já to s nimi prostě neřeším."
1434,-0.4478950194329347,0.24988038778490124,KDU-CSL,"lidé, kteří vyznávají křesťanské hodnoty, se zdravým selským rozumem"
1435,-0.7638323212753245,-0.11933907550467998,Unknown,"nebudu nic popisovatnevidím v tom důležitost
"
1436,0.3307510838732397,0.488092101491364,KDU-CSL,"Neazjímají se moc o politiku a o stranách, lidech si zjišťují informace až těsně v termínu před volbami. Jsou konzervativní a neradi podstupují velké změny."
